geoid,lat,lon,lstf,lstf_serc,lstf_arc,ndvi,ndvi_serc,ndvi_arc,ndmi,ndmi_serc,ndmi_arc,lstf_temporal,ndvi_temporal,ndmi_temporal,elv_rel,elv,idx_row,idx_col,mdrdasp,mdrdconc,mdrdgrv,mdrdunp,mdconst,mdbldg,lstf_ndvi_corr,lstf_ndmi_corr,ndvi_ndmi_corr,lstf_ndvi_pval,lstf_ndmi_pval,ndvi_ndmi_pval,slope,tri,downhill_fraction,dom_angle_deg
424,30.818321228027344,-105.08573150634766,77.61,7.2,0.8,0.09,-0.01,0.0,,,,"[81.46,75.99,81.83,68.49,78.53,71.17,88.51,71.39,70.04,88.66]","[0.11,0.10,0.11,0.07,0.00,0.10,0.11,0.12,0.11,0.10]",,57.9,1209.7,0,424,,,,,,,0.06,,,0.86,,,,,,
425,30.818321228027344,-105.085693359375,77.63,7.15,0.79,0.09,-0.01,0.0,,,,"[81.54,76.06,81.88,68.29,78.57,71.23,88.56,71.41,70.05,88.69]","[0.11,0.10,0.11,0.07,0.00,0.10,0.11,0.12,0.11,0.10]",,57.12,1208.91,0,425,,,,,,,0.07,,,0.84,,,,,,
426,30.818321228027344,-105.08563232421875,77.63,7.14,0.79,0.09,-0.01,0.0,,,,"[81.55,76.07,81.89,68.27,78.57,71.24,88.57,71.41,70.05,88.69]","[0.11,0.10,0.11,0.07,0.00,0.10,0.11,0.12,0.11,0.10]",,56.32,1208.12,0,426,,,,,,,0.07,,,0.84,,,,,,
427,30.818321228027344,-105.0855941772461,77.63,7.14,0.79,0.09,-0.01,0.0,,,,"[81.55,76.07,81.89,68.27,78.57,71.24,88.57,71.41,70.05,88.69]","[0.11,0.10,0.11,0.07,0.00,0.10,0.11,0.12,0.11,0.10]",,55.5,1207.29,0,427,,,,,,,0.07,,,0.84,,,,,,
852,30.818279266357422,-105.08573150634766,77.61,7.2,0.8,0.09,-0.01,0.0,,,,"[81.46,75.99,81.83,68.49,78.53,71.17,88.51,71.39,70.04,88.66]","[0.11,0.10,0.11,0.07,0.00,0.10,0.11,0.12,0.11,0.10]",,57.66,1209.46,1,424,,,,,,,0.06,,,0.86,,,,,,
853,30.818279266357422,-105.085693359375,77.63,7.15,0.79,0.09,-0.01,0.0,,,,"[81.54,76.06,81.88,68.29,78.57,71.23,88.56,71.41,70.05,88.69]","[0.11,0.10,0.11,0.07,0.00,0.10,0.11,0.12,0.11,0.10]",,56.83,1208.63,1,425,,,,,,,0.07,,,0.84,,,,,,
854,30.818279266357422,-105.08563232421875,77.63,7.14,0.79,0.09,-0.01,0.0,,,,"[81.55,76.07,81.89,68.27,78.57,71.24,88.57,71.41,70.05,88.69]","[0.11,0.10,0.11,0.07,0.00,0.10,0.11,0.12,0.11,0.10]",,56.06,1207.86,1,426,,,,,,,0.07,,,0.84,,,,,,
855,30.818279266357422,-105.0855941772461,77.63,7.14,0.79,0.09,-0.01,0.0,,,,"[81.55,76.07,81.89,68.27,78.57,71.24,88.57,71.41,70.05,88.69]","[0.11,0.10,0.11,0.07,0.00,0.10,0.11,0.12,0.11,0.10]",,55.29,1207.09,1,427,,,,,,,0.07,,,0.84,,,,,,
1280,30.8182315826416,-105.08573150634766,77.61,7.2,0.8,0.09,-0.01,0.0,,,,"[81.46,75.99,81.83,68.49,78.53,71.17,88.51,71.39,70.04,88.66]","[0.11,0.10,0.11,0.07,0.00,0.10,0.11,0.12,0.11,0.10]",,57.31,1209.11,2,424,,,,,,,0.06,,,0.86,,,,,,
1281,30.8182315826416,-105.085693359375,77.63,7.15,0.79,0.09,-0.01,0.0,,,,"[81.54,76.06,81.88,68.29,78.57,71.23,88.56,71.41,70.05,88.69]","[0.11,0.10,0.11,0.07,0.00,0.10,0.11,0.12,0.11,0.10]",,56.56,1208.36,2,425,,,,,,,0.07,,,0.84,,,,,,
1282,30.8182315826416,-105.08563232421875,77.63,7.14,0.79,0.09,-0.01,0.0,,,,"[81.55,76.07,81.89,68.27,78.57,71.24,88.57,71.41,70.05,88.69]","[0.11,0.10,0.11,0.07,0.00,0.10,0.11,0.12,0.11,0.10]",,55.79,1207.59,2,426,,,,,,,0.07,,,0.84,,,,,,
1283,30.8182315826416,-105.0855941772461,77.63,7.14,0.79,0.09,-0.01,0.0,,,,"[81.55,76.07,81.89,68.27,78.57,71.24,88.57,71.41,70.05,88.69]","[0.11,0.10,0.11,0.07,0.00,0.10,0.11,0.12,0.11,0.10]",,54.99,1206.79,2,427,,,,,,,0.07,,,0.84,,,,,,
1708,30.818187713623047,-105.08573150634766,77.61,7.2,0.8,0.09,-0.01,0.0,,,,"[81.46,75.99,81.83,68.49,78.53,71.17,88.51,71.39,70.04,88.66]","[0.11,0.10,0.11,0.07,0.00,0.10,0.11,0.12,0.11,0.10]",,56.98,1208.78,3,424,,,,,,,0.06,,,0.86,,,,,,
1709,30.818187713623047,-105.085693359375,77.63,7.15,0.79,0.09,-0.01,0.0,,,,"[81.54,76.06,81.88,68.29,78.57,71.23,88.56,71.41,70.05,88.69]","[0.11,0.10,0.11,0.07,0.00,0.10,0.11,0.12,0.11,0.10]",,56.34,1208.14,3,425,,,,,,,0.07,,,0.84,,,,,,
1710,30.818187713623047,-105.08563232421875,77.63,7.14,0.79,0.09,-0.01,0.0,,,,"[81.55,76.07,81.89,68.27,78.57,71.24,88.57,71.41,70.05,88.69]","[0.11,0.10,0.11,0.07,0.00,0.10,0.11,0.12,0.11,0.10]",,55.68,1207.48,3,426,,,,,,,0.07,,,0.84,,,,,,
1711,30.818187713623047,-105.0855941772461,77.63,7.14,0.79,0.09,-0.01,0.0,,,,"[81.55,76.07,81.89,68.27,78.57,71.24,88.57,71.41,70.05,88.69]","[0.11,0.10,0.11,0.07,0.00,0.10,0.11,0.12,0.11,0.10]",,54.96,1206.76,3,427,,,,,,,0.07,,,0.84,,,,,,
2136,30.81814193725586,-105.08573150634766,77.61,7.2,0.8,0.09,-0.01,0.0,,,,"[81.46,75.99,81.83,68.49,78.53,71.17,88.51,71.39,70.04,88.66]","[0.11,0.10,0.11,0.07,0.00,0.10,0.11,0.12,0.11,0.10]",,56.65,1208.45,4,424,,,,,,,0.06,,,0.86,,,,,,
2137,30.81814193725586,-105.085693359375,77.63,7.15,0.79,0.09,-0.01,0.0,,,,"[81.54,76.06,81.88,68.29,78.57,71.23,88.56,71.41,70.05,88.69]","[0.11,0.10,0.11,0.07,0.00,0.10,0.11,0.12,0.11,0.10]",,56.06,1207.86,4,425,,,,,,,0.07,,,0.84,,,,,,
2138,30.81814193725586,-105.08563232421875,77.63,7.14,0.79,0.09,-0.01,0.0,,,,"[81.55,76.07,81.89,68.27,78.57,71.24,88.57,71.41,70.05,88.69]","[0.11,0.10,0.11,0.07,0.00,0.10,0.11,0.12,0.11,0.10]",,55.45,1207.25,4,426,,,,,,,0.07,,,0.84,,,,,,
2139,30.81814193725586,-105.0855941772461,77.63,7.14,0.79,0.09,-0.01,0.0,,,,"[81.55,76.07,81.89,68.27,78.57,71.24,88.57,71.41,70.05,88.69]","[0.11,0.10,0.11,0.07,0.00,0.10,0.11,0.12,0.11,0.10]",,54.76,1206.56,4,427,,,,,,,0.07,,,0.84,,,,,,
2564,30.818098068237305,-105.08573150634766,77.61,7.2,0.8,0.09,-0.01,0.0,,,,"[81.46,75.99,81.83,68.49,78.53,71.17,88.51,71.39,70.04,88.66]","[0.11,0.10,0.11,0.07,0.00,0.10,0.11,0.12,0.11,0.10]",,56.25,1208.05,5,424,,,,,,,0.06,,,0.86,,,,,,
2565,30.818098068237305,-105.085693359375,77.63,7.15,0.79,0.09,-0.01,0.0,,,,"[81.54,76.06,81.88,68.29,78.57,71.23,88.56,71.41,70.05,88.69]","[0.11,0.10,0.11,0.07,0.00,0.10,0.11,0.12,0.11,0.10]",,55.71,1207.51,5,425,,,,,,,0.07,,,0.84,,,,,,
2566,30.818098068237305,-105.08563232421875,77.63,7.14,0.79,0.09,-0.01,0.0,,,,"[81.55,76.07,81.89,68.27,78.57,71.24,88.57,71.41,70.05,88.69]","[0.11,0.10,0.11,0.07,0.00,0.10,0.11,0.12,0.11,0.10]",,55.15,1206.95,5,426,,,,,,,0.07,,,0.84,,,,,,
2567,30.818098068237305,-105.0855941772461,77.63,7.14,0.79,0.09,-0.01,0.0,,,,"[81.55,76.07,81.89,68.27,78.57,71.24,88.57,71.41,70.05,88.69]","[0.11,0.10,0.11,0.07,0.00,0.10,0.11,0.12,0.11,0.10]",,54.51,1206.31,5,427,,,,,,,0.07,,,0.84,,,,,,
2992,30.818052291870117,-105.08573150634766,77.61,7.2,0.8,0.09,-0.01,0.0,,,,"[81.46,75.99,81.83,68.49,78.53,71.17,88.51,71.39,70.04,88.66]","[0.11,0.10,0.11,0.07,0.00,0.10,0.11,0.12,0.11,0.10]",,55.78,1207.58,6,424,,,,,,,0.06,,,0.86,,,,,,
2993,30.818052291870117,-105.085693359375,77.63,7.15,0.79,0.09,-0.01,0.0,,,,"[81.54,76.06,81.88,68.29,78.57,71.23,88.56,71.41,70.05,88.69]","[0.11,0.10,0.11,0.07,0.00,0.10,0.11,0.12,0.11,0.10]",,55.33,1207.13,6,425,,,,,,,0.07,,,0.84,,,,,,
2994,30.818052291870117,-105.08563232421875,77.63,7.14,0.79,0.09,-0.01,0.0,,,,"[81.55,76.07,81.89,68.27,78.57,71.24,88.57,71.41,70.05,88.69]","[0.11,0.10,0.11,0.07,0.00,0.10,0.11,0.12,0.11,0.10]",,54.78,1206.58,6,426,,,,,,,0.07,,,0.84,,,,,,
2995,30.818052291870117,-105.0855941772461,77.63,7.14,0.79,0.09,-0.01,0.0,,,,"[81.55,76.07,81.89,68.27,78.57,71.24,88.57,71.41,70.05,88.69]","[0.11,0.10,0.11,0.07,0.00,0.10,0.11,0.12,0.11,0.10]",,54.15,1205.95,6,427,,,,,,,0.07,,,0.84,,,,,,
3420,30.818008422851562,-105.08573150634766,77.61,7.2,0.8,0.09,-0.01,0.0,,,,"[81.46,75.99,81.83,68.49,78.53,71.17,88.51,71.39,70.04,88.66]","[0.11,0.10,0.11,0.07,0.00,0.10,0.11,0.12,0.11,0.10]",,55.32,1207.12,7,424,,,,,,,0.06,,,0.86,,,,,,
3421,30.818008422851562,-105.085693359375,77.63,7.15,0.79,0.09,-0.01,0.0,,,,"[81.54,76.06,81.88,68.29,78.57,71.23,88.56,71.41,70.05,88.69]","[0.11,0.10,0.11,0.07,0.00,0.10,0.11,0.12,0.11,0.10]",,54.91,1206.71,7,425,,,,,,,0.07,,,0.84,,,,,,
3422,30.818008422851562,-105.08563232421875,77.63,7.14,0.79,0.09,-0.01,0.0,,,,"[81.55,76.07,81.89,68.27,78.57,71.24,88.57,71.41,70.05,88.69]","[0.11,0.10,0.11,0.07,0.00,0.10,0.11,0.12,0.11,0.10]",,54.38,1206.18,7,426,,,,,,,0.07,,,0.84,,,,,,
3423,30.818008422851562,-105.0855941772461,77.63,7.14,0.79,0.09,-0.01,0.0,,,,"[81.55,76.07,81.89,68.27,78.57,71.24,88.57,71.41,70.05,88.69]","[0.11,0.10,0.11,0.07,0.00,0.10,0.11,0.12,0.11,0.10]",,53.79,1205.59,7,427,,,,,,,0.07,,,0.84,,,,,,
3848,30.817964553833008,-105.08573150634766,77.61,7.2,0.8,0.09,-0.01,0.0,,,,"[81.46,75.99,81.83,68.49,78.53,71.17,88.51,71.39,70.04,88.66]","[0.11,0.10,0.11,0.07,0.00,0.10,0.11,0.12,0.11,0.10]",,54.82,1206.62,8,424,,,,,,,0.06,,,0.86,,,,,,
3849,30.817964553833008,-105.085693359375,77.63,7.15,0.79,0.09,-0.01,0.0,,,,"[81.54,76.06,81.88,68.29,78.57,71.23,88.56,71.41,70.05,88.69]","[0.11,0.10,0.11,0.07,0.00,0.10,0.11,0.12,0.11,0.10]",,54.42,1206.22,8,425,,,,,,,0.07,,,0.84,,,,,,
3850,30.817964553833008,-105.08563232421875,77.63,7.14,0.79,0.09,-0.01,0.0,,,,"[81.55,76.07,81.89,68.27,78.57,71.24,88.57,71.41,70.05,88.69]","[0.11,0.10,0.11,0.07,0.00,0.10,0.11,0.12,0.11,0.10]",,53.97,1205.77,8,426,,,,,,,0.07,,,0.84,,,,,,
3851,30.817964553833008,-105.0855941772461,77.63,7.14,0.79,0.09,-0.01,0.0,,,,"[81.55,76.07,81.89,68.27,78.57,71.24,88.57,71.41,70.05,88.69]","[0.11,0.10,0.11,0.07,0.00,0.10,0.11,0.12,0.11,0.10]",,53.43,1205.22,8,427,,,,,,,0.07,,,0.84,,,,,,
4276,30.817916870117188,-105.08573150634766,77.61,7.2,0.8,0.09,-0.01,0.0,-0.16,0.02,0.0,"[81.46,75.99,81.83,68.49,78.53,71.17,88.51,71.39,70.04,88.66]","[0.11,0.10,0.11,0.07,0.00,0.10,0.11,0.12,0.11,0.10]","[-0.21,-0.20,-0.19,-0.01,-0.07,-0.20,-0.19,-0.18,-0.20,-0.19]",54.39,1206.19,9,424,,,,,,,0.07,-0.32,-0.74,0.86,0.37,0.01,,,,
4276,30.817916870117188,-105.08573150634766,77.61,7.2,0.8,0.09,-0.01,0.0,-0.16,0.02,0.0,"[81.46,75.99,81.83,68.49,78.53,71.17,88.51,71.39,70.04,88.66]","[0.11,0.10,0.11,0.07,0.00,0.10,0.11,0.12,0.11,0.10]","[-0.21,-0.20,-0.19,-0.01,-0.07,-0.20,-0.19,-0.18,-0.20,-0.19]",54.39,1206.19,9,424,,,,,,,0.07,-0.32,-0.74,0.86,0.37,0.01,,,,
4277,30.817916870117188,-105.085693359375,77.63,7.15,0.79,0.09,-0.01,0.0,-0.17,0.02,0.0,"[81.54,76.06,81.88,68.29,78.57,71.23,88.56,71.41,70.05,88.69]","[0.11,0.10,0.11,0.07,0.00,0.10,0.11,0.12,0.11,0.10]","[-0.22,-0.21,-0.19,-0.02,-0.08,-0.21,-0.19,-0.19,-0.21,-0.20]",54.0,1205.8,9,425,,,,,,,0.08,-0.32,-0.73,0.84,0.37,0.02,,,,
4277,30.817916870117188,-105.085693359375,77.63,7.15,0.79,0.09,-0.01,0.0,-0.17,0.02,0.0,"[81.54,76.06,81.88,68.29,78.57,71.23,88.56,71.41,70.05,88.69]","[0.11,0.10,0.11,0.07,0.00,0.10,0.11,0.12,0.11,0.10]","[-0.22,-0.21,-0.19,-0.02,-0.08,-0.21,-0.19,-0.19,-0.21,-0.20]",54.0,1205.8,9,425,,,,,,,0.08,-0.32,-0.73,0.84,0.37,0.02,,,,
4278,30.817916870117188,-105.08563232421875,77.63,7.14,0.79,0.09,-0.01,0.0,-0.17,0.02,0.0,"[81.55,76.07,81.89,68.27,78.57,71.24,88.57,71.41,70.05,88.69]","[0.11,0.10,0.11,0.07,0.00,0.10,0.11,0.12,0.11,0.10]","[-0.22,-0.21,-0.19,-0.02,-0.08,-0.21,-0.19,-0.19,-0.21,-0.20]",53.61,1205.41,9,426,,,,,,,0.08,-0.32,-0.73,0.83,0.37,0.02,,,,
4278,30.817916870117188,-105.08563232421875,77.63,7.14,0.79,0.09,-0.01,0.0,-0.17,0.02,0.0,"[81.55,76.07,81.89,68.27,78.57,71.24,88.57,71.41,70.05,88.69]","[0.11,0.10,0.11,0.07,0.00,0.10,0.11,0.12,0.11,0.10]","[-0.22,-0.21,-0.19,-0.02,-0.08,-0.21,-0.19,-0.19,-0.21,-0.20]",53.61,1205.41,9,426,,,,,,,0.08,-0.32,-0.73,0.83,0.37,0.02,,,,
4279,30.817916870117188,-105.0855941772461,77.63,7.14,0.79,0.09,-0.01,0.0,-0.17,0.02,0.0,"[81.55,76.07,81.89,68.27,78.57,71.24,88.57,71.41,70.05,88.69]","[0.11,0.10,0.11,0.07,0.00,0.10,0.11,0.12,0.11,0.10]","[-0.22,-0.21,-0.19,-0.02,-0.08,-0.21,-0.19,-0.19,-0.21,-0.20]",53.17,1204.97,9,427,,,,,,,0.08,-0.32,-0.73,0.83,0.37,0.02,,,,
4279,30.817916870117188,-105.0855941772461,77.63,7.14,0.79,0.09,-0.01,0.0,-0.17,0.02,0.0,"[81.55,76.07,81.89,68.27,78.57,71.24,88.57,71.41,70.05,88.69]","[0.11,0.10,0.11,0.07,0.00,0.10,0.11,0.12,0.11,0.10]","[-0.22,-0.21,-0.19,-0.02,-0.08,-0.21,-0.19,-0.19,-0.21,-0.20]",53.17,1204.97,9,427,,,,,,,0.08,-0.32,-0.73,0.83,0.37,0.02,,,,
4704,30.817873001098633,-105.08573150634766,77.61,7.2,0.8,0.09,-0.01,0.0,-0.14,0.02,0.0,"[81.46,75.99,81.83,68.49,78.53,71.17,88.51,71.39,70.04,88.66]","[0.11,0.10,0.11,0.07,0.00,0.10,0.11,0.12,0.11,0.10]","[-0.19,-0.18,-0.17,0.01,-0.04,-0.18,-0.16,-0.16,-0.18,-0.17]",54.09,1205.89,10,424,,,,,,,0.07,-0.33,-0.74,0.84,0.36,0.01,,,,
4704,30.817873001098633,-105.08573150634766,77.61,7.2,0.8,0.09,-0.01,0.0,-0.14,0.02,0.0,"[81.46,75.99,81.83,68.49,78.53,71.17,88.51,71.39,70.04,88.66]","[0.11,0.10,0.11,0.07,0.00,0.10,0.11,0.12,0.11,0.10]","[-0.19,-0.18,-0.17,0.01,-0.04,-0.18,-0.16,-0.16,-0.18,-0.17]",54.09,1205.89,10,424,,,,,,,0.07,-0.33,-0.74,0.84,0.36,0.01,,,,
4705,30.817873001098633,-105.085693359375,77.63,7.15,0.79,0.09,-0.01,0.0,-0.15,0.02,0.0,"[81.54,76.06,81.88,68.29,78.57,71.23,88.56,71.41,70.05,88.69]","[0.11,0.10,0.11,0.07,0.00,0.10,0.11,0.12,0.11,0.10]","[-0.20,-0.18,-0.17,0.01,-0.05,-0.18,-0.17,-0.17,-0.19,-0.18]",53.79,1205.59,10,425,,,,,,,0.08,-0.33,-0.73,0.82,0.35,0.02,,,,
4705,30.817873001098633,-105.085693359375,77.63,7.15,0.79,0.09,-0.01,0.0,-0.15,0.02,0.0,"[81.54,76.06,81.88,68.29,78.57,71.23,88.56,71.41,70.05,88.69]","[0.11,0.10,0.11,0.07,0.00,0.10,0.11,0.12,0.11,0.10]","[-0.20,-0.18,-0.17,0.01,-0.05,-0.18,-0.17,-0.17,-0.19,-0.18]",53.79,1205.59,10,425,,,,,,,0.08,-0.33,-0.73,0.82,0.35,0.02,,,,
4706,30.817873001098633,-105.08563232421875,77.63,7.14,0.79,0.09,-0.01,0.0,-0.15,0.02,0.0,"[81.55,76.07,81.89,68.27,78.57,71.24,88.57,71.41,70.05,88.69]","[0.11,0.10,0.11,0.07,0.00,0.10,0.11,0.12,0.11,0.10]","[-0.20,-0.19,-0.17,0.01,-0.06,-0.19,-0.17,-0.17,-0.19,-0.18]",53.41,1205.21,10,426,,,,,,,0.08,-0.33,-0.73,0.82,0.35,0.02,,,,
4706,30.817873001098633,-105.08563232421875,77.63,7.14,0.79,0.09,-0.01,0.0,-0.15,0.02,0.0,"[81.55,76.07,81.89,68.27,78.57,71.24,88.57,71.41,70.05,88.69]","[0.11,0.10,0.11,0.07,0.00,0.10,0.11,0.12,0.11,0.10]","[-0.20,-0.19,-0.17,0.01,-0.06,-0.19,-0.17,-0.17,-0.19,-0.18]",53.41,1205.21,10,426,,,,,,,0.08,-0.33,-0.73,0.82,0.35,0.02,,,,
4707,30.817873001098633,-105.0855941772461,77.63,7.14,0.79,0.09,-0.01,0.0,-0.15,0.02,0.0,"[81.55,76.07,81.89,68.27,78.57,71.24,88.57,71.41,70.05,88.69]","[0.11,0.10,0.11,0.07,0.00,0.10,0.11,0.12,0.11,0.10]","[-0.20,-0.19,-0.17,0.01,-0.06,-0.19,-0.17,-0.17,-0.19,-0.18]",53.04,1204.84,10,427,,,,,,,0.08,-0.33,-0.73,0.82,0.35,0.02,,,,
4707,30.817873001098633,-105.0855941772461,77.63,7.14,0.79,0.09,-0.01,0.0,-0.15,0.02,0.0,"[81.55,76.07,81.89,68.27,78.57,71.24,88.57,71.41,70.05,88.69]","[0.11,0.10,0.11,0.07,0.00,0.10,0.11,0.12,0.11,0.10]","[-0.20,-0.19,-0.17,0.01,-0.06,-0.19,-0.17,-0.17,-0.19,-0.18]",53.04,1204.84,10,427,,,,,,,0.08,-0.33,-0.73,0.82,0.35,0.02,,,,
5132,30.817827224731445,-105.08573150634766,77.61,7.2,0.8,0.09,-0.01,0.0,-0.12,0.02,0.0,"[81.46,75.99,81.83,68.49,78.53,71.17,88.51,71.39,70.04,88.66]","[0.11,0.10,0.11,0.07,0.00,0.10,0.11,0.12,0.11,0.10]","[-0.17,-0.16,-0.14,0.04,-0.02,-0.15,-0.14,-0.14,-0.15,-0.15]",53.89,1205.69,11,424,,,,,,,0.08,-0.34,-0.74,0.83,0.34,0.01,,,,
5132,30.817827224731445,-105.08573150634766,77.61,7.2,0.8,0.09,-0.01,0.0,-0.12,0.02,0.0,"[81.46,75.99,81.83,68.49,78.53,71.17,88.51,71.39,70.04,88.66]","[0.11,0.10,0.11,0.07,0.00,0.10,0.11,0.12,0.11,0.10]","[-0.17,-0.16,-0.14,0.04,-0.02,-0.15,-0.14,-0.14,-0.15,-0.15]",53.89,1205.69,11,424,,,,,,,0.08,-0.34,-0.74,0.83,0.34,0.01,,,,
5133,30.817827224731445,-105.085693359375,77.63,7.15,0.79,0.09,-0.01,0.0,-0.13,0.02,0.0,"[81.54,76.06,81.88,68.29,78.57,71.23,88.56,71.41,70.05,88.69]","[0.11,0.10,0.11,0.07,0.00,0.10,0.11,0.12,0.11,0.10]","[-0.17,-0.16,-0.15,0.03,-0.03,-0.16,-0.15,-0.15,-0.16,-0.16]",53.63,1205.43,11,425,,,,,,,0.09,-0.34,-0.73,0.81,0.34,0.02,,,,
5133,30.817827224731445,-105.085693359375,77.63,7.15,0.79,0.09,-0.01,0.0,-0.13,0.02,0.0,"[81.54,76.06,81.88,68.29,78.57,71.23,88.56,71.41,70.05,88.69]","[0.11,0.10,0.11,0.07,0.00,0.10,0.11,0.12,0.11,0.10]","[-0.17,-0.16,-0.15,0.03,-0.03,-0.16,-0.15,-0.15,-0.16,-0.16]",53.63,1205.43,11,425,,,,,,,0.09,-0.34,-0.73,0.81,0.34,0.02,,,,
5134,30.817827224731445,-105.08563232421875,77.63,7.14,0.79,0.09,-0.01,0.0,-0.13,0.02,0.0,"[81.55,76.07,81.89,68.27,78.57,71.24,88.57,71.41,70.05,88.69]","[0.11,0.10,0.11,0.07,0.00,0.10,0.11,0.12,0.11,0.10]","[-0.17,-0.16,-0.15,0.03,-0.03,-0.16,-0.15,-0.15,-0.16,-0.16]",53.3,1205.1,11,426,,,,,,,0.09,-0.34,-0.73,0.81,0.34,0.02,,,,
5134,30.817827224731445,-105.08563232421875,77.63,7.14,0.79,0.09,-0.01,0.0,-0.13,0.02,0.0,"[81.55,76.07,81.89,68.27,78.57,71.24,88.57,71.41,70.05,88.69]","[0.11,0.10,0.11,0.07,0.00,0.10,0.11,0.12,0.11,0.10]","[-0.17,-0.16,-0.15,0.03,-0.03,-0.16,-0.15,-0.15,-0.16,-0.16]",53.3,1205.1,11,426,,,,,,,0.09,-0.34,-0.73,0.81,0.34,0.02,,,,
5135,30.817827224731445,-105.0855941772461,77.63,7.14,0.79,0.09,-0.01,0.0,-0.13,0.02,0.0,"[81.55,76.07,81.89,68.27,78.57,71.24,88.57,71.41,70.05,88.69]","[0.11,0.10,0.11,0.07,0.00,0.10,0.11,0.12,0.11,0.10]","[-0.17,-0.16,-0.15,0.03,-0.03,-0.16,-0.15,-0.15,-0.16,-0.16]",52.89,1204.68,11,427,,,,,,,0.09,-0.34,-0.73,0.81,0.34,0.02,,,,
5135,30.817827224731445,-105.0855941772461,77.63,7.14,0.79,0.09,-0.01,0.0,-0.13,0.02,0.0,"[81.55,76.07,81.89,68.27,78.57,71.24,88.57,71.41,70.05,88.69]","[0.11,0.10,0.11,0.07,0.00,0.10,0.11,0.12,0.11,0.10]","[-0.17,-0.16,-0.15,0.03,-0.03,-0.16,-0.15,-0.15,-0.16,-0.16]",52.89,1204.68,11,427,,,,,,,0.09,-0.34,-0.73,0.81,0.34,0.02,,,,
5560,30.81778335571289,-105.08573150634766,77.61,7.2,0.8,0.09,-0.01,0.0,-0.09,0.02,0.0,"[81.46,75.99,81.83,68.49,78.53,71.17,88.51,71.39,70.04,88.66]","[0.11,0.10,0.11,0.07,0.00,0.10,0.11,0.12,0.10,0.10]","[-0.14,-0.13,-0.12,0.06,0.01,-0.13,-0.12,-0.12,-0.13,-0.13]",53.69,1205.49,12,424,,,,,,,0.08,-0.34,-0.74,0.82,0.33,0.02,,,,
5560,30.81778335571289,-105.08573150634766,77.61,7.2,0.8,0.09,-0.01,0.0,-0.09,0.02,0.0,"[81.46,75.99,81.83,68.49,78.53,71.17,88.51,71.39,70.04,88.66]","[0.11,0.10,0.11,0.07,0.00,0.10,0.11,0.12,0.10,0.10]","[-0.14,-0.13,-0.12,0.06,0.01,-0.13,-0.12,-0.12,-0.13,-0.13]",53.69,1205.49,12,424,,,,,,,0.08,-0.34,-0.74,0.82,0.33,0.02,,,,
5561,30.81778335571289,-105.085693359375,77.63,7.15,0.79,0.09,-0.01,0.0,-0.1,0.01,0.0,"[81.54,76.06,81.88,68.29,78.57,71.23,88.56,71.41,70.05,88.69]","[0.11,0.10,0.11,0.07,0.00,0.10,0.11,0.12,0.10,0.10]","[-0.15,-0.13,-0.12,0.06,-0.00,-0.13,-0.12,-0.12,-0.14,-0.13]",53.45,1205.25,12,425,,,,,,,0.09,-0.35,-0.73,0.8,0.32,0.02,,,,
5561,30.81778335571289,-105.085693359375,77.63,7.15,0.79,0.09,-0.01,0.0,-0.1,0.01,0.0,"[81.54,76.06,81.88,68.29,78.57,71.23,88.56,71.41,70.05,88.69]","[0.11,0.10,0.11,0.07,0.00,0.10,0.11,0.12,0.10,0.10]","[-0.15,-0.13,-0.12,0.06,-0.00,-0.13,-0.12,-0.12,-0.14,-0.13]",53.45,1205.25,12,425,,,,,,,0.09,-0.35,-0.73,0.8,0.32,0.02,,,,
5562,30.81778335571289,-105.08563232421875,77.63,7.14,0.79,0.09,-0.01,0.0,-0.1,0.01,0.0,"[81.55,76.07,81.89,68.27,78.57,71.24,88.57,71.41,70.05,88.69]","[0.11,0.10,0.11,0.07,0.00,0.10,0.11,0.12,0.10,0.10]","[-0.15,-0.13,-0.12,0.06,-0.00,-0.13,-0.12,-0.12,-0.14,-0.13]",53.16,1204.95,12,426,,,,,,,0.09,-0.35,-0.73,0.8,0.32,0.02,,,,
5562,30.81778335571289,-105.08563232421875,77.63,7.14,0.79,0.09,-0.01,0.0,-0.1,0.01,0.0,"[81.55,76.07,81.89,68.27,78.57,71.24,88.57,71.41,70.05,88.69]","[0.11,0.10,0.11,0.07,0.00,0.10,0.11,0.12,0.10,0.10]","[-0.15,-0.13,-0.12,0.06,-0.00,-0.13,-0.12,-0.12,-0.14,-0.13]",53.16,1204.95,12,426,,,,,,,0.09,-0.35,-0.73,0.8,0.32,0.02,,,,
5563,30.81778335571289,-105.0855941772461,77.63,7.14,0.79,0.09,-0.01,0.0,-0.1,0.01,0.0,"[81.55,76.07,81.89,68.27,78.57,71.24,88.57,71.41,70.05,88.69]","[0.11,0.10,0.11,0.07,0.00,0.10,0.11,0.12,0.10,0.10]","[-0.15,-0.13,-0.12,0.06,-0.00,-0.13,-0.12,-0.12,-0.14,-0.13]",52.73,1204.53,12,427,,,,,,,0.09,-0.35,-0.73,0.8,0.32,0.02,,,,
5563,30.81778335571289,-105.0855941772461,77.63,7.14,0.79,0.09,-0.01,0.0,-0.1,0.01,0.0,"[81.55,76.07,81.89,68.27,78.57,71.24,88.57,71.41,70.05,88.69]","[0.11,0.10,0.11,0.07,0.00,0.10,0.11,0.12,0.10,0.10]","[-0.15,-0.13,-0.12,0.06,-0.00,-0.13,-0.12,-0.12,-0.14,-0.13]",52.73,1204.53,12,427,,,,,,,0.09,-0.35,-0.73,0.8,0.32,0.02,,,,
5988,30.817739486694336,-105.08573150634766,77.61,7.2,0.8,0.09,-0.01,0.0,-0.07,0.01,0.0,"[81.46,75.99,81.83,68.49,78.53,71.17,88.51,71.39,70.04,88.66]","[0.11,0.10,0.11,0.07,0.00,0.10,0.11,0.12,0.10,0.10]","[-0.12,-0.10,-0.10,0.09,0.03,-0.10,-0.09,-0.09,-0.10,-0.10]",53.39,1205.19,13,424,,,,,,,0.09,-0.35,-0.74,0.8,0.32,0.02,,,,
5988,30.817739486694336,-105.08573150634766,77.61,7.2,0.8,0.09,-0.01,0.0,-0.07,0.01,0.0,"[81.46,75.99,81.83,68.49,78.53,71.17,88.51,71.39,70.04,88.66]","[0.11,0.10,0.11,0.07,0.00,0.10,0.11,0.12,0.10,0.10]","[-0.12,-0.10,-0.10,0.09,0.03,-0.10,-0.09,-0.09,-0.10,-0.10]",53.39,1205.19,13,424,,,,,,,0.09,-0.35,-0.74,0.8,0.32,0.02,,,,
5989,30.817739486694336,-105.085693359375,77.63,7.15,0.79,0.09,-0.01,0.0,-0.07,0.01,0.0,"[81.54,76.06,81.88,68.29,78.57,71.23,88.56,71.41,70.05,88.69]","[0.11,0.10,0.11,0.07,0.00,0.10,0.11,0.12,0.10,0.10]","[-0.12,-0.11,-0.10,0.09,0.02,-0.11,-0.10,-0.10,-0.11,-0.11]",53.21,1205.01,13,425,,,,,,,0.1,-0.36,-0.73,0.79,0.31,0.02,,,,
5989,30.817739486694336,-105.085693359375,77.63,7.15,0.79,0.09,-0.01,0.0,-0.07,0.01,0.0,"[81.54,76.06,81.88,68.29,78.57,71.23,88.56,71.41,70.05,88.69]","[0.11,0.10,0.11,0.07,0.00,0.10,0.11,0.12,0.10,0.10]","[-0.12,-0.11,-0.10,0.09,0.02,-0.11,-0.10,-0.10,-0.11,-0.11]",53.21,1205.01,13,425,,,,,,,0.1,-0.36,-0.73,0.79,0.31,0.02,,,,
5990,30.817739486694336,-105.08563232421875,77.63,7.14,0.79,0.09,-0.01,0.0,-0.07,0.01,0.0,"[81.55,76.07,81.89,68.27,78.57,71.24,88.57,71.41,70.05,88.69]","[0.11,0.10,0.11,0.07,0.00,0.10,0.11,0.12,0.10,0.10]","[-0.12,-0.11,-0.10,0.09,0.02,-0.11,-0.10,-0.10,-0.11,-0.11]",52.9,1204.7,13,426,,,,,,,0.1,-0.36,-0.73,0.79,0.31,0.02,,,,
5990,30.817739486694336,-105.08563232421875,77.63,7.14,0.79,0.09,-0.01,0.0,-0.07,0.01,0.0,"[81.55,76.07,81.89,68.27,78.57,71.24,88.57,71.41,70.05,88.69]","[0.11,0.10,0.11,0.07,0.00,0.10,0.11,0.12,0.10,0.10]","[-0.12,-0.11,-0.10,0.09,0.02,-0.11,-0.10,-0.10,-0.11,-0.11]",52.9,1204.7,13,426,,,,,,,0.1,-0.36,-0.73,0.79,0.31,0.02,,,,
5991,30.817739486694336,-105.0855941772461,77.63,7.14,0.79,0.09,-0.01,0.0,-0.07,0.01,0.0,"[81.55,76.07,81.89,68.27,78.57,71.24,88.57,71.41,70.05,88.69]","[0.11,0.10,0.11,0.07,0.00,0.10,0.11,0.12,0.10,0.10]","[-0.12,-0.11,-0.10,0.09,0.02,-0.11,-0.10,-0.10,-0.11,-0.11]",52.45,1204.25,13,427,,,,,,,0.1,-0.36,-0.73,0.79,0.31,0.02,,,,
5991,30.817739486694336,-105.0855941772461,77.63,7.14,0.79,0.09,-0.01,0.0,-0.07,0.01,0.0,"[81.55,76.07,81.89,68.27,78.57,71.24,88.57,71.41,70.05,88.69]","[0.11,0.10,0.11,0.07,0.00,0.10,0.11,0.12,0.10,0.10]","[-0.12,-0.11,-0.10,0.09,0.02,-0.11,-0.10,-0.10,-0.11,-0.11]",52.45,1204.25,13,427,,,,,,,0.1,-0.36,-0.73,0.79,0.31,0.02,,,,
6416,30.81769371032715,-105.08573150634766,77.61,7.2,0.8,0.09,-0.01,0.0,-0.04,0.01,0.0,"[81.46,75.99,81.83,68.49,78.53,71.17,88.51,71.39,70.04,88.66]","[0.11,0.10,0.11,0.07,0.00,0.10,0.11,0.12,0.10,0.10]","[-0.09,-0.08,-0.07,0.12,0.06,-0.07,-0.07,-0.07,-0.08,-0.08]",53.01,1204.8,14,424,,,,,,,0.1,-0.36,-0.73,0.79,0.3,0.02,,,,
6416,30.81769371032715,-105.08573150634766,77.61,7.2,0.8,0.09,-0.01,0.0,-0.04,0.01,0.0,"[81.46,75.99,81.83,68.49,78.53,71.17,88.51,71.39,70.04,88.66]","[0.11,0.10,0.11,0.07,0.00,0.10,0.11,0.12,0.10,0.10]","[-0.09,-0.08,-0.07,0.12,0.06,-0.07,-0.07,-0.07,-0.08,-0.08]",53.01,1204.8,14,424,,,,,,,0.1,-0.36,-0.73,0.79,0.3,0.02,,,,
6417,30.81769371032715,-105.085693359375,77.63,7.15,0.79,0.09,-0.01,0.0,-0.05,0.01,0.0,"[81.54,76.06,81.88,68.29,78.57,71.23,88.56,71.41,70.05,88.69]","[0.11,0.10,0.11,0.07,0.00,0.10,0.11,0.12,0.10,0.10]","[-0.10,-0.08,-0.08,0.12,0.05,-0.08,-0.08,-0.08,-0.09,-0.09]",52.83,1204.63,14,425,,,,,,,0.1,-0.37,-0.73,0.78,0.3,0.02,,,,
6417,30.81769371032715,-105.085693359375,77.63,7.15,0.79,0.09,-0.01,0.0,-0.05,0.01,0.0,"[81.54,76.06,81.88,68.29,78.57,71.23,88.56,71.41,70.05,88.69]","[0.11,0.10,0.11,0.07,0.00,0.10,0.11,0.12,0.10,0.10]","[-0.10,-0.08,-0.08,0.12,0.05,-0.08,-0.08,-0.08,-0.09,-0.09]",52.83,1204.63,14,425,,,,,,,0.1,-0.37,-0.73,0.78,0.3,0.02,,,,
6418,30.81769371032715,-105.08563232421875,77.63,7.14,0.79,0.09,-0.01,0.0,-0.05,0.01,0.0,"[81.55,76.07,81.89,68.27,78.57,71.24,88.57,71.41,70.05,88.69]","[0.11,0.10,0.11,0.07,0.00,0.10,0.11,0.12,0.10,0.10]","[-0.10,-0.08,-0.08,0.12,0.05,-0.08,-0.08,-0.08,-0.09,-0.09]",52.48,1204.28,14,426,,,,,,,0.1,-0.37,-0.73,0.78,0.3,0.02,,,,
6418,30.81769371032715,-105.08563232421875,77.63,7.14,0.79,0.09,-0.01,0.0,-0.05,0.01,0.0,"[81.55,76.07,81.89,68.27,78.57,71.24,88.57,71.41,70.05,88.69]","[0.11,0.10,0.11,0.07,0.00,0.10,0.11,0.12,0.10,0.10]","[-0.10,-0.08,-0.08,0.12,0.05,-0.08,-0.08,-0.08,-0.09,-0.09]",52.48,1204.28,14,426,,,,,,,0.1,-0.37,-0.73,0.78,0.3,0.02,,,,
6419,30.81769371032715,-105.0855941772461,77.63,7.14,0.79,0.09,-0.01,0.0,-0.05,0.01,0.0,"[81.55,76.07,81.89,68.27,78.57,71.24,88.57,71.41,70.05,88.69]","[0.11,0.10,0.11,0.07,0.00,0.10,0.11,0.12,0.10,0.10]","[-0.10,-0.08,-0.08,0.12,0.05,-0.08,-0.08,-0.08,-0.09,-0.09]",52.09,1203.89,14,427,,,,,,,0.1,-0.37,-0.73,0.78,0.3,0.02,,,,
6419,30.81769371032715,-105.0855941772461,77.63,7.14,0.79,0.09,-0.01,0.0,-0.05,0.01,0.0,"[81.55,76.07,81.89,68.27,78.57,71.24,88.57,71.41,70.05,88.69]","[0.11,0.10,0.11,0.07,0.00,0.10,0.11,0.12,0.10,0.10]","[-0.10,-0.08,-0.08,0.12,0.05,-0.08,-0.08,-0.08,-0.09,-0.09]",52.09,1203.89,14,427,,,,,,,0.1,-0.37,-0.73,0.78,0.3,0.02,,,,
6844,30.817649841308594,-105.08573150634766,77.6,7.18,0.8,0.09,-0.01,0.0,-0.02,0.01,0.0,"[81.47,76.01,81.83,68.43,78.53,71.18,88.51,71.40,70.04,88.65]","[0.11,0.10,0.11,0.07,0.00,0.10,0.11,0.12,0.10,0.10]","[-0.07,-0.06,-0.05,0.14,0.08,-0.05,-0.05,-0.05,-0.06,-0.06]",52.46,1204.26,15,424,,,,,,,0.1,-0.37,-0.73,0.78,0.29,0.02,,,,
6844,30.817649841308594,-105.08573150634766,77.6,7.18,0.8,0.09,-0.01,0.0,-0.02,0.01,0.0,"[81.47,76.01,81.83,68.43,78.53,71.18,88.51,71.40,70.04,88.65]","[0.11,0.10,0.11,0.07,0.00,0.10,0.11,0.12,0.10,0.10]","[-0.07,-0.06,-0.05,0.14,0.08,-0.05,-0.05,-0.05,-0.06,-0.06]",52.46,1204.26,15,424,,,,,,,0.1,-0.37,-0.73,0.78,0.29,0.02,,,,
6845,30.817649841308594,-105.085693359375,77.62,7.13,0.79,0.09,-0.01,0.0,-0.03,0.01,0.0,"[81.54,76.08,81.89,68.23,78.57,71.24,88.56,71.41,70.05,88.68]","[0.11,0.10,0.11,0.07,0.00,0.10,0.11,0.12,0.10,0.10]","[-0.08,-0.06,-0.06,0.14,0.07,-0.06,-0.06,-0.06,-0.07,-0.07]",52.27,1204.07,15,425,,,,,,,0.11,-0.38,-0.73,0.77,0.28,0.02,,,,
6845,30.817649841308594,-105.085693359375,77.62,7.13,0.79,0.09,-0.01,0.0,-0.03,0.01,0.0,"[81.54,76.08,81.89,68.23,78.57,71.24,88.56,71.41,70.05,88.68]","[0.11,0.10,0.11,0.07,0.00,0.10,0.11,0.12,0.10,0.10]","[-0.08,-0.06,-0.06,0.14,0.07,-0.06,-0.06,-0.06,-0.07,-0.07]",52.27,1204.07,15,425,,,,,,,0.11,-0.38,-0.73,0.77,0.28,0.02,,,,
6846,30.817649841308594,-105.08563232421875,77.63,7.13,0.79,0.09,-0.01,0.0,-0.03,0.01,0.0,"[81.55,76.08,81.89,68.22,78.57,71.25,88.57,71.41,70.05,88.68]","[0.11,0.10,0.11,0.07,0.00,0.10,0.11,0.12,0.10,0.10]","[-0.08,-0.06,-0.06,0.14,0.07,-0.06,-0.06,-0.06,-0.07,-0.07]",51.99,1203.79,15,426,,,,,,,0.11,-0.38,-0.73,0.77,0.28,0.02,,,,
6846,30.817649841308594,-105.08563232421875,77.63,7.13,0.79,0.09,-0.01,0.0,-0.03,0.01,0.0,"[81.55,76.08,81.89,68.22,78.57,71.25,88.57,71.41,70.05,88.68]","[0.11,0.10,0.11,0.07,0.00,0.10,0.11,0.12,0.10,0.10]","[-0.08,-0.06,-0.06,0.14,0.07,-0.06,-0.06,-0.06,-0.07,-0.07]",51.99,1203.79,15,426,,,,,,,0.11,-0.38,-0.73,0.77,0.28,0.02,,,,
6847,30.817649841308594,-105.0855941772461,77.63,7.13,0.79,0.09,-0.01,0.0,-0.03,0.01,0.0,"[81.55,76.08,81.89,68.22,78.57,71.25,88.57,71.41,70.05,88.68]","[0.11,0.10,0.11,0.07,0.00,0.10,0.11,0.12,0.10,0.10]","[-0.08,-0.06,-0.06,0.14,0.07,-0.06,-0.06,-0.06,-0.07,-0.07]",51.64,1203.44,15,427,,,,,,,0.11,-0.38,-0.73,0.77,0.28,0.02,,,,
6847,30.817649841308594,-105.0855941772461,77.63,7.13,0.79,0.09,-0.01,0.0,-0.03,0.01,0.0,"[81.55,76.08,81.89,68.22,78.57,71.25,88.57,71.41,70.05,88.68]","[0.11,0.10,0.11,0.07,0.00,0.10,0.11,0.12,0.10,0.10]","[-0.08,-0.06,-0.06,0.14,0.07,-0.06,-0.06,-0.06,-0.07,-0.07]",51.64,1203.44,15,427,,,,,,,0.11,-0.38,-0.73,0.77,0.28,0.02,,,,
7272,30.817604064941406,-105.08573150634766,77.59,7.13,0.79,0.09,-0.01,0.0,-0.02,0.01,0.0,"[81.48,76.05,81.84,68.22,78.54,71.21,88.51,71.40,70.06,88.61]","[0.11,0.10,0.11,0.07,0.00,0.10,0.11,0.12,0.10,0.10]","[-0.07,-0.06,-0.05,0.14,0.08,-0.05,-0.05,-0.05,-0.06,-0.06]",51.78,1203.58,16,424,,,,,,,0.1,-0.38,-0.73,0.78,0.28,0.02,,,,
7272,30.817604064941406,-105.08573150634766,77.59,7.13,0.79,0.09,-0.01,0.0,-0.02,0.01,0.0,"[81.48,76.05,81.84,68.22,78.54,71.21,88.51,71.40,70.06,88.61]","[0.11,0.10,0.11,0.07,0.00,0.10,0.11,0.12,0.10,0.10]","[-0.07,-0.06,-0.05,0.14,0.08,-0.05,-0.05,-0.05,-0.06,-0.06]",51.78,1203.58,16,424,,,,,,,0.1,-0.38,-0.73,0.78,0.28,0.02,,,,
7273,30.817604064941406,-105.085693359375,77.61,7.08,0.79,0.09,-0.01,0.0,-0.03,0.01,0.0,"[81.56,76.12,81.90,68.03,78.57,71.27,88.56,71.41,70.06,88.64]","[0.11,0.10,0.11,0.07,0.00,0.10,0.11,0.12,0.10,0.10]","[-0.08,-0.06,-0.06,0.14,0.07,-0.06,-0.06,-0.06,-0.07,-0.07]",51.62,1203.42,16,425,,,,,,,0.11,-0.38,-0.73,0.76,0.27,0.02,,,,
7273,30.817604064941406,-105.085693359375,77.61,7.08,0.79,0.09,-0.01,0.0,-0.03,0.01,0.0,"[81.56,76.12,81.90,68.03,78.57,71.27,88.56,71.41,70.06,88.64]","[0.11,0.10,0.11,0.07,0.00,0.10,0.11,0.12,0.10,0.10]","[-0.08,-0.06,-0.06,0.14,0.07,-0.06,-0.06,-0.06,-0.07,-0.07]",51.62,1203.42,16,425,,,,,,,0.11,-0.38,-0.73,0.76,0.27,0.02,,,,
7274,30.817604064941406,-105.08563232421875,77.61,7.08,0.79,0.09,-0.01,0.0,-0.03,0.01,0.0,"[81.56,76.13,81.90,68.01,78.57,71.27,88.57,71.42,70.06,88.64]","[0.11,0.10,0.11,0.07,0.00,0.10,0.11,0.12,0.10,0.10]","[-0.08,-0.06,-0.06,0.14,0.07,-0.06,-0.06,-0.06,-0.07,-0.07]",51.37,1203.17,16,426,,,,,,,0.11,-0.38,-0.73,0.76,0.27,0.02,,,,
7274,30.817604064941406,-105.08563232421875,77.61,7.08,0.79,0.09,-0.01,0.0,-0.03,0.01,0.0,"[81.56,76.13,81.90,68.01,78.57,71.27,88.57,71.42,70.06,88.64]","[0.11,0.10,0.11,0.07,0.00,0.10,0.11,0.12,0.10,0.10]","[-0.08,-0.06,-0.06,0.14,0.07,-0.06,-0.06,-0.06,-0.07,-0.07]",51.37,1203.17,16,426,,,,,,,0.11,-0.38,-0.73,0.76,0.27,0.02,,,,
7275,30.817604064941406,-105.0855941772461,77.61,7.08,0.79,0.09,-0.01,0.0,-0.03,0.01,0.0,"[81.56,76.13,81.90,68.01,78.57,71.27,88.57,71.42,70.06,88.64]","[0.11,0.10,0.11,0.07,0.00,0.10,0.11,0.12,0.10,0.10]","[-0.08,-0.06,-0.06,0.14,0.07,-0.06,-0.06,-0.06,-0.07,-0.07]",51.05,1202.85,16,427,,,,,,,0.11,-0.38,-0.73,0.76,0.27,0.02,,,,
7275,30.817604064941406,-105.0855941772461,77.61,7.08,0.79,0.09,-0.01,0.0,-0.03,0.01,0.0,"[81.56,76.13,81.90,68.01,78.57,71.27,88.57,71.42,70.06,88.64]","[0.11,0.10,0.11,0.07,0.00,0.10,0.11,0.12,0.10,0.10]","[-0.08,-0.06,-0.06,0.14,0.07,-0.06,-0.06,-0.06,-0.07,-0.07]",51.05,1202.85,16,427,,,,,,,0.11,-0.38,-0.73,0.76,0.27,0.02,,,,
7700,30.81755828857422,-105.08573150634766,77.58,7.08,0.79,0.09,-0.01,0.0,-0.02,0.01,0.0,"[81.49,76.10,81.86,68.01,78.54,71.24,88.52,71.41,70.07,88.57]","[0.11,0.10,0.11,0.07,0.00,0.10,0.11,0.12,0.10,0.10]","[-0.07,-0.05,-0.05,0.14,0.08,-0.05,-0.05,-0.05,-0.06,-0.06]",51.01,1202.81,17,424,,,,,,,0.11,-0.38,-0.73,0.77,0.27,0.02,,,,
7700,30.81755828857422,-105.08573150634766,77.58,7.08,0.79,0.09,-0.01,0.0,-0.02,0.01,0.0,"[81.49,76.10,81.86,68.01,78.54,71.24,88.52,71.41,70.07,88.57]","[0.11,0.10,0.11,0.07,0.00,0.10,0.11,0.12,0.10,0.10]","[-0.07,-0.05,-0.05,0.14,0.08,-0.05,-0.05,-0.05,-0.06,-0.06]",51.01,1202.81,17,424,,,,,,,0.11,-0.38,-0.73,0.77,0.27,0.02,,,,
7701,30.81755828857422,-105.085693359375,77.6,7.03,0.78,0.09,-0.01,0.0,-0.03,0.01,0.0,"[81.57,76.17,81.91,67.82,78.57,71.29,88.56,71.42,70.08,88.60]","[0.11,0.10,0.11,0.07,0.00,0.10,0.11,0.12,0.10,0.10]","[-0.08,-0.06,-0.06,0.14,0.07,-0.05,-0.05,-0.05,-0.06,-0.06]",50.76,1202.56,17,425,,,,,,,0.11,-0.39,-0.73,0.76,0.27,0.02,,,,
7701,30.81755828857422,-105.085693359375,77.6,7.03,0.78,0.09,-0.01,0.0,-0.03,0.01,0.0,"[81.57,76.17,81.91,67.82,78.57,71.29,88.56,71.42,70.08,88.60]","[0.11,0.10,0.11,0.07,0.00,0.10,0.11,0.12,0.10,0.10]","[-0.08,-0.06,-0.06,0.14,0.07,-0.05,-0.05,-0.05,-0.06,-0.06]",50.76,1202.56,17,425,,,,,,,0.11,-0.39,-0.73,0.76,0.27,0.02,,,,
7702,30.81755828857422,-105.08563232421875,77.6,7.02,0.78,0.09,-0.01,0.0,-0.03,0.01,0.0,"[81.58,76.18,81.91,67.80,78.57,71.30,88.57,71.42,70.08,88.60]","[0.11,0.10,0.11,0.07,0.00,0.10,0.11,0.12,0.10,0.10]","[-0.08,-0.06,-0.06,0.14,0.07,-0.05,-0.05,-0.05,-0.06,-0.06]",50.63,1202.42,17,426,,,,,,,0.11,-0.39,-0.73,0.76,0.26,0.02,,,,
7702,30.81755828857422,-105.08563232421875,77.6,7.02,0.78,0.09,-0.01,0.0,-0.03,0.01,0.0,"[81.58,76.18,81.91,67.80,78.57,71.30,88.57,71.42,70.08,88.60]","[0.11,0.10,0.11,0.07,0.00,0.10,0.11,0.12,0.10,0.10]","[-0.08,-0.06,-0.06,0.14,0.07,-0.05,-0.05,-0.05,-0.06,-0.06]",50.63,1202.42,17,426,,,,,,,0.11,-0.39,-0.73,0.76,0.26,0.02,,,,
7703,30.81755828857422,-105.0855941772461,77.6,7.02,0.78,0.09,-0.01,0.0,-0.03,0.01,0.0,"[81.58,76.18,81.91,67.80,78.57,71.30,88.57,71.42,70.08,88.60]","[0.11,0.10,0.11,0.07,0.00,0.10,0.11,0.12,0.10,0.10]","[-0.08,-0.06,-0.06,0.14,0.07,-0.05,-0.05,-0.05,-0.06,-0.06]",50.41,1202.21,17,427,,,,,,,0.11,-0.39,-0.73,0.76,0.26,0.02,,,,
7703,30.81755828857422,-105.0855941772461,77.6,7.02,0.78,0.09,-0.01,0.0,-0.03,0.01,0.0,"[81.58,76.18,81.91,67.80,78.57,71.30,88.57,71.42,70.08,88.60]","[0.11,0.10,0.11,0.07,0.00,0.10,0.11,0.12,0.10,0.10]","[-0.08,-0.06,-0.06,0.14,0.07,-0.05,-0.05,-0.05,-0.06,-0.06]",50.41,1202.21,17,427,,,,,,,0.11,-0.39,-0.73,0.76,0.26,0.02,,,,
8128,30.817514419555664,-105.08573150634766,77.57,7.03,0.78,0.09,-0.01,0.0,-0.02,0.02,0.0,"[81.51,76.15,81.87,67.79,78.55,71.26,88.52,71.41,70.08,88.54]","[0.11,0.10,0.11,0.07,0.00,0.10,0.11,0.12,0.10,0.10]","[-0.07,-0.05,-0.05,0.14,0.08,-0.05,-0.05,-0.04,-0.05,-0.05]",50.25,1202.05,18,424,,,,,,,0.11,-0.39,-0.73,0.77,0.27,0.02,,,,
8128,30.817514419555664,-105.08573150634766,77.57,7.03,0.78,0.09,-0.01,0.0,-0.02,0.02,0.0,"[81.51,76.15,81.87,67.79,78.55,71.26,88.52,71.41,70.08,88.54]","[0.11,0.10,0.11,0.07,0.00,0.10,0.11,0.12,0.10,0.10]","[-0.07,-0.05,-0.05,0.14,0.08,-0.05,-0.05,-0.04,-0.05,-0.05]",50.25,1202.05,18,424,,,,,,,0.11,-0.39,-0.73,0.77,0.27,0.02,,,,
8129,30.817514419555664,-105.085693359375,77.59,6.98,0.78,0.09,-0.01,0.0,-0.02,0.02,0.0,"[81.58,76.22,81.92,67.61,78.57,71.32,88.57,71.42,70.09,88.56]","[0.11,0.10,0.11,0.07,0.00,0.10,0.11,0.12,0.10,0.10]","[-0.07,-0.05,-0.05,0.14,0.08,-0.05,-0.05,-0.05,-0.06,-0.06]",49.93,1201.73,18,425,,,,,,,0.11,-0.4,-0.73,0.75,0.26,0.02,,,,
8129,30.817514419555664,-105.085693359375,77.59,6.98,0.78,0.09,-0.01,0.0,-0.02,0.02,0.0,"[81.58,76.22,81.92,67.61,78.57,71.32,88.57,71.42,70.09,88.56]","[0.11,0.10,0.11,0.07,0.00,0.10,0.11,0.12,0.10,0.10]","[-0.07,-0.05,-0.05,0.14,0.08,-0.05,-0.05,-0.05,-0.06,-0.06]",49.93,1201.73,18,425,,,,,,,0.11,-0.4,-0.73,0.75,0.26,0.02,,,,
8130,30.817514419555664,-105.08563232421875,77.59,6.97,0.77,0.09,-0.01,0.0,-0.02,0.02,0.0,"[81.59,76.22,81.92,67.59,78.58,71.32,88.57,71.43,70.09,88.56]","[0.11,0.10,0.11,0.07,0.00,0.10,0.11,0.12,0.10,0.10]","[-0.07,-0.05,-0.05,0.14,0.08,-0.05,-0.05,-0.05,-0.06,-0.06]",49.91,1201.71,18,426,,,,,,,0.11,-0.4,-0.73,0.75,0.26,0.02,,,,
8130,30.817514419555664,-105.08563232421875,77.59,6.97,0.77,0.09,-0.01,0.0,-0.02,0.02,0.0,"[81.59,76.22,81.92,67.59,78.58,71.32,88.57,71.43,70.09,88.56]","[0.11,0.10,0.11,0.07,0.00,0.10,0.11,0.12,0.10,0.10]","[-0.07,-0.05,-0.05,0.14,0.08,-0.05,-0.05,-0.05,-0.06,-0.06]",49.91,1201.71,18,426,,,,,,,0.11,-0.4,-0.73,0.75,0.26,0.02,,,,
8131,30.817514419555664,-105.0855941772461,77.59,6.97,0.77,0.09,-0.01,0.0,-0.02,0.02,0.0,"[81.59,76.22,81.92,67.59,78.58,71.32,88.57,71.43,70.09,88.56]","[0.11,0.10,0.11,0.07,0.00,0.10,0.11,0.12,0.10,0.10]","[-0.07,-0.05,-0.05,0.14,0.08,-0.05,-0.05,-0.05,-0.06,-0.06]",49.77,1201.57,18,427,,,,,,,0.11,-0.4,-0.73,0.75,0.26,0.02,,,,
8131,30.817514419555664,-105.0855941772461,77.59,6.97,0.77,0.09,-0.01,0.0,-0.02,0.02,0.0,"[81.59,76.22,81.92,67.59,78.58,71.32,88.57,71.43,70.09,88.56]","[0.11,0.10,0.11,0.07,0.00,0.10,0.11,0.12,0.10,0.10]","[-0.07,-0.05,-0.05,0.14,0.08,-0.05,-0.05,-0.05,-0.06,-0.06]",49.77,1201.57,18,427,,,,,,,0.11,-0.4,-0.73,0.75,0.26,0.02,,,,
8556,30.81747055053711,-105.08573150634766,77.56,6.98,0.78,0.09,-0.01,0.0,-0.02,0.02,0.0,"[81.52,76.20,81.88,67.57,78.56,71.29,88.52,71.42,70.09,88.50]","[0.11,0.10,0.11,0.07,0.00,0.10,0.11,0.12,0.10,0.10]","[-0.07,-0.05,-0.05,0.14,0.08,-0.04,-0.04,-0.04,-0.05,-0.05]",49.58,1201.38,19,424,,,,,,,0.11,-0.4,-0.73,0.76,0.26,0.02,,,,
8556,30.81747055053711,-105.08573150634766,77.56,6.98,0.78,0.09,-0.01,0.0,-0.02,0.02,0.0,"[81.52,76.20,81.88,67.57,78.56,71.29,88.52,71.42,70.09,88.50]","[0.11,0.10,0.11,0.07,0.00,0.10,0.11,0.12,0.10,0.10]","[-0.07,-0.05,-0.05,0.14,0.08,-0.04,-0.04,-0.04,-0.05,-0.05]",49.58,1201.38,19,424,,,,,,,0.11,-0.4,-0.73,0.76,0.26,0.02,,,,
8557,30.81747055053711,-105.085693359375,77.57,6.92,0.77,0.09,-0.01,0.0,-0.02,0.02,0.0,"[81.59,76.26,81.93,67.40,78.58,71.35,88.57,71.43,70.10,88.52]","[0.11,0.10,0.11,0.07,0.00,0.10,0.11,0.12,0.10,0.10]","[-0.07,-0.05,-0.05,0.14,0.08,-0.05,-0.05,-0.05,-0.06,-0.06]",49.31,1201.11,19,425,,,,,,,0.12,-0.4,-0.73,0.75,0.25,0.02,,,,
8557,30.81747055053711,-105.085693359375,77.57,6.92,0.77,0.09,-0.01,0.0,-0.02,0.02,0.0,"[81.59,76.26,81.93,67.40,78.58,71.35,88.57,71.43,70.10,88.52]","[0.11,0.10,0.11,0.07,0.00,0.10,0.11,0.12,0.10,0.10]","[-0.07,-0.05,-0.05,0.14,0.08,-0.05,-0.05,-0.05,-0.06,-0.06]",49.31,1201.11,19,425,,,,,,,0.12,-0.4,-0.73,0.75,0.25,0.02,,,,
8558,30.81747055053711,-105.08563232421875,77.57,6.92,0.77,0.09,-0.01,0.0,-0.02,0.02,0.0,"[81.60,76.27,81.93,67.38,78.58,71.35,88.57,71.43,70.10,88.52]","[0.11,0.10,0.11,0.07,0.00,0.10,0.11,0.12,0.10,0.10]","[-0.07,-0.05,-0.05,0.14,0.08,-0.05,-0.05,-0.05,-0.06,-0.06]",49.2,1201.0,19,426,,,,,,,0.12,-0.4,-0.73,0.75,0.25,0.02,,,,
8558,30.81747055053711,-105.08563232421875,77.57,6.92,0.77,0.09,-0.01,0.0,-0.02,0.02,0.0,"[81.60,76.27,81.93,67.38,78.58,71.35,88.57,71.43,70.10,88.52]","[0.11,0.10,0.11,0.07,0.00,0.10,0.11,0.12,0.10,0.10]","[-0.07,-0.05,-0.05,0.14,0.08,-0.05,-0.05,-0.05,-0.06,-0.06]",49.2,1201.0,19,426,,,,,,,0.12,-0.4,-0.73,0.75,0.25,0.02,,,,
8559,30.81747055053711,-105.0855941772461,77.57,6.92,0.77,0.09,-0.01,0.0,-0.02,0.02,0.0,"[81.60,76.27,81.93,67.38,78.58,71.35,88.57,71.43,70.10,88.52]","[0.11,0.10,0.11,0.07,0.00,0.10,0.11,0.12,0.10,0.10]","[-0.07,-0.05,-0.05,0.14,0.08,-0.05,-0.05,-0.05,-0.06,-0.06]",49.09,1200.89,19,427,,,,,,,0.12,-0.4,-0.73,0.75,0.25,0.02,,,,
8559,30.81747055053711,-105.0855941772461,77.57,6.92,0.77,0.09,-0.01,0.0,-0.02,0.02,0.0,"[81.60,76.27,81.93,67.38,78.58,71.35,88.57,71.43,70.10,88.52]","[0.11,0.10,0.11,0.07,0.00,0.10,0.11,0.12,0.10,0.10]","[-0.07,-0.05,-0.05,0.14,0.08,-0.05,-0.05,-0.05,-0.06,-0.06]",49.09,1200.89,19,427,,,,,,,0.12,-0.4,-0.73,0.75,0.25,0.02,,,,
8984,30.817424774169922,-105.08573150634766,77.54,6.93,0.77,0.09,-0.01,0.0,-0.02,0.02,0.0,"[81.53,76.25,81.90,67.36,78.56,71.32,88.53,71.42,70.11,88.46]","[0.11,0.10,0.11,0.07,0.00,0.10,0.11,0.12,0.10,0.10]","[-0.07,-0.05,-0.05,0.14,0.08,-0.04,-0.04,-0.04,-0.05,-0.05]",48.92,1200.72,20,424,,,,,,,0.11,-0.4,-0.73,0.76,0.25,0.02,,,,
8984,30.817424774169922,-105.08573150634766,77.54,6.93,0.77,0.09,-0.01,0.0,-0.02,0.02,0.0,"[81.53,76.25,81.90,67.36,78.56,71.32,88.53,71.42,70.11,88.46]","[0.11,0.10,0.11,0.07,0.00,0.10,0.11,0.12,0.10,0.10]","[-0.07,-0.05,-0.05,0.14,0.08,-0.04,-0.04,-0.04,-0.05,-0.05]",48.92,1200.72,20,424,,,,,,,0.11,-0.4,-0.73,0.76,0.25,0.02,,,,
8985,30.817424774169922,-105.085693359375,77.56,6.87,0.76,0.09,-0.01,0.0,-0.02,0.02,0.0,"[81.60,76.31,81.94,67.18,78.58,71.37,88.57,71.43,70.11,88.48]","[0.11,0.10,0.11,0.07,0.00,0.10,0.11,0.12,0.10,0.10]","[-0.07,-0.05,-0.05,0.14,0.08,-0.04,-0.04,-0.04,-0.05,-0.05]",48.79,1200.59,20,425,,,,,,,0.12,-0.41,-0.74,0.75,0.24,0.02,,,,
8985,30.817424774169922,-105.085693359375,77.56,6.87,0.76,0.09,-0.01,0.0,-0.02,0.02,0.0,"[81.60,76.31,81.94,67.18,78.58,71.37,88.57,71.43,70.11,88.48]","[0.11,0.10,0.11,0.07,0.00,0.10,0.11,0.12,0.10,0.10]","[-0.07,-0.05,-0.05,0.14,0.08,-0.04,-0.04,-0.04,-0.05,-0.05]",48.79,1200.59,20,425,,,,,,,0.12,-0.41,-0.74,0.75,0.24,0.02,,,,
8986,30.817424774169922,-105.08563232421875,77.56,6.87,0.76,0.09,-0.01,0.0,-0.02,0.02,0.0,"[81.61,76.32,81.94,67.17,78.58,71.38,88.57,71.44,70.11,88.48]","[0.11,0.10,0.11,0.07,0.00,0.10,0.11,0.12,0.10,0.10]","[-0.07,-0.05,-0.05,0.14,0.08,-0.04,-0.04,-0.04,-0.05,-0.05]",48.56,1200.36,20,426,,,,,,,0.12,-0.41,-0.74,0.74,0.24,0.02,,,,
8986,30.817424774169922,-105.08563232421875,77.56,6.87,0.76,0.09,-0.01,0.0,-0.02,0.02,0.0,"[81.61,76.32,81.94,67.17,78.58,71.38,88.57,71.44,70.11,88.48]","[0.11,0.10,0.11,0.07,0.00,0.10,0.11,0.12,0.10,0.10]","[-0.07,-0.05,-0.05,0.14,0.08,-0.04,-0.04,-0.04,-0.05,-0.05]",48.56,1200.36,20,426,,,,,,,0.12,-0.41,-0.74,0.74,0.24,0.02,,,,
8987,30.817424774169922,-105.0855941772461,77.56,6.87,0.76,0.09,-0.01,0.0,-0.02,0.02,0.0,"[81.61,76.32,81.94,67.17,78.58,71.38,88.57,71.44,70.11,88.48]","[0.11,0.10,0.11,0.07,0.00,0.10,0.11,0.12,0.10,0.10]","[-0.07,-0.05,-0.05,0.14,0.08,-0.04,-0.04,-0.04,-0.05,-0.05]",48.49,1200.29,20,427,,,,,,,0.12,-0.41,-0.74,0.74,0.24,0.02,,,,
8987,30.817424774169922,-105.0855941772461,77.56,6.87,0.76,0.09,-0.01,0.0,-0.02,0.02,0.0,"[81.61,76.32,81.94,67.17,78.58,71.38,88.57,71.44,70.11,88.48]","[0.11,0.10,0.11,0.07,0.00,0.10,0.11,0.12,0.10,0.10]","[-0.07,-0.05,-0.05,0.14,0.08,-0.04,-0.04,-0.04,-0.05,-0.05]",48.49,1200.29,20,427,,,,,,,0.12,-0.41,-0.74,0.74,0.24,0.02,,,,
9412,30.817380905151367,-105.08573150634766,77.52,6.88,0.76,0.09,-0.01,0.0,-0.02,0.02,0.0,"[81.54,76.30,81.90,67.11,78.55,71.35,88.53,71.43,70.12,88.42]","[0.11,0.10,0.11,0.07,0.00,0.10,0.11,0.12,0.10,0.10]","[-0.07,-0.05,-0.05,0.14,0.08,-0.04,-0.04,-0.04,-0.05,-0.05]",48.33,1200.13,21,424,,,,,,,0.11,-0.41,-0.73,0.76,0.24,0.02,,,,
9412,30.817380905151367,-105.08573150634766,77.52,6.88,0.76,0.09,-0.01,0.0,-0.02,0.02,0.0,"[81.54,76.30,81.90,67.11,78.55,71.35,88.53,71.43,70.12,88.42]","[0.11,0.10,0.11,0.07,0.00,0.10,0.11,0.12,0.10,0.10]","[-0.07,-0.05,-0.05,0.14,0.08,-0.04,-0.04,-0.04,-0.05,-0.05]",48.33,1200.13,21,424,,,,,,,0.11,-0.41,-0.73,0.76,0.24,0.02,,,,
9413,30.817380905151367,-105.085693359375,77.54,6.82,0.76,0.09,-0.01,0.0,-0.02,0.02,0.0,"[81.61,76.35,81.94,66.94,78.57,71.39,88.56,71.44,70.12,88.43]","[0.11,0.10,0.11,0.07,0.00,0.10,0.11,0.12,0.10,0.10]","[-0.07,-0.05,-0.05,0.14,0.08,-0.04,-0.04,-0.04,-0.05,-0.05]",48.3,1200.1,21,425,,,,,,,0.12,-0.42,-0.74,0.74,0.23,0.01,,,,
9413,30.817380905151367,-105.085693359375,77.54,6.82,0.76,0.09,-0.01,0.0,-0.02,0.02,0.0,"[81.61,76.35,81.94,66.94,78.57,71.39,88.56,71.44,70.12,88.43]","[0.11,0.10,0.11,0.07,0.00,0.10,0.11,0.12,0.10,0.10]","[-0.07,-0.05,-0.05,0.14,0.08,-0.04,-0.04,-0.04,-0.05,-0.05]",48.3,1200.1,21,425,,,,,,,0.12,-0.42,-0.74,0.74,0.23,0.01,,,,
9414,30.817380905151367,-105.08563232421875,77.54,6.81,0.76,0.09,-0.01,0.0,-0.02,0.02,0.0,"[81.62,76.36,81.94,66.93,78.57,71.40,88.57,71.44,70.12,88.43]","[0.11,0.10,0.11,0.07,0.00,0.10,0.11,0.12,0.10,0.10]","[-0.07,-0.05,-0.05,0.14,0.08,-0.04,-0.04,-0.04,-0.05,-0.05]",48.16,1199.96,21,426,,,,,,,0.12,-0.42,-0.74,0.74,0.23,0.01,,,,
9414,30.817380905151367,-105.08563232421875,77.54,6.81,0.76,0.09,-0.01,0.0,-0.02,0.02,0.0,"[81.62,76.36,81.94,66.93,78.57,71.40,88.57,71.44,70.12,88.43]","[0.11,0.10,0.11,0.07,0.00,0.10,0.11,0.12,0.10,0.10]","[-0.07,-0.05,-0.05,0.14,0.08,-0.04,-0.04,-0.04,-0.05,-0.05]",48.16,1199.96,21,426,,,,,,,0.12,-0.42,-0.74,0.74,0.23,0.01,,,,
9415,30.817380905151367,-105.0855941772461,77.54,6.81,0.76,0.09,-0.01,0.0,-0.02,0.02,0.0,"[81.62,76.36,81.94,66.93,78.57,71.40,88.57,71.44,70.12,88.43]","[0.11,0.10,0.11,0.07,0.00,0.10,0.11,0.12,0.10,0.10]","[-0.07,-0.05,-0.05,0.14,0.08,-0.04,-0.04,-0.04,-0.05,-0.05]",48.02,1199.82,21,427,,,,,,,0.12,-0.42,-0.74,0.74,0.23,0.01,,,,
9415,30.817380905151367,-105.0855941772461,77.54,6.81,0.76,0.09,-0.01,0.0,-0.02,0.02,0.0,"[81.62,76.36,81.94,66.93,78.57,71.40,88.57,71.44,70.12,88.43]","[0.11,0.10,0.11,0.07,0.00,0.10,0.11,0.12,0.10,0.10]","[-0.07,-0.05,-0.05,0.14,0.08,-0.04,-0.04,-0.04,-0.05,-0.05]",48.02,1199.82,21,427,,,,,,,0.12,-0.42,-0.74,0.74,0.23,0.01,,,,
9840,30.817333221435547,-105.08573150634766,77.47,6.83,0.76,0.09,-0.01,0.0,-0.02,0.02,0.0,"[81.52,76.32,81.87,66.73,78.50,71.35,88.50,71.42,70.14,88.34]","[0.11,0.10,0.11,0.07,0.00,0.10,0.11,0.12,0.10,0.10]","[-0.07,-0.05,-0.05,0.14,0.08,-0.04,-0.04,-0.04,-0.05,-0.05]",47.8,1199.6,22,424,,,,,,,0.11,-0.42,-0.74,0.76,0.23,0.01,,,,
9840,30.817333221435547,-105.08573150634766,77.47,6.83,0.76,0.09,-0.01,0.0,-0.02,0.02,0.0,"[81.52,76.32,81.87,66.73,78.50,71.35,88.50,71.42,70.14,88.34]","[0.11,0.10,0.11,0.07,0.00,0.10,0.11,0.12,0.10,0.10]","[-0.07,-0.05,-0.05,0.14,0.08,-0.04,-0.04,-0.04,-0.05,-0.05]",47.8,1199.6,22,424,,,,,,,0.11,-0.42,-0.74,0.76,0.23,0.01,,,,
9841,30.817333221435547,-105.085693359375,77.48,6.77,0.75,0.09,-0.01,0.0,-0.02,0.02,0.0,"[81.59,76.37,81.90,66.57,78.51,71.40,88.53,71.43,70.14,88.35]","[0.11,0.10,0.11,0.07,0.00,0.10,0.11,0.12,0.10,0.10]","[-0.07,-0.05,-0.05,0.14,0.08,-0.04,-0.04,-0.04,-0.05,-0.05]",47.84,1199.64,22,425,,,,,,,0.12,-0.43,-0.74,0.74,0.22,0.01,,,,
9841,30.817333221435547,-105.085693359375,77.48,6.77,0.75,0.09,-0.01,0.0,-0.02,0.02,0.0,"[81.59,76.37,81.90,66.57,78.51,71.40,88.53,71.43,70.14,88.35]","[0.11,0.10,0.11,0.07,0.00,0.10,0.11,0.12,0.10,0.10]","[-0.07,-0.05,-0.05,0.14,0.08,-0.04,-0.04,-0.04,-0.05,-0.05]",47.84,1199.64,22,425,,,,,,,0.12,-0.43,-0.74,0.74,0.22,0.01,,,,
9842,30.817333221435547,-105.08563232421875,77.48,6.76,0.75,0.09,-0.01,0.0,-0.02,0.02,0.0,"[81.59,76.37,81.90,66.56,78.52,71.40,88.54,71.43,70.14,88.35]","[0.11,0.10,0.11,0.07,0.00,0.10,0.11,0.12,0.10,0.10]","[-0.07,-0.05,-0.05,0.14,0.08,-0.04,-0.04,-0.04,-0.05,-0.05]",47.84,1199.64,22,426,,,,,,,0.12,-0.43,-0.74,0.74,0.22,0.01,,,,
9842,30.817333221435547,-105.08563232421875,77.48,6.76,0.75,0.09,-0.01,0.0,-0.02,0.02,0.0,"[81.59,76.37,81.90,66.56,78.52,71.40,88.54,71.43,70.14,88.35]","[0.11,0.10,0.11,0.07,0.00,0.10,0.11,0.12,0.10,0.10]","[-0.07,-0.05,-0.05,0.14,0.08,-0.04,-0.04,-0.04,-0.05,-0.05]",47.84,1199.64,22,426,,,,,,,0.12,-0.43,-0.74,0.74,0.22,0.01,,,,
9843,30.817333221435547,-105.0855941772461,77.48,6.76,0.75,0.09,-0.01,0.0,-0.02,0.02,0.0,"[81.59,76.37,81.90,66.56,78.52,71.40,88.54,71.43,70.14,88.35]","[0.11,0.10,0.11,0.07,0.00,0.10,0.11,0.12,0.10,0.10]","[-0.07,-0.05,-0.05,0.14,0.08,-0.04,-0.04,-0.04,-0.05,-0.05]",47.68,1199.48,22,427,,,,,,,0.12,-0.43,-0.74,0.74,0.22,0.01,,,,
9843,30.817333221435547,-105.0855941772461,77.48,6.76,0.75,0.09,-0.01,0.0,-0.02,0.02,0.0,"[81.59,76.37,81.90,66.56,78.52,71.40,88.54,71.43,70.14,88.35]","[0.11,0.10,0.11,0.07,0.00,0.10,0.11,0.12,0.10,0.10]","[-0.07,-0.05,-0.05,0.14,0.08,-0.04,-0.04,-0.04,-0.05,-0.05]",47.68,1199.48,22,427,,,,,,,0.12,-0.43,-0.74,0.74,0.22,0.01,,,,
10268,30.81728744506836,-105.08573150634766,77.41,6.77,0.75,0.09,-0.01,0.0,-0.02,0.02,0.0,"[81.50,76.33,81.83,66.34,78.45,71.36,88.48,71.42,70.17,88.27]","[0.11,0.10,0.11,0.07,0.00,0.10,0.11,0.12,0.10,0.10]","[-0.07,-0.06,-0.05,0.13,0.08,-0.05,-0.04,-0.04,-0.05,-0.05]",47.41,1199.21,23,424,,,,,,,0.11,-0.43,-0.75,0.76,0.22,0.01,,,,
10268,30.81728744506836,-105.08573150634766,77.41,6.77,0.75,0.09,-0.01,0.0,-0.02,0.02,0.0,"[81.50,76.33,81.83,66.34,78.45,71.36,88.48,71.42,70.17,88.27]","[0.11,0.10,0.11,0.07,0.00,0.10,0.11,0.12,0.10,0.10]","[-0.07,-0.06,-0.05,0.13,0.08,-0.05,-0.04,-0.04,-0.05,-0.05]",47.41,1199.21,23,424,,,,,,,0.11,-0.43,-0.75,0.76,0.22,0.01,,,,
10269,30.81728744506836,-105.085693359375,77.42,6.72,0.75,0.09,-0.01,0.0,-0.02,0.02,0.0,"[81.56,76.38,81.86,66.19,78.46,71.40,88.51,71.43,70.16,88.27]","[0.11,0.10,0.11,0.07,0.00,0.10,0.11,0.12,0.10,0.10]","[-0.07,-0.06,-0.05,0.13,0.08,-0.05,-0.04,-0.04,-0.05,-0.05]",47.54,1199.34,23,425,,,,,,,0.12,-0.43,-0.75,0.75,0.21,0.01,,,,
10269,30.81728744506836,-105.085693359375,77.42,6.72,0.75,0.09,-0.01,0.0,-0.02,0.02,0.0,"[81.56,76.38,81.86,66.19,78.46,71.40,88.51,71.43,70.16,88.27]","[0.11,0.10,0.11,0.07,0.00,0.10,0.11,0.12,0.10,0.10]","[-0.07,-0.06,-0.05,0.13,0.08,-0.05,-0.04,-0.04,-0.05,-0.05]",47.54,1199.34,23,425,,,,,,,0.12,-0.43,-0.75,0.75,0.21,0.01,,,,
10270,30.81728744506836,-105.08563232421875,77.42,6.71,0.75,0.09,-0.01,0.0,-0.02,0.02,0.0,"[81.56,76.38,81.86,66.18,78.46,71.40,88.51,71.43,70.16,88.27]","[0.11,0.10,0.11,0.07,0.00,0.10,0.11,0.12,0.10,0.10]","[-0.07,-0.06,-0.05,0.13,0.08,-0.05,-0.04,-0.04,-0.05,-0.05]",47.53,1199.33,23,426,,,,,,,0.12,-0.43,-0.75,0.75,0.21,0.01,,,,
10270,30.81728744506836,-105.08563232421875,77.42,6.71,0.75,0.09,-0.01,0.0,-0.02,0.02,0.0,"[81.56,76.38,81.86,66.18,78.46,71.40,88.51,71.43,70.16,88.27]","[0.11,0.10,0.11,0.07,0.00,0.10,0.11,0.12,0.10,0.10]","[-0.07,-0.06,-0.05,0.13,0.08,-0.05,-0.04,-0.04,-0.05,-0.05]",47.53,1199.33,23,426,,,,,,,0.12,-0.43,-0.75,0.75,0.21,0.01,,,,
10271,30.81728744506836,-105.0855941772461,77.42,6.71,0.75,0.09,-0.01,0.0,-0.02,0.02,0.0,"[81.56,76.38,81.86,66.18,78.46,71.40,88.51,71.43,70.16,88.27]","[0.11,0.10,0.11,0.07,0.00,0.10,0.11,0.12,0.10,0.10]","[-0.07,-0.06,-0.05,0.13,0.08,-0.05,-0.04,-0.04,-0.05,-0.05]",47.39,1199.19,23,427,,,,,,,0.12,-0.43,-0.75,0.75,0.21,0.01,,,,
10271,30.81728744506836,-105.0855941772461,77.42,6.71,0.75,0.09,-0.01,0.0,-0.02,0.02,0.0,"[81.56,76.38,81.86,66.18,78.46,71.40,88.51,71.43,70.16,88.27]","[0.11,0.10,0.11,0.07,0.00,0.10,0.11,0.12,0.10,0.10]","[-0.07,-0.06,-0.05,0.13,0.08,-0.05,-0.04,-0.04,-0.05,-0.05]",47.39,1199.19,23,427,,,,,,,0.12,-0.43,-0.75,0.75,0.21,0.01,,,,
10696,30.817245483398438,-105.08573150634766,77.36,6.72,0.75,0.09,-0.01,0.0,-0.02,0.01,0.0,"[81.47,76.35,81.79,65.95,78.39,71.36,88.45,71.41,70.19,88.20]","[0.11,0.10,0.11,0.07,0.00,0.10,0.11,0.12,0.11,0.10]","[-0.07,-0.06,-0.05,0.13,0.08,-0.05,-0.04,-0.04,-0.05,-0.05]",47.13,1198.93,24,424,,,,,,,0.11,-0.43,-0.75,0.76,0.21,0.01,,,,
10696,30.817245483398438,-105.08573150634766,77.36,6.72,0.75,0.09,-0.01,0.0,-0.02,0.01,0.0,"[81.47,76.35,81.79,65.95,78.39,71.36,88.45,71.41,70.19,88.20]","[0.11,0.10,0.11,0.07,0.00,0.10,0.11,0.12,0.11,0.10]","[-0.07,-0.06,-0.05,0.13,0.08,-0.05,-0.04,-0.04,-0.05,-0.05]",47.13,1198.93,24,424,,,,,,,0.11,-0.43,-0.75,0.76,0.21,0.01,,,,
10697,30.817245483398438,-105.085693359375,77.36,6.66,0.74,0.09,-0.01,0.0,-0.02,0.01,0.0,"[81.53,76.39,81.82,65.81,78.40,71.40,88.48,71.42,70.19,88.20]","[0.11,0.10,0.11,0.07,0.00,0.10,0.11,0.12,0.11,0.10]","[-0.07,-0.06,-0.05,0.13,0.08,-0.05,-0.04,-0.04,-0.05,-0.05]",47.28,1199.08,24,425,,,,,,,0.12,-0.44,-0.75,0.75,0.2,0.01,,,,
10697,30.817245483398438,-105.085693359375,77.36,6.66,0.74,0.09,-0.01,0.0,-0.02,0.01,0.0,"[81.53,76.39,81.82,65.81,78.40,71.40,88.48,71.42,70.19,88.20]","[0.11,0.10,0.11,0.07,0.00,0.10,0.11,0.12,0.11,0.10]","[-0.07,-0.06,-0.05,0.13,0.08,-0.05,-0.04,-0.04,-0.05,-0.05]",47.28,1199.08,24,425,,,,,,,0.12,-0.44,-0.75,0.75,0.2,0.01,,,,
10698,30.817245483398438,-105.08563232421875,77.36,6.66,0.74,0.09,-0.01,0.0,-0.02,0.01,0.0,"[81.54,76.40,81.82,65.80,78.40,71.41,88.48,71.42,70.19,88.20]","[0.11,0.10,0.11,0.07,0.00,0.10,0.11,0.12,0.11,0.10]","[-0.07,-0.06,-0.05,0.13,0.08,-0.05,-0.05,-0.04,-0.05,-0.06]",47.25,1199.05,24,426,,,,,,,0.12,-0.44,-0.75,0.75,0.2,0.01,,,,
10698,30.817245483398438,-105.08563232421875,77.36,6.66,0.74,0.09,-0.01,0.0,-0.02,0.01,0.0,"[81.54,76.40,81.82,65.80,78.40,71.41,88.48,71.42,70.19,88.20]","[0.11,0.10,0.11,0.07,0.00,0.10,0.11,0.12,0.11,0.10]","[-0.07,-0.06,-0.05,0.13,0.08,-0.05,-0.05,-0.04,-0.05,-0.06]",47.25,1199.05,24,426,,,,,,,0.12,-0.44,-0.75,0.75,0.2,0.01,,,,
10699,30.817245483398438,-105.0855941772461,77.36,6.66,0.74,0.09,-0.01,0.0,-0.02,0.01,0.0,"[81.54,76.40,81.82,65.80,78.40,71.41,88.48,71.42,70.19,88.20]","[0.11,0.10,0.11,0.07,0.00,0.10,0.11,0.12,0.11,0.10]","[-0.07,-0.06,-0.05,0.13,0.08,-0.05,-0.05,-0.04,-0.05,-0.06]",47.13,1198.93,24,427,,,,,,,0.12,-0.44,-0.75,0.75,0.2,0.01,,,,
10699,30.817245483398438,-105.0855941772461,77.36,6.66,0.74,0.09,-0.01,0.0,-0.02,0.01,0.0,"[81.54,76.40,81.82,65.80,78.40,71.41,88.48,71.42,70.19,88.20]","[0.11,0.10,0.11,0.07,0.00,0.10,0.11,0.12,0.11,0.10]","[-0.07,-0.06,-0.05,0.13,0.08,-0.05,-0.05,-0.04,-0.05,-0.06]",47.13,1198.93,24,427,,,,,,,0.12,-0.44,-0.75,0.75,0.2,0.01,,,,
11124,30.817197799682617,-105.08573150634766,77.3,6.67,0.74,0.09,-0.01,0.0,-0.02,0.01,0.0,"[81.45,76.36,81.75,65.56,78.34,71.37,88.43,71.41,70.21,88.12]","[0.11,0.10,0.11,0.07,0.00,0.10,0.11,0.12,0.11,0.10]","[-0.07,-0.06,-0.05,0.13,0.08,-0.05,-0.05,-0.04,-0.05,-0.05]",46.87,1198.67,25,424,,,,,,,0.11,-0.44,-0.75,0.76,0.2,0.01,,,,
11124,30.817197799682617,-105.08573150634766,77.3,6.67,0.74,0.09,-0.01,0.0,-0.02,0.01,0.0,"[81.45,76.36,81.75,65.56,78.34,71.37,88.43,71.41,70.21,88.12]","[0.11,0.10,0.11,0.07,0.00,0.10,0.11,0.12,0.11,0.10]","[-0.07,-0.06,-0.05,0.13,0.08,-0.05,-0.05,-0.04,-0.05,-0.05]",46.87,1198.67,25,424,,,,,,,0.11,-0.44,-0.75,0.76,0.2,0.01,,,,
11125,30.817197799682617,-105.085693359375,77.3,6.61,0.73,0.09,-0.01,0.0,-0.02,0.01,0.0,"[81.51,76.40,81.77,65.43,78.34,71.40,88.45,71.41,70.21,88.12]","[0.11,0.10,0.11,0.07,0.00,0.10,0.11,0.12,0.11,0.10]","[-0.07,-0.06,-0.05,0.13,0.08,-0.05,-0.05,-0.04,-0.05,-0.06]",47.01,1198.81,25,425,,,,,,,0.12,-0.45,-0.76,0.75,0.2,0.01,,,,
11125,30.817197799682617,-105.085693359375,77.3,6.61,0.73,0.09,-0.01,0.0,-0.02,0.01,0.0,"[81.51,76.40,81.77,65.43,78.34,71.40,88.45,71.41,70.21,88.12]","[0.11,0.10,0.11,0.07,0.00,0.10,0.11,0.12,0.11,0.10]","[-0.07,-0.06,-0.05,0.13,0.08,-0.05,-0.05,-0.04,-0.05,-0.06]",47.01,1198.81,25,425,,,,,,,0.12,-0.45,-0.76,0.75,0.2,0.01,,,,
11126,30.817197799682617,-105.08563232421875,77.31,6.61,0.73,0.09,-0.01,0.0,-0.02,0.01,0.0,"[81.51,76.41,81.78,65.42,78.34,71.41,88.45,71.41,70.21,88.12]","[0.11,0.10,0.11,0.07,0.00,0.10,0.11,0.12,0.11,0.10]","[-0.07,-0.06,-0.05,0.13,0.08,-0.05,-0.05,-0.04,-0.05,-0.06]",46.97,1198.77,25,426,,,,,,,0.12,-0.45,-0.76,0.75,0.2,0.01,,,,
11126,30.817197799682617,-105.08563232421875,77.31,6.61,0.73,0.09,-0.01,0.0,-0.02,0.01,0.0,"[81.51,76.41,81.78,65.42,78.34,71.41,88.45,71.41,70.21,88.12]","[0.11,0.10,0.11,0.07,0.00,0.10,0.11,0.12,0.11,0.10]","[-0.07,-0.06,-0.05,0.13,0.08,-0.05,-0.05,-0.04,-0.05,-0.06]",46.97,1198.77,25,426,,,,,,,0.12,-0.45,-0.76,0.75,0.2,0.01,,,,
11127,30.817197799682617,-105.0855941772461,77.31,6.61,0.73,0.09,-0.01,0.0,-0.02,0.01,0.0,"[81.51,76.41,81.78,65.42,78.34,71.41,88.45,71.41,70.21,88.12]","[0.11,0.10,0.11,0.07,0.00,0.10,0.11,0.12,0.11,0.10]","[-0.07,-0.06,-0.05,0.13,0.08,-0.05,-0.05,-0.04,-0.05,-0.06]",46.86,1198.66,25,427,,,,,,,0.12,-0.45,-0.76,0.75,0.2,0.01,,,,
11127,30.817197799682617,-105.0855941772461,77.31,6.61,0.73,0.09,-0.01,0.0,-0.02,0.01,0.0,"[81.51,76.41,81.78,65.42,78.34,71.41,88.45,71.41,70.21,88.12]","[0.11,0.10,0.11,0.07,0.00,0.10,0.11,0.12,0.11,0.10]","[-0.07,-0.06,-0.05,0.13,0.08,-0.05,-0.05,-0.04,-0.05,-0.06]",46.86,1198.66,25,427,,,,,,,0.12,-0.45,-0.76,0.75,0.2,0.01,,,,
11552,30.817155838012695,-105.08573150634766,77.24,6.62,0.74,0.09,-0.01,0.0,-0.02,0.01,0.0,"[81.43,76.38,81.71,65.17,78.28,71.37,88.40,71.40,70.24,88.05]","[0.11,0.10,0.11,0.07,0.00,0.10,0.11,0.12,0.11,0.10]","[-0.07,-0.07,-0.05,0.12,0.08,-0.06,-0.05,-0.04,-0.05,-0.06]",46.51,1198.31,26,424,,,,,,,0.11,-0.45,-0.76,0.76,0.19,0.01,,,,
11552,30.817155838012695,-105.08573150634766,77.24,6.62,0.74,0.09,-0.01,0.0,-0.02,0.01,0.0,"[81.43,76.38,81.71,65.17,78.28,71.37,88.40,71.40,70.24,88.05]","[0.11,0.10,0.11,0.07,0.00,0.10,0.11,0.12,0.11,0.10]","[-0.07,-0.07,-0.05,0.12,0.08,-0.06,-0.05,-0.04,-0.05,-0.06]",46.51,1198.31,26,424,,,,,,,0.11,-0.45,-0.76,0.76,0.19,0.01,,,,
11553,30.817155838012695,-105.085693359375,77.25,6.56,0.73,0.09,-0.01,0.0,-0.02,0.01,0.0,"[81.48,76.41,81.73,65.04,78.28,71.41,88.42,71.41,70.23,88.04]","[0.11,0.10,0.11,0.07,0.00,0.10,0.11,0.12,0.11,0.10]","[-0.07,-0.07,-0.05,0.12,0.08,-0.06,-0.05,-0.04,-0.05,-0.06]",46.61,1198.41,26,425,,,,,,,0.12,-0.45,-0.76,0.75,0.19,0.01,,,,
11553,30.817155838012695,-105.085693359375,77.25,6.56,0.73,0.09,-0.01,0.0,-0.02,0.01,0.0,"[81.48,76.41,81.73,65.04,78.28,71.41,88.42,71.41,70.23,88.04]","[0.11,0.10,0.11,0.07,0.00,0.10,0.11,0.12,0.11,0.10]","[-0.07,-0.07,-0.05,0.12,0.08,-0.06,-0.05,-0.04,-0.05,-0.06]",46.61,1198.41,26,425,,,,,,,0.12,-0.45,-0.76,0.75,0.19,0.01,,,,
11554,30.817155838012695,-105.08563232421875,77.25,6.55,0.73,0.09,-0.01,0.0,-0.02,0.01,0.0,"[81.49,76.42,81.73,65.03,78.28,71.41,88.42,71.41,70.23,88.04]","[0.11,0.10,0.11,0.07,0.00,0.10,0.11,0.12,0.11,0.10]","[-0.07,-0.07,-0.05,0.12,0.08,-0.06,-0.05,-0.04,-0.05,-0.06]",46.61,1198.41,26,426,,,,,,,0.12,-0.45,-0.76,0.75,0.19,0.01,,,,
11554,30.817155838012695,-105.08563232421875,77.25,6.55,0.73,0.09,-0.01,0.0,-0.02,0.01,0.0,"[81.49,76.42,81.73,65.03,78.28,71.41,88.42,71.41,70.23,88.04]","[0.11,0.10,0.11,0.07,0.00,0.10,0.11,0.12,0.11,0.10]","[-0.07,-0.07,-0.05,0.12,0.08,-0.06,-0.05,-0.04,-0.05,-0.06]",46.61,1198.41,26,426,,,,,,,0.12,-0.45,-0.76,0.75,0.19,0.01,,,,
11555,30.817155838012695,-105.0855941772461,77.25,6.55,0.73,0.09,-0.01,0.0,-0.02,0.01,0.0,"[81.49,76.42,81.73,65.03,78.28,71.41,88.42,71.41,70.23,88.04]","[0.11,0.10,0.11,0.07,0.00,0.10,0.11,0.12,0.11,0.10]","[-0.07,-0.07,-0.05,0.12,0.08,-0.06,-0.05,-0.04,-0.05,-0.06]",46.47,1198.27,26,427,,,,,,,0.12,-0.45,-0.76,0.75,0.19,0.01,,,,
11555,30.817155838012695,-105.0855941772461,77.25,6.55,0.73,0.09,-0.01,0.0,-0.02,0.01,0.0,"[81.49,76.42,81.73,65.03,78.28,71.41,88.42,71.41,70.23,88.04]","[0.11,0.10,0.11,0.07,0.00,0.10,0.11,0.12,0.11,0.10]","[-0.07,-0.07,-0.05,0.12,0.08,-0.06,-0.05,-0.04,-0.05,-0.06]",46.47,1198.27,26,427,,,,,,,0.12,-0.45,-0.76,0.75,0.19,0.01,,,,
11980,30.817110061645508,-105.08573150634766,77.18,6.57,0.73,0.09,-0.01,0.0,-0.02,0.01,0.0,"[81.40,76.38,81.67,64.80,78.23,71.37,88.37,71.39,70.26,87.97]","[0.11,0.10,0.11,0.07,0.00,0.10,0.11,0.12,0.11,0.10]","[-0.07,-0.07,-0.05,0.12,0.08,-0.06,-0.05,-0.04,-0.05,-0.06]",46.14,1197.94,27,424,,,,,,,0.11,-0.45,-0.76,0.76,0.19,0.01,,,,
11980,30.817110061645508,-105.08573150634766,77.18,6.57,0.73,0.09,-0.01,0.0,-0.02,0.01,0.0,"[81.40,76.38,81.67,64.80,78.23,71.37,88.37,71.39,70.26,87.97]","[0.11,0.10,0.11,0.07,0.00,0.10,0.11,0.12,0.11,0.10]","[-0.07,-0.07,-0.05,0.12,0.08,-0.06,-0.05,-0.04,-0.05,-0.06]",46.14,1197.94,27,424,,,,,,,0.11,-0.45,-0.76,0.76,0.19,0.01,,,,
11981,30.817110061645508,-105.085693359375,77.19,6.51,0.72,0.09,-0.01,0.0,-0.02,0.01,0.0,"[81.45,76.42,81.69,64.69,78.21,71.40,88.38,71.40,70.25,87.96]","[0.11,0.10,0.11,0.07,0.00,0.10,0.11,0.12,0.11,0.10]","[-0.07,-0.07,-0.05,0.12,0.08,-0.06,-0.05,-0.04,-0.05,-0.06]",46.07,1197.87,27,425,,,,,,,0.12,-0.46,-0.76,0.75,0.18,0.01,,,,
11981,30.817110061645508,-105.085693359375,77.19,6.51,0.72,0.09,-0.01,0.0,-0.02,0.01,0.0,"[81.45,76.42,81.69,64.69,78.21,71.40,88.38,71.40,70.25,87.96]","[0.11,0.10,0.11,0.07,0.00,0.10,0.11,0.12,0.11,0.10]","[-0.07,-0.07,-0.05,0.12,0.08,-0.06,-0.05,-0.04,-0.05,-0.06]",46.07,1197.87,27,425,,,,,,,0.12,-0.46,-0.76,0.75,0.18,0.01,,,,
11982,30.817110061645508,-105.08563232421875,77.19,6.5,0.72,0.09,-0.01,0.0,-0.02,0.01,0.0,"[81.46,76.42,81.69,64.68,78.21,71.40,88.39,71.40,70.25,87.96]","[0.11,0.10,0.11,0.07,0.00,0.10,0.11,0.12,0.11,0.10]","[-0.07,-0.07,-0.05,0.12,0.08,-0.06,-0.05,-0.04,-0.05,-0.06]",46.08,1197.88,27,426,,,,,,,0.12,-0.46,-0.77,0.75,0.18,0.01,,,,
11982,30.817110061645508,-105.08563232421875,77.19,6.5,0.72,0.09,-0.01,0.0,-0.02,0.01,0.0,"[81.46,76.42,81.69,64.68,78.21,71.40,88.39,71.40,70.25,87.96]","[0.11,0.10,0.11,0.07,0.00,0.10,0.11,0.12,0.11,0.10]","[-0.07,-0.07,-0.05,0.12,0.08,-0.06,-0.05,-0.04,-0.05,-0.06]",46.08,1197.88,27,426,,,,,,,0.12,-0.46,-0.77,0.75,0.18,0.01,,,,
11983,30.817110061645508,-105.0855941772461,77.19,6.5,0.72,0.09,-0.01,0.0,-0.02,0.01,0.0,"[81.46,76.42,81.69,64.68,78.21,71.40,88.39,71.40,70.25,87.96]","[0.11,0.10,0.11,0.07,0.00,0.10,0.11,0.12,0.11,0.10]","[-0.07,-0.07,-0.05,0.12,0.08,-0.06,-0.05,-0.04,-0.05,-0.06]",46.0,1197.8,27,427,,,,,,,0.12,-0.46,-0.77,0.75,0.18,0.01,,,,
11983,30.817110061645508,-105.0855941772461,77.19,6.5,0.72,0.09,-0.01,0.0,-0.02,0.01,0.0,"[81.46,76.42,81.69,64.68,78.21,71.40,88.39,71.40,70.25,87.96]","[0.11,0.10,0.11,0.07,0.00,0.10,0.11,0.12,0.11,0.10]","[-0.07,-0.07,-0.05,0.12,0.08,-0.06,-0.05,-0.04,-0.05,-0.06]",46.0,1197.8,27,427,,,,,,,0.12,-0.46,-0.77,0.75,0.18,0.01,,,,
12408,30.817066192626953,-105.08573150634766,77.12,6.54,0.73,0.09,-0.01,0.0,-0.02,0.01,0.0,"[81.35,76.35,81.60,64.60,78.14,71.33,88.31,71.36,70.27,87.89]","[0.11,0.10,0.11,0.07,0.00,0.10,0.11,0.12,0.11,0.10]","[-0.07,-0.07,-0.05,0.12,0.08,-0.06,-0.05,-0.04,-0.05,-0.06]",45.7,1197.5,28,424,,,,,,,0.11,-0.46,-0.76,0.75,0.18,0.01,,,,
12408,30.817066192626953,-105.08573150634766,77.12,6.54,0.73,0.09,-0.01,0.0,-0.02,0.01,0.0,"[81.35,76.35,81.60,64.60,78.14,71.33,88.31,71.36,70.27,87.89]","[0.11,0.10,0.11,0.07,0.00,0.10,0.11,0.12,0.11,0.10]","[-0.07,-0.07,-0.05,0.12,0.08,-0.06,-0.05,-0.04,-0.05,-0.06]",45.7,1197.5,28,424,,,,,,,0.11,-0.46,-0.76,0.75,0.18,0.01,,,,
12409,30.817066192626953,-105.085693359375,77.12,6.48,0.72,0.09,-0.01,0.0,-0.02,0.01,0.0,"[81.40,76.38,81.62,64.51,78.13,71.36,88.32,71.37,70.26,87.88]","[0.11,0.10,0.11,0.07,0.00,0.10,0.11,0.12,0.11,0.10]","[-0.07,-0.07,-0.05,0.12,0.08,-0.06,-0.05,-0.04,-0.05,-0.06]",45.6,1197.4,28,425,,,,,,,0.12,-0.46,-0.76,0.75,0.18,0.01,,,,
12409,30.817066192626953,-105.085693359375,77.12,6.48,0.72,0.09,-0.01,0.0,-0.02,0.01,0.0,"[81.40,76.38,81.62,64.51,78.13,71.36,88.32,71.37,70.26,87.88]","[0.11,0.10,0.11,0.07,0.00,0.10,0.11,0.12,0.11,0.10]","[-0.07,-0.07,-0.05,0.12,0.08,-0.06,-0.05,-0.04,-0.05,-0.06]",45.6,1197.4,28,425,,,,,,,0.12,-0.46,-0.76,0.75,0.18,0.01,,,,
12410,30.817066192626953,-105.08563232421875,77.12,6.47,0.72,0.09,-0.01,0.0,-0.02,0.01,0.0,"[81.40,76.39,81.62,64.50,78.13,71.37,88.33,71.37,70.26,87.88]","[0.11,0.10,0.11,0.07,0.00,0.10,0.11,0.12,0.11,0.10]","[-0.07,-0.07,-0.05,0.12,0.08,-0.06,-0.05,-0.04,-0.05,-0.06]",45.65,1197.45,28,426,,,,,,,0.12,-0.46,-0.76,0.75,0.18,0.01,,,,
12410,30.817066192626953,-105.08563232421875,77.12,6.47,0.72,0.09,-0.01,0.0,-0.02,0.01,0.0,"[81.40,76.39,81.62,64.50,78.13,71.37,88.33,71.37,70.26,87.88]","[0.11,0.10,0.11,0.07,0.00,0.10,0.11,0.12,0.11,0.10]","[-0.07,-0.07,-0.05,0.12,0.08,-0.06,-0.05,-0.04,-0.05,-0.06]",45.65,1197.45,28,426,,,,,,,0.12,-0.46,-0.76,0.75,0.18,0.01,,,,
12411,30.817066192626953,-105.0855941772461,77.12,6.47,0.72,0.09,-0.01,0.0,-0.02,0.01,0.0,"[81.40,76.39,81.62,64.50,78.13,71.37,88.33,71.37,70.26,87.88]","[0.11,0.10,0.11,0.07,0.00,0.10,0.11,0.12,0.11,0.10]","[-0.07,-0.07,-0.05,0.12,0.08,-0.06,-0.05,-0.04,-0.05,-0.06]",45.61,1197.41,28,427,,,,,,,0.12,-0.46,-0.76,0.75,0.18,0.01,,,,
12411,30.817066192626953,-105.0855941772461,77.12,6.47,0.72,0.09,-0.01,0.0,-0.02,0.01,0.0,"[81.40,76.39,81.62,64.50,78.13,71.37,88.33,71.37,70.26,87.88]","[0.11,0.10,0.11,0.07,0.00,0.10,0.11,0.12,0.11,0.10]","[-0.07,-0.07,-0.05,0.12,0.08,-0.06,-0.05,-0.04,-0.05,-0.06]",45.61,1197.41,28,427,,,,,,,0.12,-0.46,-0.76,0.75,0.18,0.01,,,,
12836,30.817018508911133,-105.08573150634766,77.06,6.51,0.72,0.09,-0.01,0.0,-0.02,0.01,0.0,"[81.30,76.31,81.53,64.43,78.05,71.29,88.25,71.33,70.28,87.82]","[0.11,0.10,0.11,0.07,-0.00,0.10,0.11,0.12,0.11,0.10]","[-0.07,-0.07,-0.05,0.12,0.08,-0.06,-0.05,-0.04,-0.05,-0.06]",45.29,1197.09,29,424,,,,,,,0.12,-0.46,-0.76,0.75,0.18,0.01,,,,
12836,30.817018508911133,-105.08573150634766,77.06,6.51,0.72,0.09,-0.01,0.0,-0.02,0.01,0.0,"[81.30,76.31,81.53,64.43,78.05,71.29,88.25,71.33,70.28,87.82]","[0.11,0.10,0.11,0.07,-0.00,0.10,0.11,0.12,0.11,0.10]","[-0.07,-0.07,-0.05,0.12,0.08,-0.06,-0.05,-0.04,-0.05,-0.06]",45.29,1197.09,29,424,,,,,,,0.12,-0.46,-0.76,0.75,0.18,0.01,,,,
12837,30.817018508911133,-105.085693359375,77.06,6.45,0.72,0.09,-0.01,0.0,-0.02,0.01,0.0,"[81.35,76.34,81.54,64.36,78.03,71.32,88.26,71.33,70.27,87.80]","[0.11,0.10,0.11,0.07,0.00,0.10,0.11,0.12,0.11,0.10]","[-0.07,-0.07,-0.05,0.12,0.08,-0.06,-0.05,-0.04,-0.05,-0.06]",45.33,1197.13,29,425,,,,,,,0.12,-0.46,-0.76,0.75,0.18,0.01,,,,
12837,30.817018508911133,-105.085693359375,77.06,6.45,0.72,0.09,-0.01,0.0,-0.02,0.01,0.0,"[81.35,76.34,81.54,64.36,78.03,71.32,88.26,71.33,70.27,87.80]","[0.11,0.10,0.11,0.07,0.00,0.10,0.11,0.12,0.11,0.10]","[-0.07,-0.07,-0.05,0.12,0.08,-0.06,-0.05,-0.04,-0.05,-0.06]",45.33,1197.13,29,425,,,,,,,0.12,-0.46,-0.76,0.75,0.18,0.01,,,,
12838,30.817018508911133,-105.08563232421875,77.06,6.45,0.72,0.09,-0.01,0.0,-0.02,0.01,0.0,"[81.35,76.35,81.54,64.35,78.03,71.32,88.26,71.33,70.27,87.80]","[0.11,0.10,0.11,0.07,0.00,0.10,0.11,0.12,0.11,0.10]","[-0.07,-0.07,-0.05,0.12,0.08,-0.06,-0.05,-0.04,-0.05,-0.06]",45.49,1197.28,29,426,,,,,,,0.12,-0.46,-0.76,0.75,0.18,0.01,,,,
12838,30.817018508911133,-105.08563232421875,77.06,6.45,0.72,0.09,-0.01,0.0,-0.02,0.01,0.0,"[81.35,76.35,81.54,64.35,78.03,71.32,88.26,71.33,70.27,87.80]","[0.11,0.10,0.11,0.07,0.00,0.10,0.11,0.12,0.11,0.10]","[-0.07,-0.07,-0.05,0.12,0.08,-0.06,-0.05,-0.04,-0.05,-0.06]",45.49,1197.28,29,426,,,,,,,0.12,-0.46,-0.76,0.75,0.18,0.01,,,,
12839,30.817018508911133,-105.0855941772461,77.06,6.45,0.72,0.09,-0.01,0.0,-0.02,0.01,0.0,"[81.35,76.35,81.54,64.35,78.03,71.32,88.26,71.33,70.27,87.80]","[0.11,0.10,0.11,0.07,0.00,0.10,0.11,0.12,0.11,0.10]","[-0.07,-0.07,-0.05,0.12,0.08,-0.06,-0.05,-0.04,-0.05,-0.06]",45.5,1197.3,29,427,,,,,,,0.12,-0.46,-0.76,0.75,0.18,0.01,,,,
12839,30.817018508911133,-105.0855941772461,77.06,6.45,0.72,0.09,-0.01,0.0,-0.02,0.01,0.0,"[81.35,76.35,81.54,64.35,78.03,71.32,88.26,71.33,70.27,87.80]","[0.11,0.10,0.11,0.07,0.00,0.10,0.11,0.12,0.11,0.10]","[-0.07,-0.07,-0.05,0.12,0.08,-0.06,-0.05,-0.04,-0.05,-0.06]",45.5,1197.3,29,427,,,,,,,0.12,-0.46,-0.76,0.75,0.18,0.01,,,,
13264,30.816974639892578,-105.08573150634766,77.0,6.49,0.72,0.09,-0.01,0.0,-0.02,0.01,0.0,"[81.25,76.27,81.45,64.26,77.95,71.25,88.19,71.30,70.29,87.74]","[0.11,0.10,0.11,0.07,-0.01,0.10,0.11,0.12,0.11,0.10]","[-0.06,-0.07,-0.04,0.12,0.08,-0.06,-0.05,-0.04,-0.05,-0.05]",45.05,1196.85,30,424,,,,,,,0.12,-0.46,-0.76,0.74,0.18,0.01,,,,
13264,30.816974639892578,-105.08573150634766,77.0,6.49,0.72,0.09,-0.01,0.0,-0.02,0.01,0.0,"[81.25,76.27,81.45,64.26,77.95,71.25,88.19,71.30,70.29,87.74]","[0.11,0.10,0.11,0.07,-0.01,0.10,0.11,0.12,0.11,0.10]","[-0.06,-0.07,-0.04,0.12,0.08,-0.06,-0.05,-0.04,-0.05,-0.05]",45.05,1196.85,30,424,,,,,,,0.12,-0.46,-0.76,0.74,0.18,0.01,,,,
13265,30.816974639892578,-105.085693359375,77.0,6.43,0.71,0.09,-0.01,0.0,-0.02,0.01,0.0,"[81.29,76.30,81.46,64.20,77.94,71.28,88.19,71.30,70.28,87.72]","[0.11,0.10,0.11,0.07,-0.00,0.10,0.11,0.12,0.11,0.10]","[-0.06,-0.07,-0.05,0.12,0.08,-0.06,-0.05,-0.04,-0.05,-0.05]",45.09,1196.89,30,425,,,,,,,0.12,-0.46,-0.76,0.75,0.18,0.01,,,,
13265,30.816974639892578,-105.085693359375,77.0,6.43,0.71,0.09,-0.01,0.0,-0.02,0.01,0.0,"[81.29,76.30,81.46,64.20,77.94,71.28,88.19,71.30,70.28,87.72]","[0.11,0.10,0.11,0.07,-0.00,0.10,0.11,0.12,0.11,0.10]","[-0.06,-0.07,-0.05,0.12,0.08,-0.06,-0.05,-0.04,-0.05,-0.05]",45.09,1196.89,30,425,,,,,,,0.12,-0.46,-0.76,0.75,0.18,0.01,,,,
13266,30.816974639892578,-105.08563232421875,77.0,6.42,0.71,0.09,-0.01,0.0,-0.02,0.01,0.0,"[81.29,76.30,81.47,64.20,77.94,71.28,88.19,71.30,70.27,87.72]","[0.11,0.10,0.11,0.07,-0.00,0.10,0.11,0.12,0.11,0.10]","[-0.07,-0.07,-0.05,0.12,0.08,-0.06,-0.05,-0.04,-0.05,-0.06]",45.36,1197.16,30,426,,,,,,,0.12,-0.46,-0.76,0.75,0.18,0.01,,,,
13266,30.816974639892578,-105.08563232421875,77.0,6.42,0.71,0.09,-0.01,0.0,-0.02,0.01,0.0,"[81.29,76.30,81.47,64.20,77.94,71.28,88.19,71.30,70.27,87.72]","[0.11,0.10,0.11,0.07,-0.00,0.10,0.11,0.12,0.11,0.10]","[-0.07,-0.07,-0.05,0.12,0.08,-0.06,-0.05,-0.04,-0.05,-0.06]",45.36,1197.16,30,426,,,,,,,0.12,-0.46,-0.76,0.75,0.18,0.01,,,,
13267,30.816974639892578,-105.0855941772461,77.0,6.42,0.71,0.09,-0.01,0.0,-0.02,0.01,0.0,"[81.29,76.30,81.47,64.20,77.94,71.28,88.19,71.30,70.27,87.72]","[0.11,0.10,0.11,0.07,-0.00,0.10,0.11,0.12,0.11,0.10]","[-0.07,-0.07,-0.05,0.12,0.08,-0.06,-0.05,-0.04,-0.05,-0.06]",45.26,1197.06,30,427,,,,,,,0.12,-0.46,-0.76,0.75,0.18,0.01,,,,
13267,30.816974639892578,-105.0855941772461,77.0,6.42,0.71,0.09,-0.01,0.0,-0.02,0.01,0.0,"[81.29,76.30,81.47,64.20,77.94,71.28,88.19,71.30,70.27,87.72]","[0.11,0.10,0.11,0.07,-0.00,0.10,0.11,0.12,0.11,0.10]","[-0.07,-0.07,-0.05,0.12,0.08,-0.06,-0.05,-0.04,-0.05,-0.06]",45.26,1197.06,30,427,,,,,,,0.12,-0.46,-0.76,0.75,0.18,0.01,,,,
13692,30.81692886352539,-105.08573150634766,76.93,6.46,0.72,0.09,-0.01,0.0,-0.02,0.01,0.0,"[81.20,76.23,81.38,64.09,77.86,71.21,88.12,71.27,70.30,87.66]","[0.11,0.11,0.11,0.07,-0.01,0.10,0.11,0.12,0.11,0.10]","[-0.06,-0.07,-0.04,0.11,0.08,-0.06,-0.05,-0.03,-0.05,-0.05]",44.94,1196.74,31,424,,,,,,,0.12,-0.46,-0.76,0.74,0.18,0.01,,,,
13692,30.81692886352539,-105.08573150634766,76.93,6.46,0.72,0.09,-0.01,0.0,-0.02,0.01,0.0,"[81.20,76.23,81.38,64.09,77.86,71.21,88.12,71.27,70.30,87.66]","[0.11,0.11,0.11,0.07,-0.01,0.10,0.11,0.12,0.11,0.10]","[-0.06,-0.07,-0.04,0.11,0.08,-0.06,-0.05,-0.03,-0.05,-0.05]",44.94,1196.74,31,424,,,,,,,0.12,-0.46,-0.76,0.74,0.18,0.01,,,,
13693,30.81692886352539,-105.085693359375,76.93,6.4,0.71,0.09,-0.01,0.0,-0.02,0.01,0.0,"[81.24,76.26,81.39,64.05,77.84,71.23,88.13,71.27,70.28,87.64]","[0.11,0.11,0.11,0.07,-0.01,0.10,0.11,0.12,0.11,0.10]","[-0.06,-0.07,-0.04,0.11,0.07,-0.06,-0.05,-0.03,-0.05,-0.05]",44.37,1196.17,31,425,,,,,,,0.12,-0.47,-0.76,0.75,0.18,0.01,,,,
13693,30.81692886352539,-105.085693359375,76.93,6.4,0.71,0.09,-0.01,0.0,-0.02,0.01,0.0,"[81.24,76.26,81.39,64.05,77.84,71.23,88.13,71.27,70.28,87.64]","[0.11,0.11,0.11,0.07,-0.01,0.10,0.11,0.12,0.11,0.10]","[-0.06,-0.07,-0.04,0.11,0.07,-0.06,-0.05,-0.03,-0.05,-0.05]",44.37,1196.17,31,425,,,,,,,0.12,-0.47,-0.76,0.75,0.18,0.01,,,,
13694,30.81692886352539,-105.08563232421875,76.93,6.4,0.71,0.09,-0.01,0.0,-0.02,0.01,0.0,"[81.24,76.26,81.39,64.04,77.84,71.23,88.13,71.27,70.28,87.63]","[0.11,0.11,0.11,0.07,-0.01,0.10,0.11,0.12,0.11,0.10]","[-0.06,-0.07,-0.04,0.11,0.07,-0.06,-0.05,-0.03,-0.05,-0.05]",44.53,1196.33,31,426,,,,,,,0.12,-0.47,-0.75,0.75,0.17,0.01,,,,
13694,30.81692886352539,-105.08563232421875,76.93,6.4,0.71,0.09,-0.01,0.0,-0.02,0.01,0.0,"[81.24,76.26,81.39,64.04,77.84,71.23,88.13,71.27,70.28,87.63]","[0.11,0.11,0.11,0.07,-0.01,0.10,0.11,0.12,0.11,0.10]","[-0.06,-0.07,-0.04,0.11,0.07,-0.06,-0.05,-0.03,-0.05,-0.05]",44.53,1196.33,31,426,,,,,,,0.12,-0.47,-0.75,0.75,0.17,0.01,,,,
13695,30.81692886352539,-105.0855941772461,76.93,6.4,0.71,0.09,-0.01,0.0,-0.02,0.01,0.0,"[81.24,76.26,81.39,64.04,77.84,71.23,88.13,71.27,70.28,87.63]","[0.11,0.11,0.11,0.07,-0.01,0.10,0.11,0.12,0.11,0.10]","[-0.06,-0.07,-0.04,0.11,0.07,-0.06,-0.05,-0.03,-0.05,-0.05]",44.61,1196.41,31,427,,,,,,,0.12,-0.47,-0.75,0.75,0.17,0.01,,,,
13695,30.81692886352539,-105.0855941772461,76.93,6.4,0.71,0.09,-0.01,0.0,-0.02,0.01,0.0,"[81.24,76.26,81.39,64.04,77.84,71.23,88.13,71.27,70.28,87.63]","[0.11,0.11,0.11,0.07,-0.01,0.10,0.11,0.12,0.11,0.10]","[-0.06,-0.07,-0.04,0.11,0.07,-0.06,-0.05,-0.03,-0.05,-0.05]",44.61,1196.41,31,427,,,,,,,0.12,-0.47,-0.75,0.75,0.17,0.01,,,,
14120,30.816884994506836,-105.08573150634766,76.87,6.43,0.71,0.09,-0.01,0.0,-0.02,0.01,0.0,"[81.15,76.19,81.31,63.92,77.77,71.17,88.06,71.24,70.31,87.58]","[0.11,0.11,0.11,0.07,-0.01,0.10,0.11,0.12,0.11,0.10]","[-0.06,-0.07,-0.04,0.11,0.07,-0.06,-0.05,-0.03,-0.05,-0.05]",44.55,1196.34,32,424,,,,,,,0.12,-0.46,-0.76,0.74,0.18,0.01,,,,
14120,30.816884994506836,-105.08573150634766,76.87,6.43,0.71,0.09,-0.01,0.0,-0.02,0.01,0.0,"[81.15,76.19,81.31,63.92,77.77,71.17,88.06,71.24,70.31,87.58]","[0.11,0.11,0.11,0.07,-0.01,0.10,0.11,0.12,0.11,0.10]","[-0.06,-0.07,-0.04,0.11,0.07,-0.06,-0.05,-0.03,-0.05,-0.05]",44.55,1196.34,32,424,,,,,,,0.12,-0.46,-0.76,0.74,0.18,0.01,,,,
14121,30.816884994506836,-105.085693359375,76.87,6.37,0.71,0.09,-0.01,0.0,-0.02,0.01,0.0,"[81.18,76.22,81.31,63.89,77.75,71.19,88.06,71.24,70.29,87.55]","[0.11,0.11,0.11,0.07,-0.01,0.10,0.11,0.12,0.11,0.10]","[-0.06,-0.07,-0.04,0.11,0.07,-0.06,-0.05,-0.03,-0.05,-0.05]",43.64,1195.44,32,425,,,,,,,0.12,-0.47,-0.75,0.75,0.17,0.01,,,,
14121,30.816884994506836,-105.085693359375,76.87,6.37,0.71,0.09,-0.01,0.0,-0.02,0.01,0.0,"[81.18,76.22,81.31,63.89,77.75,71.19,88.06,71.24,70.29,87.55]","[0.11,0.11,0.11,0.07,-0.01,0.10,0.11,0.12,0.11,0.10]","[-0.06,-0.07,-0.04,0.11,0.07,-0.06,-0.05,-0.03,-0.05,-0.05]",43.64,1195.44,32,425,,,,,,,0.12,-0.47,-0.75,0.75,0.17,0.01,,,,
14122,30.816884994506836,-105.08563232421875,76.87,6.37,0.71,0.09,-0.01,0.0,-0.02,0.01,0.0,"[81.18,76.22,81.31,63.89,77.75,71.19,88.06,71.24,70.29,87.55]","[0.11,0.11,0.11,0.07,-0.01,0.10,0.11,0.12,0.11,0.10]","[-0.06,-0.07,-0.04,0.11,0.07,-0.06,-0.05,-0.03,-0.05,-0.05]",42.91,1194.71,32,426,,,,,,,0.12,-0.47,-0.75,0.75,0.17,0.01,,,,
14122,30.816884994506836,-105.08563232421875,76.87,6.37,0.71,0.09,-0.01,0.0,-0.02,0.01,0.0,"[81.18,76.22,81.31,63.89,77.75,71.19,88.06,71.24,70.29,87.55]","[0.11,0.11,0.11,0.07,-0.01,0.10,0.11,0.12,0.11,0.10]","[-0.06,-0.07,-0.04,0.11,0.07,-0.06,-0.05,-0.03,-0.05,-0.05]",42.91,1194.71,32,426,,,,,,,0.12,-0.47,-0.75,0.75,0.17,0.01,,,,
14123,30.816884994506836,-105.0855941772461,76.87,6.37,0.71,0.09,-0.01,0.0,-0.02,0.01,0.0,"[81.18,76.22,81.31,63.89,77.75,71.19,88.06,71.24,70.29,87.55]","[0.11,0.11,0.11,0.07,-0.01,0.10,0.11,0.12,0.11,0.10]","[-0.06,-0.07,-0.04,0.11,0.07,-0.06,-0.05,-0.03,-0.05,-0.05]",43.34,1195.14,32,427,,,,,,,0.12,-0.47,-0.75,0.75,0.17,0.01,,,,
14123,30.816884994506836,-105.0855941772461,76.87,6.37,0.71,0.09,-0.01,0.0,-0.02,0.01,0.0,"[81.18,76.22,81.31,63.89,77.75,71.19,88.06,71.24,70.29,87.55]","[0.11,0.11,0.11,0.07,-0.01,0.10,0.11,0.12,0.11,0.10]","[-0.06,-0.07,-0.04,0.11,0.07,-0.06,-0.05,-0.03,-0.05,-0.05]",43.34,1195.14,32,427,,,,,,,0.12,-0.47,-0.75,0.75,0.17,0.01,,,,
14548,30.81683921813965,-105.08573150634766,76.8,6.41,0.71,0.09,-0.01,0.0,-0.02,0.01,0.0,"[81.09,76.15,81.23,63.76,77.68,71.13,87.99,71.20,70.32,87.50]","[0.11,0.11,0.11,0.07,-0.01,0.10,0.11,0.12,0.11,0.10]","[-0.06,-0.07,-0.04,0.11,0.07,-0.06,-0.05,-0.03,-0.05,-0.05]",43.12,1194.92,33,424,,,,,,,0.13,-0.46,-0.76,0.73,0.18,0.01,,,,
14548,30.81683921813965,-105.08573150634766,76.8,6.41,0.71,0.09,-0.01,0.0,-0.02,0.01,0.0,"[81.09,76.15,81.23,63.76,77.68,71.13,87.99,71.20,70.32,87.50]","[0.11,0.11,0.11,0.07,-0.01,0.10,0.11,0.12,0.11,0.10]","[-0.06,-0.07,-0.04,0.11,0.07,-0.06,-0.05,-0.03,-0.05,-0.05]",43.12,1194.92,33,424,,,,,,,0.13,-0.46,-0.76,0.73,0.18,0.01,,,,
14549,30.81683921813965,-105.085693359375,76.8,6.35,0.71,0.09,-0.01,0.0,-0.02,0.01,0.0,"[81.12,76.17,81.24,63.74,77.65,71.14,87.99,71.20,70.30,87.47]","[0.11,0.11,0.11,0.07,-0.01,0.10,0.11,0.12,0.11,0.10]","[-0.06,-0.07,-0.04,0.11,0.07,-0.06,-0.05,-0.03,-0.05,-0.05]",42.53,1194.33,33,425,,,,,,,0.12,-0.47,-0.75,0.75,0.17,0.01,,,,
14549,30.81683921813965,-105.085693359375,76.8,6.35,0.71,0.09,-0.01,0.0,-0.02,0.01,0.0,"[81.12,76.17,81.24,63.74,77.65,71.14,87.99,71.20,70.30,87.47]","[0.11,0.11,0.11,0.07,-0.01,0.10,0.11,0.12,0.11,0.10]","[-0.06,-0.07,-0.04,0.11,0.07,-0.06,-0.05,-0.03,-0.05,-0.05]",42.53,1194.33,33,425,,,,,,,0.12,-0.47,-0.75,0.75,0.17,0.01,,,,
14550,30.81683921813965,-105.08563232421875,76.8,6.34,0.71,0.09,-0.01,0.0,-0.02,0.01,0.0,"[81.12,76.17,81.24,63.74,77.65,71.14,87.99,71.20,70.30,87.47]","[0.11,0.11,0.11,0.07,-0.01,0.10,0.11,0.12,0.11,0.10]","[-0.06,-0.07,-0.04,0.11,0.07,-0.06,-0.05,-0.03,-0.05,-0.05]",41.75,1193.54,33,426,,,,,,,0.12,-0.47,-0.75,0.75,0.17,0.01,,,,
14550,30.81683921813965,-105.08563232421875,76.8,6.34,0.71,0.09,-0.01,0.0,-0.02,0.01,0.0,"[81.12,76.17,81.24,63.74,77.65,71.14,87.99,71.20,70.30,87.47]","[0.11,0.11,0.11,0.07,-0.01,0.10,0.11,0.12,0.11,0.10]","[-0.06,-0.07,-0.04,0.11,0.07,-0.06,-0.05,-0.03,-0.05,-0.05]",41.75,1193.54,33,426,,,,,,,0.12,-0.47,-0.75,0.75,0.17,0.01,,,,
14551,30.81683921813965,-105.0855941772461,76.8,6.34,0.71,0.09,-0.01,0.0,-0.02,0.01,0.0,"[81.12,76.17,81.24,63.74,77.65,71.14,87.99,71.20,70.30,87.47]","[0.11,0.11,0.11,0.07,-0.01,0.10,0.11,0.12,0.11,0.10]","[-0.06,-0.07,-0.04,0.11,0.07,-0.06,-0.05,-0.03,-0.05,-0.05]",41.66,1193.46,33,427,,,,,,,0.12,-0.47,-0.75,0.75,0.17,0.01,,,,
14551,30.81683921813965,-105.0855941772461,76.8,6.34,0.71,0.09,-0.01,0.0,-0.02,0.01,0.0,"[81.12,76.17,81.24,63.74,77.65,71.14,87.99,71.20,70.30,87.47]","[0.11,0.11,0.11,0.07,-0.01,0.10,0.11,0.12,0.11,0.10]","[-0.06,-0.07,-0.04,0.11,0.07,-0.06,-0.05,-0.03,-0.05,-0.05]",41.66,1193.46,33,427,,,,,,,0.12,-0.47,-0.75,0.75,0.17,0.01,,,,
14976,30.816797256469727,-105.08573150634766,76.71,6.39,0.71,0.09,-0.01,0.0,-0.02,0.01,0.0,"[81.01,76.06,81.12,63.62,77.57,71.02,87.88,71.13,70.30,87.40]","[0.11,0.11,0.11,0.07,-0.01,0.10,0.11,0.12,0.11,0.10]","[-0.06,-0.07,-0.04,0.11,0.07,-0.06,-0.05,-0.03,-0.05,-0.05]",41.56,1193.36,34,424,,,,,,,0.13,-0.46,-0.77,0.71,0.18,0.01,,,,
14976,30.816797256469727,-105.08573150634766,76.71,6.39,0.71,0.09,-0.01,0.0,-0.02,0.01,0.0,"[81.01,76.06,81.12,63.62,77.57,71.02,87.88,71.13,70.30,87.40]","[0.11,0.11,0.11,0.07,-0.01,0.10,0.11,0.12,0.11,0.10]","[-0.06,-0.07,-0.04,0.11,0.07,-0.06,-0.05,-0.03,-0.05,-0.05]",41.56,1193.36,34,424,,,,,,,0.13,-0.46,-0.77,0.71,0.18,0.01,,,,
14977,30.816797256469727,-105.085693359375,76.71,6.34,0.7,0.09,-0.01,0.0,-0.02,0.01,0.0,"[81.04,76.07,81.12,63.61,77.54,71.03,87.88,71.12,70.28,87.37]","[0.11,0.11,0.11,0.07,-0.01,0.10,0.11,0.12,0.11,0.10]","[-0.06,-0.07,-0.04,0.11,0.07,-0.06,-0.05,-0.03,-0.05,-0.05]",41.37,1193.17,34,425,,,,,,,0.13,-0.47,-0.76,0.73,0.18,0.01,,,,
14977,30.816797256469727,-105.085693359375,76.71,6.34,0.7,0.09,-0.01,0.0,-0.02,0.01,0.0,"[81.04,76.07,81.12,63.61,77.54,71.03,87.88,71.12,70.28,87.37]","[0.11,0.11,0.11,0.07,-0.01,0.10,0.11,0.12,0.11,0.10]","[-0.06,-0.07,-0.04,0.11,0.07,-0.06,-0.05,-0.03,-0.05,-0.05]",41.37,1193.17,34,425,,,,,,,0.13,-0.47,-0.76,0.73,0.18,0.01,,,,
14978,30.816797256469727,-105.08563232421875,76.71,6.34,0.7,0.09,-0.01,0.0,-0.02,0.01,0.0,"[81.04,76.07,81.12,63.61,77.54,71.04,87.88,71.12,70.28,87.37]","[0.11,0.11,0.11,0.07,-0.01,0.10,0.11,0.12,0.11,0.10]","[-0.06,-0.07,-0.04,0.11,0.07,-0.06,-0.05,-0.03,-0.05,-0.05]",41.09,1192.89,34,426,,,,,,,0.12,-0.47,-0.76,0.73,0.18,0.01,,,,
14978,30.816797256469727,-105.08563232421875,76.71,6.34,0.7,0.09,-0.01,0.0,-0.02,0.01,0.0,"[81.04,76.07,81.12,63.61,77.54,71.04,87.88,71.12,70.28,87.37]","[0.11,0.11,0.11,0.07,-0.01,0.10,0.11,0.12,0.11,0.10]","[-0.06,-0.07,-0.04,0.11,0.07,-0.06,-0.05,-0.03,-0.05,-0.05]",41.09,1192.89,34,426,,,,,,,0.12,-0.47,-0.76,0.73,0.18,0.01,,,,
14979,30.816797256469727,-105.0855941772461,76.71,6.34,0.7,0.09,-0.01,0.0,-0.02,0.01,0.0,"[81.04,76.07,81.12,63.61,77.54,71.04,87.88,71.12,70.28,87.37]","[0.11,0.11,0.11,0.07,-0.01,0.10,0.11,0.12,0.11,0.10]","[-0.06,-0.07,-0.04,0.11,0.07,-0.06,-0.05,-0.03,-0.05,-0.05]",40.58,1192.38,34,427,,,,,,,0.12,-0.47,-0.76,0.73,0.18,0.01,,,,
14979,30.816797256469727,-105.0855941772461,76.71,6.34,0.7,0.09,-0.01,0.0,-0.02,0.01,0.0,"[81.04,76.07,81.12,63.61,77.54,71.04,87.88,71.12,70.28,87.37]","[0.11,0.11,0.11,0.07,-0.01,0.10,0.11,0.12,0.11,0.10]","[-0.06,-0.07,-0.04,0.11,0.07,-0.06,-0.05,-0.03,-0.05,-0.05]",40.58,1192.38,34,427,,,,,,,0.12,-0.47,-0.76,0.73,0.18,0.01,,,,
15404,30.816749572753906,-105.08573150634766,76.61,6.39,0.71,0.09,-0.01,0.0,-0.02,0.01,0.0,"[80.92,75.95,81.00,63.50,77.45,70.91,87.76,71.04,70.28,87.30]","[0.11,0.11,0.11,0.07,-0.01,0.10,0.11,0.12,0.11,0.10]","[-0.06,-0.06,-0.04,0.11,0.07,-0.06,-0.05,-0.04,-0.05,-0.05]",40.96,1192.76,35,424,,,,,,,0.14,-0.46,-0.78,0.7,0.18,0.01,,,,
15404,30.816749572753906,-105.08573150634766,76.61,6.39,0.71,0.09,-0.01,0.0,-0.02,0.01,0.0,"[80.92,75.95,81.00,63.50,77.45,70.91,87.76,71.04,70.28,87.30]","[0.11,0.11,0.11,0.07,-0.01,0.10,0.11,0.12,0.11,0.10]","[-0.06,-0.06,-0.04,0.11,0.07,-0.06,-0.05,-0.04,-0.05,-0.05]",40.96,1192.76,35,424,,,,,,,0.14,-0.46,-0.78,0.7,0.18,0.01,,,,
15405,30.816749572753906,-105.085693359375,76.6,6.34,0.7,0.09,-0.01,0.0,-0.02,0.01,0.0,"[80.94,75.96,81.00,63.48,77.42,70.92,87.76,71.03,70.26,87.27]","[0.11,0.11,0.11,0.07,-0.01,0.10,0.11,0.12,0.11,0.10]","[-0.06,-0.07,-0.04,0.11,0.07,-0.06,-0.05,-0.04,-0.05,-0.05]",40.96,1192.76,35,425,,,,,,,0.14,-0.46,-0.76,0.71,0.18,0.01,,,,
15405,30.816749572753906,-105.085693359375,76.6,6.34,0.7,0.09,-0.01,0.0,-0.02,0.01,0.0,"[80.94,75.96,81.00,63.48,77.42,70.92,87.76,71.03,70.26,87.27]","[0.11,0.11,0.11,0.07,-0.01,0.10,0.11,0.12,0.11,0.10]","[-0.06,-0.07,-0.04,0.11,0.07,-0.06,-0.05,-0.04,-0.05,-0.05]",40.96,1192.76,35,425,,,,,,,0.14,-0.46,-0.76,0.71,0.18,0.01,,,,
15406,30.816749572753906,-105.08563232421875,76.6,6.33,0.7,0.09,-0.01,0.0,-0.02,0.01,0.0,"[80.94,75.96,81.00,63.48,77.42,70.92,87.76,71.03,70.25,87.27]","[0.11,0.11,0.11,0.07,-0.01,0.10,0.11,0.12,0.11,0.10]","[-0.06,-0.07,-0.04,0.11,0.07,-0.06,-0.05,-0.04,-0.05,-0.05]",40.7,1192.5,35,426,,,,,,,0.14,-0.46,-0.76,0.71,0.18,0.01,,,,
15406,30.816749572753906,-105.08563232421875,76.6,6.33,0.7,0.09,-0.01,0.0,-0.02,0.01,0.0,"[80.94,75.96,81.00,63.48,77.42,70.92,87.76,71.03,70.25,87.27]","[0.11,0.11,0.11,0.07,-0.01,0.10,0.11,0.12,0.11,0.10]","[-0.06,-0.07,-0.04,0.11,0.07,-0.06,-0.05,-0.04,-0.05,-0.05]",40.7,1192.5,35,426,,,,,,,0.14,-0.46,-0.76,0.71,0.18,0.01,,,,
15407,30.816749572753906,-105.0855941772461,76.6,6.33,0.7,0.09,-0.01,0.0,-0.02,0.01,0.0,"[80.94,75.96,81.00,63.48,77.42,70.92,87.76,71.03,70.25,87.27]","[0.11,0.11,0.11,0.07,-0.01,0.10,0.11,0.12,0.11,0.10]","[-0.06,-0.07,-0.04,0.11,0.07,-0.06,-0.05,-0.04,-0.05,-0.05]",39.12,1190.91,35,427,,,,,,,0.14,-0.46,-0.76,0.71,0.18,0.01,,,,
15407,30.816749572753906,-105.0855941772461,76.6,6.33,0.7,0.09,-0.01,0.0,-0.02,0.01,0.0,"[80.94,75.96,81.00,63.48,77.42,70.92,87.76,71.03,70.25,87.27]","[0.11,0.11,0.11,0.07,-0.01,0.10,0.11,0.12,0.11,0.10]","[-0.06,-0.07,-0.04,0.11,0.07,-0.06,-0.05,-0.04,-0.05,-0.05]",39.12,1190.91,35,427,,,,,,,0.14,-0.46,-0.76,0.71,0.18,0.01,,,,
15832,30.81670379638672,-105.08573150634766,76.51,6.38,0.71,0.09,-0.01,0.0,-0.02,0.01,0.0,"[80.83,75.85,80.88,63.37,77.34,70.79,87.64,70.95,70.25,87.20]","[0.11,0.11,0.11,0.06,-0.01,0.10,0.11,0.11,0.11,0.10]","[-0.06,-0.06,-0.04,0.11,0.07,-0.06,-0.05,-0.04,-0.05,-0.05]",40.72,1192.52,36,424,,,,,,,0.15,-0.45,-0.78,0.68,0.19,0.01,,,,
15832,30.81670379638672,-105.08573150634766,76.51,6.38,0.71,0.09,-0.01,0.0,-0.02,0.01,0.0,"[80.83,75.85,80.88,63.37,77.34,70.79,87.64,70.95,70.25,87.20]","[0.11,0.11,0.11,0.06,-0.01,0.10,0.11,0.11,0.11,0.10]","[-0.06,-0.06,-0.04,0.11,0.07,-0.06,-0.05,-0.04,-0.05,-0.05]",40.72,1192.52,36,424,,,,,,,0.15,-0.45,-0.78,0.68,0.19,0.01,,,,
15833,30.81670379638672,-105.085693359375,76.5,6.33,0.7,0.09,-0.01,0.0,-0.02,0.01,0.0,"[80.85,75.85,80.88,63.35,77.30,70.80,87.64,70.94,70.23,87.17]","[0.11,0.11,0.11,0.07,-0.01,0.10,0.11,0.12,0.11,0.10]","[-0.06,-0.07,-0.04,0.11,0.07,-0.06,-0.05,-0.04,-0.05,-0.05]",40.77,1192.57,36,425,,,,,,,0.15,-0.46,-0.77,0.69,0.19,0.01,,,,
15833,30.81670379638672,-105.085693359375,76.5,6.33,0.7,0.09,-0.01,0.0,-0.02,0.01,0.0,"[80.85,75.85,80.88,63.35,77.30,70.80,87.64,70.94,70.23,87.17]","[0.11,0.11,0.11,0.07,-0.01,0.10,0.11,0.12,0.11,0.10]","[-0.06,-0.07,-0.04,0.11,0.07,-0.06,-0.05,-0.04,-0.05,-0.05]",40.77,1192.57,36,425,,,,,,,0.15,-0.46,-0.77,0.69,0.19,0.01,,,,
15834,30.81670379638672,-105.08563232421875,76.5,6.33,0.7,0.09,-0.01,0.0,-0.02,0.01,0.0,"[80.85,75.85,80.88,63.35,77.30,70.80,87.64,70.94,70.23,87.17]","[0.11,0.11,0.11,0.07,-0.01,0.10,0.11,0.12,0.11,0.10]","[-0.06,-0.07,-0.04,0.11,0.07,-0.06,-0.05,-0.04,-0.05,-0.05]",40.39,1192.19,36,426,,,,,,,0.14,-0.46,-0.77,0.69,0.19,0.01,,,,
15834,30.81670379638672,-105.08563232421875,76.5,6.33,0.7,0.09,-0.01,0.0,-0.02,0.01,0.0,"[80.85,75.85,80.88,63.35,77.30,70.80,87.64,70.94,70.23,87.17]","[0.11,0.11,0.11,0.07,-0.01,0.10,0.11,0.12,0.11,0.10]","[-0.06,-0.07,-0.04,0.11,0.07,-0.06,-0.05,-0.04,-0.05,-0.05]",40.39,1192.19,36,426,,,,,,,0.14,-0.46,-0.77,0.69,0.19,0.01,,,,
15835,30.81670379638672,-105.0855941772461,76.5,6.33,0.7,0.09,-0.01,0.0,-0.02,0.01,0.0,"[80.85,75.85,80.88,63.35,77.30,70.80,87.64,70.94,70.23,87.17]","[0.11,0.11,0.11,0.07,-0.01,0.10,0.11,0.12,0.11,0.10]","[-0.06,-0.07,-0.04,0.11,0.07,-0.06,-0.05,-0.04,-0.05,-0.05]",37.78,1189.58,36,427,,,,,,,0.14,-0.46,-0.77,0.69,0.19,0.01,,,,
15835,30.81670379638672,-105.0855941772461,76.5,6.33,0.7,0.09,-0.01,0.0,-0.02,0.01,0.0,"[80.85,75.85,80.88,63.35,77.30,70.80,87.64,70.94,70.23,87.17]","[0.11,0.11,0.11,0.07,-0.01,0.10,0.11,0.12,0.11,0.10]","[-0.06,-0.07,-0.04,0.11,0.07,-0.06,-0.05,-0.04,-0.05,-0.05]",37.78,1189.58,36,427,,,,,,,0.14,-0.46,-0.77,0.69,0.19,0.01,,,,
16260,30.816659927368164,-105.08573150634766,76.41,6.37,0.71,0.09,-0.01,0.0,-0.02,0.01,0.0,"[80.74,75.74,80.76,63.25,77.22,70.68,87.52,70.86,70.23,87.11]","[0.11,0.11,0.11,0.06,-0.02,0.10,0.11,0.11,0.11,0.10]","[-0.06,-0.06,-0.04,0.10,0.07,-0.06,-0.05,-0.04,-0.05,-0.05]",40.61,1192.41,37,424,,,,,,,0.16,-0.45,-0.79,0.66,0.19,0.01,,,,
16260,30.816659927368164,-105.08573150634766,76.41,6.37,0.71,0.09,-0.01,0.0,-0.02,0.01,0.0,"[80.74,75.74,80.76,63.25,77.22,70.68,87.52,70.86,70.23,87.11]","[0.11,0.11,0.11,0.06,-0.02,0.10,0.11,0.11,0.11,0.10]","[-0.06,-0.06,-0.04,0.10,0.07,-0.06,-0.05,-0.04,-0.05,-0.05]",40.61,1192.41,37,424,,,,,,,0.16,-0.45,-0.79,0.66,0.19,0.01,,,,
16261,30.816659927368164,-105.085693359375,76.4,6.32,0.7,0.09,-0.01,0.0,-0.03,0.01,0.0,"[80.75,75.75,80.76,63.23,77.19,70.68,87.52,70.85,70.21,87.07]","[0.11,0.11,0.11,0.06,-0.02,0.10,0.11,0.11,0.11,0.10]","[-0.06,-0.06,-0.04,0.10,0.06,-0.07,-0.05,-0.04,-0.05,-0.05]",40.68,1192.47,37,425,,,,,,,0.16,-0.45,-0.78,0.67,0.19,0.01,,,,
16261,30.816659927368164,-105.085693359375,76.4,6.32,0.7,0.09,-0.01,0.0,-0.03,0.01,0.0,"[80.75,75.75,80.76,63.23,77.19,70.68,87.52,70.85,70.21,87.07]","[0.11,0.11,0.11,0.06,-0.02,0.10,0.11,0.11,0.11,0.10]","[-0.06,-0.06,-0.04,0.10,0.06,-0.07,-0.05,-0.04,-0.05,-0.05]",40.68,1192.47,37,425,,,,,,,0.16,-0.45,-0.78,0.67,0.19,0.01,,,,
16262,30.816659927368164,-105.08563232421875,76.4,6.32,0.7,0.09,-0.01,0.0,-0.03,0.01,0.0,"[80.75,75.75,80.75,63.23,77.18,70.68,87.51,70.85,70.20,87.07]","[0.11,0.11,0.11,0.06,-0.02,0.10,0.11,0.11,0.11,0.10]","[-0.06,-0.06,-0.04,0.10,0.06,-0.07,-0.05,-0.04,-0.05,-0.05]",39.66,1191.46,37,426,,,,,,,0.15,-0.45,-0.78,0.67,0.19,0.01,,,,
16262,30.816659927368164,-105.08563232421875,76.4,6.32,0.7,0.09,-0.01,0.0,-0.03,0.01,0.0,"[80.75,75.75,80.75,63.23,77.18,70.68,87.51,70.85,70.20,87.07]","[0.11,0.11,0.11,0.06,-0.02,0.10,0.11,0.11,0.11,0.10]","[-0.06,-0.06,-0.04,0.10,0.06,-0.07,-0.05,-0.04,-0.05,-0.05]",39.66,1191.46,37,426,,,,,,,0.15,-0.45,-0.78,0.67,0.19,0.01,,,,
16263,30.816659927368164,-105.0855941772461,76.4,6.32,0.7,0.09,-0.01,0.0,-0.03,0.01,0.0,"[80.75,75.75,80.75,63.23,77.18,70.68,87.51,70.85,70.20,87.07]","[0.11,0.11,0.11,0.06,-0.02,0.10,0.11,0.11,0.11,0.10]","[-0.06,-0.06,-0.04,0.10,0.06,-0.07,-0.05,-0.04,-0.05,-0.05]",37.4,1189.2,37,427,,,,,,,0.15,-0.45,-0.78,0.67,0.19,0.01,,,,
16263,30.816659927368164,-105.0855941772461,76.4,6.32,0.7,0.09,-0.01,0.0,-0.03,0.01,0.0,"[80.75,75.75,80.75,63.23,77.18,70.68,87.51,70.85,70.20,87.07]","[0.11,0.11,0.11,0.06,-0.02,0.10,0.11,0.11,0.11,0.10]","[-0.06,-0.06,-0.04,0.10,0.06,-0.07,-0.05,-0.04,-0.05,-0.05]",37.4,1189.2,37,427,,,,,,,0.15,-0.45,-0.78,0.67,0.19,0.01,,,,
16688,30.81661605834961,-105.08573150634766,76.31,6.36,0.71,0.09,-0.01,0.0,-0.02,0.01,0.0,"[80.64,75.63,80.64,63.12,77.11,70.56,87.40,70.78,70.21,87.01]","[0.11,0.11,0.11,0.06,-0.02,0.10,0.11,0.11,0.11,0.10]","[-0.06,-0.06,-0.04,0.10,0.07,-0.06,-0.05,-0.04,-0.05,-0.05]",40.25,1192.05,38,424,,,,,,,0.17,-0.45,-0.79,0.64,0.2,0.01,,,,
16688,30.81661605834961,-105.08573150634766,76.31,6.36,0.71,0.09,-0.01,0.0,-0.02,0.01,0.0,"[80.64,75.63,80.64,63.12,77.11,70.56,87.40,70.78,70.21,87.01]","[0.11,0.11,0.11,0.06,-0.02,0.10,0.11,0.11,0.11,0.10]","[-0.06,-0.06,-0.04,0.10,0.07,-0.06,-0.05,-0.04,-0.05,-0.05]",40.25,1192.05,38,424,,,,,,,0.17,-0.45,-0.79,0.64,0.2,0.01,,,,
16689,30.81661605834961,-105.085693359375,76.3,6.32,0.7,0.09,-0.01,0.0,-0.03,0.01,0.0,"[80.66,75.64,80.63,63.10,77.07,70.56,87.39,70.76,70.18,86.97]","[0.11,0.11,0.11,0.06,-0.02,0.10,0.11,0.11,0.11,0.10]","[-0.06,-0.06,-0.04,0.10,0.06,-0.07,-0.05,-0.05,-0.05,-0.05]",39.8,1191.6,38,425,,,,,,,0.16,-0.45,-0.78,0.65,0.2,0.01,,,,
16689,30.81661605834961,-105.085693359375,76.3,6.32,0.7,0.09,-0.01,0.0,-0.03,0.01,0.0,"[80.66,75.64,80.63,63.10,77.07,70.56,87.39,70.76,70.18,86.97]","[0.11,0.11,0.11,0.06,-0.02,0.10,0.11,0.11,0.11,0.10]","[-0.06,-0.06,-0.04,0.10,0.06,-0.07,-0.05,-0.05,-0.05,-0.05]",39.8,1191.6,38,425,,,,,,,0.16,-0.45,-0.78,0.65,0.2,0.01,,,,
16690,30.81661605834961,-105.08563232421875,76.3,6.32,0.7,0.09,-0.01,0.0,-0.03,0.01,0.0,"[80.66,75.64,80.63,63.10,77.07,70.56,87.39,70.76,70.18,86.97]","[0.11,0.11,0.11,0.06,-0.02,0.10,0.11,0.11,0.11,0.10]","[-0.06,-0.06,-0.04,0.10,0.06,-0.07,-0.05,-0.05,-0.05,-0.05]",37.8,1189.6,38,426,,,,,,,0.16,-0.45,-0.78,0.65,0.2,0.01,,,,
16690,30.81661605834961,-105.08563232421875,76.3,6.32,0.7,0.09,-0.01,0.0,-0.03,0.01,0.0,"[80.66,75.64,80.63,63.10,77.07,70.56,87.39,70.76,70.18,86.97]","[0.11,0.11,0.11,0.06,-0.02,0.10,0.11,0.11,0.11,0.10]","[-0.06,-0.06,-0.04,0.10,0.06,-0.07,-0.05,-0.05,-0.05,-0.05]",37.8,1189.6,38,426,,,,,,,0.16,-0.45,-0.78,0.65,0.2,0.01,,,,
16691,30.81661605834961,-105.0855941772461,76.3,6.32,0.7,0.09,-0.01,0.0,-0.03,0.01,0.0,"[80.66,75.64,80.63,63.10,77.07,70.56,87.39,70.76,70.18,86.97]","[0.11,0.11,0.11,0.06,-0.02,0.10,0.11,0.11,0.11,0.10]","[-0.06,-0.06,-0.04,0.10,0.06,-0.07,-0.05,-0.05,-0.05,-0.05]",35.47,1187.27,38,427,,,,,,,0.16,-0.45,-0.78,0.65,0.2,0.01,,,,
16691,30.81661605834961,-105.0855941772461,76.3,6.32,0.7,0.09,-0.01,0.0,-0.03,0.01,0.0,"[80.66,75.64,80.63,63.10,77.07,70.56,87.39,70.76,70.18,86.97]","[0.11,0.11,0.11,0.06,-0.02,0.10,0.11,0.11,0.11,0.10]","[-0.06,-0.06,-0.04,0.10,0.06,-0.07,-0.05,-0.05,-0.05,-0.05]",35.47,1187.27,38,427,,,,,,,0.16,-0.45,-0.78,0.65,0.2,0.01,,,,
17116,30.816570281982422,-105.08573150634766,76.21,6.35,0.71,0.09,-0.01,0.0,-0.03,0.01,0.0,"[80.55,75.53,80.52,63.00,76.99,70.44,87.28,70.69,70.18,86.91]","[0.11,0.11,0.11,0.06,-0.02,0.10,0.11,0.11,0.11,0.10]","[-0.06,-0.06,-0.04,0.10,0.06,-0.07,-0.05,-0.05,-0.05,-0.05]",38.95,1190.75,39,424,,,,,,,0.18,-0.44,-0.8,0.63,0.2,0.01,,,,
17116,30.816570281982422,-105.08573150634766,76.21,6.35,0.71,0.09,-0.01,0.0,-0.03,0.01,0.0,"[80.55,75.53,80.52,63.00,76.99,70.44,87.28,70.69,70.18,86.91]","[0.11,0.11,0.11,0.06,-0.02,0.10,0.11,0.11,0.11,0.10]","[-0.06,-0.06,-0.04,0.10,0.06,-0.07,-0.05,-0.05,-0.05,-0.05]",38.95,1190.75,39,424,,,,,,,0.18,-0.44,-0.8,0.63,0.2,0.01,,,,
17117,30.816570281982422,-105.085693359375,76.19,6.31,0.7,0.09,-0.01,0.0,-0.03,0.01,0.0,"[80.56,75.53,80.51,62.97,76.95,70.44,87.27,70.67,70.16,86.87]","[0.11,0.11,0.11,0.06,-0.02,0.10,0.11,0.11,0.11,0.10]","[-0.06,-0.06,-0.04,0.10,0.06,-0.07,-0.05,-0.05,-0.05,-0.05]",37.87,1189.67,39,425,,,,,,,0.17,-0.44,-0.79,0.63,0.2,0.01,,,,
17117,30.816570281982422,-105.085693359375,76.19,6.31,0.7,0.09,-0.01,0.0,-0.03,0.01,0.0,"[80.56,75.53,80.51,62.97,76.95,70.44,87.27,70.67,70.16,86.87]","[0.11,0.11,0.11,0.06,-0.02,0.10,0.11,0.11,0.11,0.10]","[-0.06,-0.06,-0.04,0.10,0.06,-0.07,-0.05,-0.05,-0.05,-0.05]",37.87,1189.67,39,425,,,,,,,0.17,-0.44,-0.79,0.63,0.2,0.01,,,,
17118,30.816570281982422,-105.08563232421875,76.19,6.31,0.7,0.09,-0.01,0.0,-0.03,0.01,0.0,"[80.56,75.53,80.51,62.97,76.95,70.44,87.27,70.67,70.16,86.87]","[0.11,0.11,0.11,0.06,-0.02,0.10,0.11,0.11,0.11,0.10]","[-0.06,-0.06,-0.04,0.10,0.06,-0.07,-0.05,-0.05,-0.05,-0.05]",35.97,1187.76,39,426,,,,,,,0.17,-0.44,-0.78,0.63,0.2,0.01,,,,
17118,30.816570281982422,-105.08563232421875,76.19,6.31,0.7,0.09,-0.01,0.0,-0.03,0.01,0.0,"[80.56,75.53,80.51,62.97,76.95,70.44,87.27,70.67,70.16,86.87]","[0.11,0.11,0.11,0.06,-0.02,0.10,0.11,0.11,0.11,0.10]","[-0.06,-0.06,-0.04,0.10,0.06,-0.07,-0.05,-0.05,-0.05,-0.05]",35.97,1187.76,39,426,,,,,,,0.17,-0.44,-0.78,0.63,0.2,0.01,,,,
17119,30.816570281982422,-105.0855941772461,76.19,6.31,0.7,0.09,-0.01,0.0,-0.03,0.01,0.0,"[80.56,75.53,80.51,62.97,76.95,70.44,87.27,70.67,70.16,86.87]","[0.11,0.11,0.11,0.06,-0.02,0.10,0.11,0.11,0.11,0.10]","[-0.06,-0.06,-0.04,0.10,0.06,-0.07,-0.05,-0.05,-0.05,-0.05]",33.6,1185.4,39,427,,,,,,,0.17,-0.44,-0.78,0.63,0.2,0.01,,,,
17119,30.816570281982422,-105.0855941772461,76.19,6.31,0.7,0.09,-0.01,0.0,-0.03,0.01,0.0,"[80.56,75.53,80.51,62.97,76.95,70.44,87.27,70.67,70.16,86.87]","[0.11,0.11,0.11,0.06,-0.02,0.10,0.11,0.11,0.11,0.10]","[-0.06,-0.06,-0.04,0.10,0.06,-0.07,-0.05,-0.05,-0.05,-0.05]",33.6,1185.4,39,427,,,,,,,0.17,-0.44,-0.78,0.63,0.2,0.01,,,,
17544,30.816526412963867,-105.08573150634766,76.1,6.33,0.7,0.09,-0.01,0.0,-0.03,0.01,0.0,"[80.46,75.41,80.38,62.87,76.89,70.30,87.14,70.57,70.16,86.80]","[0.11,0.11,0.11,0.06,-0.02,0.10,0.11,0.11,0.11,0.10]","[-0.06,-0.06,-0.04,0.10,0.06,-0.07,-0.05,-0.05,-0.05,-0.05]",36.58,1188.37,40,424,,,,,,,0.18,-0.44,-0.8,0.63,0.2,0.01,,,,
17544,30.816526412963867,-105.08573150634766,76.1,6.33,0.7,0.09,-0.01,0.0,-0.03,0.01,0.0,"[80.46,75.41,80.38,62.87,76.89,70.30,87.14,70.57,70.16,86.80]","[0.11,0.11,0.11,0.06,-0.02,0.10,0.11,0.11,0.11,0.10]","[-0.06,-0.06,-0.04,0.10,0.06,-0.07,-0.05,-0.05,-0.05,-0.05]",36.58,1188.37,40,424,,,,,,,0.18,-0.44,-0.8,0.63,0.2,0.01,,,,
17545,30.816526412963867,-105.085693359375,76.08,6.3,0.7,0.09,-0.01,0.0,-0.03,0.01,0.0,"[80.47,75.40,80.37,62.84,76.85,70.29,87.13,70.55,70.13,86.76]","[0.11,0.11,0.11,0.06,-0.02,0.10,0.11,0.11,0.11,0.10]","[-0.06,-0.06,-0.04,0.10,0.06,-0.07,-0.05,-0.05,-0.05,-0.05]",35.27,1187.07,40,425,,,,,,,0.18,-0.44,-0.79,0.63,0.2,0.01,,,,
17545,30.816526412963867,-105.085693359375,76.08,6.3,0.7,0.09,-0.01,0.0,-0.03,0.01,0.0,"[80.47,75.40,80.37,62.84,76.85,70.29,87.13,70.55,70.13,86.76]","[0.11,0.11,0.11,0.06,-0.02,0.10,0.11,0.11,0.11,0.10]","[-0.06,-0.06,-0.04,0.10,0.06,-0.07,-0.05,-0.05,-0.05,-0.05]",35.27,1187.07,40,425,,,,,,,0.18,-0.44,-0.79,0.63,0.2,0.01,,,,
17546,30.816526412963867,-105.08563232421875,76.08,6.29,0.7,0.09,-0.01,0.0,-0.03,0.01,0.0,"[80.47,75.40,80.37,62.84,76.84,70.29,87.13,70.55,70.13,86.76]","[0.11,0.11,0.11,0.06,-0.02,0.10,0.11,0.11,0.11,0.10]","[-0.06,-0.06,-0.04,0.10,0.06,-0.07,-0.05,-0.05,-0.05,-0.05]",33.37,1185.17,40,426,,,,,,,0.18,-0.44,-0.78,0.63,0.2,0.01,,,,
17546,30.816526412963867,-105.08563232421875,76.08,6.29,0.7,0.09,-0.01,0.0,-0.03,0.01,0.0,"[80.47,75.40,80.37,62.84,76.84,70.29,87.13,70.55,70.13,86.76]","[0.11,0.11,0.11,0.06,-0.02,0.10,0.11,0.11,0.11,0.10]","[-0.06,-0.06,-0.04,0.10,0.06,-0.07,-0.05,-0.05,-0.05,-0.05]",33.37,1185.17,40,426,,,,,,,0.18,-0.44,-0.78,0.63,0.2,0.01,,,,
17547,30.816526412963867,-105.0855941772461,76.08,6.29,0.7,0.09,-0.01,0.0,-0.03,0.01,0.0,"[80.47,75.40,80.37,62.84,76.84,70.29,87.13,70.55,70.13,86.76]","[0.11,0.11,0.11,0.06,-0.02,0.10,0.11,0.11,0.11,0.10]","[-0.06,-0.06,-0.04,0.10,0.06,-0.07,-0.05,-0.05,-0.05,-0.05]",32.16,1183.96,40,427,,,,,,,0.18,-0.44,-0.78,0.63,0.2,0.01,,,,
17547,30.816526412963867,-105.0855941772461,76.08,6.29,0.7,0.09,-0.01,0.0,-0.03,0.01,0.0,"[80.47,75.40,80.37,62.84,76.84,70.29,87.13,70.55,70.13,86.76]","[0.11,0.11,0.11,0.06,-0.02,0.10,0.11,0.11,0.11,0.10]","[-0.06,-0.06,-0.04,0.10,0.06,-0.07,-0.05,-0.05,-0.05,-0.05]",32.16,1183.96,40,427,,,,,,,0.18,-0.44,-0.78,0.63,0.2,0.01,,,,
17972,30.816482543945312,-105.08573150634766,75.98,6.31,0.7,0.09,-0.01,0.0,-0.03,0.01,0.0,"[80.37,75.29,80.24,62.75,76.79,70.15,86.99,70.45,70.14,86.68]","[0.11,0.11,0.11,0.06,-0.02,0.10,0.11,0.11,0.11,0.10]","[-0.06,-0.06,-0.04,0.10,0.07,-0.07,-0.05,-0.05,-0.05,-0.05]",33.35,1185.15,41,424,,,,,,,0.18,-0.44,-0.8,0.63,0.21,0.01,,,,
17972,30.816482543945312,-105.08573150634766,75.98,6.31,0.7,0.09,-0.01,0.0,-0.03,0.01,0.0,"[80.37,75.29,80.24,62.75,76.79,70.15,86.99,70.45,70.14,86.68]","[0.11,0.11,0.11,0.06,-0.02,0.10,0.11,0.11,0.11,0.10]","[-0.06,-0.06,-0.04,0.10,0.07,-0.07,-0.05,-0.05,-0.05,-0.05]",33.35,1185.15,41,424,,,,,,,0.18,-0.44,-0.8,0.63,0.21,0.01,,,,
17973,30.816482543945312,-105.085693359375,75.96,6.28,0.7,0.09,-0.01,0.0,-0.03,0.01,0.0,"[80.37,75.28,80.22,62.71,76.75,70.13,86.97,70.42,70.11,86.65]","[0.11,0.11,0.11,0.06,-0.02,0.10,0.11,0.11,0.11,0.10]","[-0.06,-0.06,-0.04,0.10,0.06,-0.07,-0.05,-0.05,-0.06,-0.06]",32.27,1184.07,41,425,,,,,,,0.17,-0.44,-0.78,0.63,0.2,0.01,,,,
17973,30.816482543945312,-105.085693359375,75.96,6.28,0.7,0.09,-0.01,0.0,-0.03,0.01,0.0,"[80.37,75.28,80.22,62.71,76.75,70.13,86.97,70.42,70.11,86.65]","[0.11,0.11,0.11,0.06,-0.02,0.10,0.11,0.11,0.11,0.10]","[-0.06,-0.06,-0.04,0.10,0.06,-0.07,-0.05,-0.05,-0.06,-0.06]",32.27,1184.07,41,425,,,,,,,0.17,-0.44,-0.78,0.63,0.2,0.01,,,,
17974,30.816482543945312,-105.08563232421875,75.96,6.27,0.7,0.09,-0.01,0.0,-0.03,0.01,0.0,"[80.37,75.28,80.22,62.71,76.74,70.13,86.97,70.42,70.11,86.65]","[0.11,0.11,0.11,0.06,-0.02,0.10,0.11,0.11,0.11,0.10]","[-0.06,-0.06,-0.04,0.10,0.06,-0.07,-0.05,-0.05,-0.06,-0.06]",31.72,1183.52,41,426,,,,,,,0.17,-0.44,-0.78,0.63,0.2,0.01,,,,
17974,30.816482543945312,-105.08563232421875,75.96,6.27,0.7,0.09,-0.01,0.0,-0.03,0.01,0.0,"[80.37,75.28,80.22,62.71,76.74,70.13,86.97,70.42,70.11,86.65]","[0.11,0.11,0.11,0.06,-0.02,0.10,0.11,0.11,0.11,0.10]","[-0.06,-0.06,-0.04,0.10,0.06,-0.07,-0.05,-0.05,-0.06,-0.06]",31.72,1183.52,41,426,,,,,,,0.17,-0.44,-0.78,0.63,0.2,0.01,,,,
17975,30.816482543945312,-105.0855941772461,75.96,6.27,0.7,0.09,-0.01,0.0,-0.03,0.01,0.0,"[80.37,75.28,80.22,62.71,76.74,70.13,86.97,70.42,70.11,86.65]","[0.11,0.11,0.11,0.06,-0.02,0.10,0.11,0.11,0.11,0.10]","[-0.06,-0.06,-0.04,0.10,0.06,-0.07,-0.05,-0.05,-0.06,-0.06]",31.81,1183.61,41,427,,,,,,,0.17,-0.44,-0.78,0.63,0.2,0.01,,,,
17975,30.816482543945312,-105.0855941772461,75.96,6.27,0.7,0.09,-0.01,0.0,-0.03,0.01,0.0,"[80.37,75.28,80.22,62.71,76.74,70.13,86.97,70.42,70.11,86.65]","[0.11,0.11,0.11,0.06,-0.02,0.10,0.11,0.11,0.11,0.10]","[-0.06,-0.06,-0.04,0.10,0.06,-0.07,-0.05,-0.05,-0.06,-0.06]",31.81,1183.61,41,427,,,,,,,0.17,-0.44,-0.78,0.63,0.2,0.01,,,,
18400,30.816434860229492,-105.08573150634766,75.87,6.29,0.7,0.09,-0.01,0.0,-0.03,0.01,0.0,"[80.28,75.16,80.09,62.62,76.69,70.00,86.84,70.32,70.12,86.57]","[0.11,0.11,0.11,0.06,-0.02,0.10,0.11,0.11,0.11,0.10]","[-0.06,-0.06,-0.04,0.10,0.07,-0.07,-0.05,-0.05,-0.06,-0.06]",31.22,1183.02,42,424,,,,,,,0.17,-0.44,-0.8,0.63,0.21,0.01,,,,
18400,30.816434860229492,-105.08573150634766,75.87,6.29,0.7,0.09,-0.01,0.0,-0.03,0.01,0.0,"[80.28,75.16,80.09,62.62,76.69,70.00,86.84,70.32,70.12,86.57]","[0.11,0.11,0.11,0.06,-0.02,0.10,0.11,0.11,0.11,0.10]","[-0.06,-0.06,-0.04,0.10,0.07,-0.07,-0.05,-0.05,-0.06,-0.06]",31.22,1183.02,42,424,,,,,,,0.17,-0.44,-0.8,0.63,0.21,0.01,,,,
18401,30.816434860229492,-105.085693359375,75.85,6.25,0.69,0.09,-0.01,0.0,-0.03,0.01,0.0,"[80.28,75.15,80.07,62.59,76.64,69.98,86.82,70.29,70.09,86.53]","[0.11,0.11,0.11,0.06,-0.02,0.10,0.11,0.11,0.11,0.10]","[-0.06,-0.06,-0.04,0.10,0.06,-0.07,-0.05,-0.05,-0.06,-0.06]",31.31,1183.11,42,425,,,,,,,0.17,-0.44,-0.78,0.63,0.2,0.01,,,,
18401,30.816434860229492,-105.085693359375,75.85,6.25,0.69,0.09,-0.01,0.0,-0.03,0.01,0.0,"[80.28,75.15,80.07,62.59,76.64,69.98,86.82,70.29,70.09,86.53]","[0.11,0.11,0.11,0.06,-0.02,0.10,0.11,0.11,0.11,0.10]","[-0.06,-0.06,-0.04,0.10,0.06,-0.07,-0.05,-0.05,-0.06,-0.06]",31.31,1183.11,42,425,,,,,,,0.17,-0.44,-0.78,0.63,0.2,0.01,,,,
18402,30.816434860229492,-105.08563232421875,75.84,6.25,0.69,0.09,-0.01,0.0,-0.03,0.01,0.0,"[80.28,75.15,80.07,62.58,76.64,69.98,86.82,70.29,70.09,86.53]","[0.11,0.11,0.11,0.06,-0.02,0.10,0.11,0.11,0.11,0.10]","[-0.06,-0.06,-0.04,0.10,0.06,-0.07,-0.05,-0.05,-0.06,-0.06]",31.37,1183.17,42,426,,,,,,,0.17,-0.44,-0.78,0.63,0.2,0.01,,,,
18402,30.816434860229492,-105.08563232421875,75.84,6.25,0.69,0.09,-0.01,0.0,-0.03,0.01,0.0,"[80.28,75.15,80.07,62.58,76.64,69.98,86.82,70.29,70.09,86.53]","[0.11,0.11,0.11,0.06,-0.02,0.10,0.11,0.11,0.11,0.10]","[-0.06,-0.06,-0.04,0.10,0.06,-0.07,-0.05,-0.05,-0.06,-0.06]",31.37,1183.17,42,426,,,,,,,0.17,-0.44,-0.78,0.63,0.2,0.01,,,,
18403,30.816434860229492,-105.0855941772461,75.84,6.25,0.69,0.09,-0.01,0.0,-0.03,0.01,0.0,"[80.28,75.15,80.07,62.58,76.64,69.98,86.82,70.29,70.09,86.53]","[0.11,0.11,0.11,0.06,-0.02,0.10,0.11,0.11,0.11,0.10]","[-0.06,-0.06,-0.04,0.10,0.06,-0.07,-0.05,-0.05,-0.06,-0.06]",31.55,1183.35,42,427,,,,,,,0.17,-0.44,-0.78,0.63,0.2,0.01,,,,
18403,30.816434860229492,-105.0855941772461,75.84,6.25,0.69,0.09,-0.01,0.0,-0.03,0.01,0.0,"[80.28,75.15,80.07,62.58,76.64,69.98,86.82,70.29,70.09,86.53]","[0.11,0.11,0.11,0.06,-0.02,0.10,0.11,0.11,0.11,0.10]","[-0.06,-0.06,-0.04,0.10,0.06,-0.07,-0.05,-0.05,-0.06,-0.06]",31.55,1183.35,42,427,,,,,,,0.17,-0.44,-0.78,0.63,0.2,0.01,,,,
18828,30.816390991210938,-105.08573150634766,75.75,6.26,0.7,0.09,-0.01,0.0,-0.03,0.0,0.0,"[80.19,75.04,79.94,62.50,76.59,69.84,86.69,70.20,70.10,86.45]","[0.11,0.11,0.12,0.06,-0.03,0.10,0.11,0.11,0.11,0.10]","[-0.06,-0.06,-0.04,0.10,0.07,-0.07,-0.05,-0.05,-0.06,-0.06]",31.16,1182.95,43,424,,,,,,,0.17,-0.44,-0.8,0.63,0.21,0.01,,,,
18828,30.816390991210938,-105.08573150634766,75.75,6.26,0.7,0.09,-0.01,0.0,-0.03,0.0,0.0,"[80.19,75.04,79.94,62.50,76.59,69.84,86.69,70.20,70.10,86.45]","[0.11,0.11,0.12,0.06,-0.03,0.10,0.11,0.11,0.11,0.10]","[-0.06,-0.06,-0.04,0.10,0.07,-0.07,-0.05,-0.05,-0.06,-0.06]",31.16,1182.95,43,424,,,,,,,0.17,-0.44,-0.8,0.63,0.21,0.01,,,,
18829,30.816390991210938,-105.085693359375,75.73,6.23,0.69,0.09,-0.01,0.0,-0.04,0.0,0.0,"[80.18,75.03,79.92,62.46,76.54,69.82,86.67,70.17,70.07,86.42]","[0.11,0.11,0.12,0.06,-0.03,0.10,0.11,0.11,0.11,0.10]","[-0.07,-0.07,-0.05,0.10,0.06,-0.08,-0.06,-0.06,-0.06,-0.06]",31.27,1183.07,43,425,,,,,,,0.17,-0.44,-0.78,0.63,0.2,0.01,,,,
18829,30.816390991210938,-105.085693359375,75.73,6.23,0.69,0.09,-0.01,0.0,-0.04,0.0,0.0,"[80.18,75.03,79.92,62.46,76.54,69.82,86.67,70.17,70.07,86.42]","[0.11,0.11,0.12,0.06,-0.03,0.10,0.11,0.11,0.11,0.10]","[-0.07,-0.07,-0.05,0.10,0.06,-0.08,-0.06,-0.06,-0.06,-0.06]",31.27,1183.07,43,425,,,,,,,0.17,-0.44,-0.78,0.63,0.2,0.01,,,,
18830,30.816390991210938,-105.08563232421875,75.72,6.23,0.69,0.09,-0.01,0.0,-0.04,0.0,0.0,"[80.18,75.03,79.92,62.45,76.54,69.82,86.67,70.16,70.06,86.41]","[0.11,0.11,0.12,0.06,-0.03,0.10,0.11,0.11,0.11,0.10]","[-0.07,-0.07,-0.05,0.10,0.06,-0.08,-0.06,-0.06,-0.06,-0.06]",31.43,1183.23,43,426,,,,,,,0.17,-0.44,-0.78,0.63,0.2,0.01,,,,
18830,30.816390991210938,-105.08563232421875,75.72,6.23,0.69,0.09,-0.01,0.0,-0.04,0.0,0.0,"[80.18,75.03,79.92,62.45,76.54,69.82,86.67,70.16,70.06,86.41]","[0.11,0.11,0.12,0.06,-0.03,0.10,0.11,0.11,0.11,0.10]","[-0.07,-0.07,-0.05,0.10,0.06,-0.08,-0.06,-0.06,-0.06,-0.06]",31.43,1183.23,43,426,,,,,,,0.17,-0.44,-0.78,0.63,0.2,0.01,,,,
18831,30.816390991210938,-105.0855941772461,75.72,6.23,0.69,0.09,-0.01,0.0,-0.04,0.0,0.0,"[80.18,75.03,79.92,62.45,76.54,69.82,86.67,70.16,70.06,86.41]","[0.11,0.11,0.12,0.06,-0.03,0.10,0.11,0.11,0.11,0.10]","[-0.07,-0.07,-0.05,0.10,0.06,-0.08,-0.06,-0.06,-0.06,-0.06]",33.17,1184.97,43,427,,,,,,,0.17,-0.44,-0.78,0.63,0.2,0.01,,,,
18831,30.816390991210938,-105.0855941772461,75.72,6.23,0.69,0.09,-0.01,0.0,-0.04,0.0,0.0,"[80.18,75.03,79.92,62.45,76.54,69.82,86.67,70.16,70.06,86.41]","[0.11,0.11,0.12,0.06,-0.03,0.10,0.11,0.11,0.11,0.10]","[-0.07,-0.07,-0.05,0.10,0.06,-0.08,-0.06,-0.06,-0.06,-0.06]",33.17,1184.97,43,427,,,,,,,0.17,-0.44,-0.78,0.63,0.2,0.01,,,,
19256,30.816347122192383,-105.08573150634766,75.64,6.24,0.69,0.09,-0.01,0.0,-0.03,0.0,0.0,"[80.10,74.92,79.80,62.37,76.49,69.69,86.54,70.07,70.08,86.34]","[0.11,0.11,0.12,0.06,-0.03,0.10,0.11,0.11,0.11,0.10]","[-0.07,-0.07,-0.05,0.10,0.07,-0.07,-0.05,-0.05,-0.06,-0.06]",32.87,1184.67,44,424,,,,,,,0.17,-0.44,-0.8,0.63,0.21,0.01,,,,
19256,30.816347122192383,-105.08573150634766,75.64,6.24,0.69,0.09,-0.01,0.0,-0.03,0.0,0.0,"[80.10,74.92,79.80,62.37,76.49,69.69,86.54,70.07,70.08,86.34]","[0.11,0.11,0.12,0.06,-0.03,0.10,0.11,0.11,0.11,0.10]","[-0.07,-0.07,-0.05,0.10,0.07,-0.07,-0.05,-0.05,-0.06,-0.06]",32.87,1184.67,44,424,,,,,,,0.17,-0.44,-0.8,0.63,0.21,0.01,,,,
19257,30.816347122192383,-105.085693359375,75.61,6.21,0.69,0.09,-0.01,0.0,-0.04,0.0,0.0,"[80.09,74.90,79.77,62.33,76.44,69.66,86.52,70.04,70.04,86.30]","[0.11,0.11,0.12,0.06,-0.03,0.10,0.11,0.11,0.11,0.10]","[-0.07,-0.07,-0.05,0.10,0.06,-0.08,-0.06,-0.06,-0.07,-0.07]",33.12,1184.92,44,425,,,,,,,0.17,-0.44,-0.78,0.63,0.2,0.01,,,,
19257,30.816347122192383,-105.085693359375,75.61,6.21,0.69,0.09,-0.01,0.0,-0.04,0.0,0.0,"[80.09,74.90,79.77,62.33,76.44,69.66,86.52,70.04,70.04,86.30]","[0.11,0.11,0.12,0.06,-0.03,0.10,0.11,0.11,0.11,0.10]","[-0.07,-0.07,-0.05,0.10,0.06,-0.08,-0.06,-0.06,-0.07,-0.07]",33.12,1184.92,44,425,,,,,,,0.17,-0.44,-0.78,0.63,0.2,0.01,,,,
19258,30.816347122192383,-105.08563232421875,75.61,6.21,0.69,0.09,-0.01,0.0,-0.04,0.0,0.0,"[80.09,74.90,79.77,62.32,76.44,69.66,86.52,70.03,70.04,86.30]","[0.11,0.11,0.12,0.06,-0.03,0.10,0.11,0.11,0.11,0.10]","[-0.07,-0.07,-0.05,0.10,0.06,-0.08,-0.06,-0.06,-0.07,-0.07]",34.74,1186.53,44,426,,,,,,,0.17,-0.44,-0.78,0.63,0.2,0.01,,,,
19258,30.816347122192383,-105.08563232421875,75.61,6.21,0.69,0.09,-0.01,0.0,-0.04,0.0,0.0,"[80.09,74.90,79.77,62.32,76.44,69.66,86.52,70.03,70.04,86.30]","[0.11,0.11,0.12,0.06,-0.03,0.10,0.11,0.11,0.11,0.10]","[-0.07,-0.07,-0.05,0.10,0.06,-0.08,-0.06,-0.06,-0.07,-0.07]",34.74,1186.53,44,426,,,,,,,0.17,-0.44,-0.78,0.63,0.2,0.01,,,,
19259,30.816347122192383,-105.0855941772461,75.61,6.21,0.69,0.09,-0.01,0.0,-0.04,0.0,0.0,"[80.09,74.90,79.77,62.32,76.44,69.66,86.52,70.03,70.04,86.30]","[0.11,0.11,0.12,0.06,-0.03,0.10,0.11,0.11,0.11,0.10]","[-0.07,-0.07,-0.05,0.10,0.06,-0.08,-0.06,-0.06,-0.07,-0.07]",36.8,1188.6,44,427,,,,,,,0.17,-0.44,-0.78,0.63,0.2,0.01,,,,
19259,30.816347122192383,-105.0855941772461,75.61,6.21,0.69,0.09,-0.01,0.0,-0.04,0.0,0.0,"[80.09,74.90,79.77,62.32,76.44,69.66,86.52,70.03,70.04,86.30]","[0.11,0.11,0.12,0.06,-0.03,0.10,0.11,0.11,0.11,0.10]","[-0.07,-0.07,-0.05,0.10,0.06,-0.08,-0.06,-0.06,-0.07,-0.07]",36.8,1188.6,44,427,,,,,,,0.17,-0.44,-0.78,0.63,0.2,0.01,,,,
19684,30.816301345825195,-105.08573150634766,75.53,6.21,0.69,0.09,-0.01,0.0,-0.03,0.0,0.0,"[80.01,74.80,79.66,62.25,76.39,69.54,86.40,69.95,70.06,86.22]","[0.11,0.11,0.12,0.06,-0.03,0.10,0.11,0.11,0.11,0.10]","[-0.07,-0.07,-0.05,0.10,0.07,-0.08,-0.06,-0.06,-0.06,-0.06]",35.8,1187.6,45,424,,,,,,,0.17,-0.43,-0.79,0.64,0.21,0.01,,,,
19684,30.816301345825195,-105.08573150634766,75.53,6.21,0.69,0.09,-0.01,0.0,-0.03,0.0,0.0,"[80.01,74.80,79.66,62.25,76.39,69.54,86.40,69.95,70.06,86.22]","[0.11,0.11,0.12,0.06,-0.03,0.10,0.11,0.11,0.11,0.10]","[-0.07,-0.07,-0.05,0.10,0.07,-0.08,-0.06,-0.06,-0.06,-0.06]",35.8,1187.6,45,424,,,,,,,0.17,-0.43,-0.79,0.64,0.21,0.01,,,,
19685,30.816301345825195,-105.085693359375,75.49,6.19,0.69,0.09,-0.01,0.0,-0.04,0.0,0.0,"[79.99,74.78,79.62,62.20,76.34,69.51,86.37,69.91,70.02,86.18]","[0.11,0.11,0.12,0.06,-0.03,0.10,0.11,0.11,0.11,0.10]","[-0.07,-0.07,-0.05,0.10,0.06,-0.08,-0.06,-0.06,-0.07,-0.07]",36.7,1188.5,45,425,,,,,,,0.17,-0.44,-0.78,0.64,0.2,0.01,,,,
19685,30.816301345825195,-105.085693359375,75.49,6.19,0.69,0.09,-0.01,0.0,-0.04,0.0,0.0,"[79.99,74.78,79.62,62.20,76.34,69.51,86.37,69.91,70.02,86.18]","[0.11,0.11,0.12,0.06,-0.03,0.10,0.11,0.11,0.11,0.10]","[-0.07,-0.07,-0.05,0.10,0.06,-0.08,-0.06,-0.06,-0.07,-0.07]",36.7,1188.5,45,425,,,,,,,0.17,-0.44,-0.78,0.64,0.2,0.01,,,,
19686,30.816301345825195,-105.08563232421875,75.49,6.19,0.69,0.09,-0.01,0.0,-0.04,0.0,0.0,"[79.99,74.77,79.62,62.20,76.34,69.50,86.37,69.91,70.02,86.18]","[0.11,0.11,0.12,0.06,-0.03,0.10,0.11,0.11,0.11,0.10]","[-0.07,-0.07,-0.05,0.10,0.06,-0.08,-0.06,-0.06,-0.07,-0.07]",40.19,1191.99,45,426,,,,,,,0.17,-0.44,-0.77,0.64,0.2,0.01,,,,
19686,30.816301345825195,-105.08563232421875,75.49,6.19,0.69,0.09,-0.01,0.0,-0.04,0.0,0.0,"[79.99,74.77,79.62,62.20,76.34,69.50,86.37,69.91,70.02,86.18]","[0.11,0.11,0.12,0.06,-0.03,0.10,0.11,0.11,0.11,0.10]","[-0.07,-0.07,-0.05,0.10,0.06,-0.08,-0.06,-0.06,-0.07,-0.07]",40.19,1191.99,45,426,,,,,,,0.17,-0.44,-0.77,0.64,0.2,0.01,,,,
19687,30.816301345825195,-105.0855941772461,75.49,6.19,0.69,0.09,-0.01,0.0,-0.04,0.0,0.0,"[79.99,74.77,79.62,62.20,76.34,69.50,86.37,69.91,70.02,86.18]","[0.11,0.11,0.12,0.06,-0.03,0.10,0.11,0.11,0.11,0.10]","[-0.07,-0.07,-0.05,0.10,0.06,-0.08,-0.06,-0.06,-0.07,-0.07]",46.66,1198.46,45,427,,,,,,,0.17,-0.44,-0.77,0.64,0.2,0.01,,,,
19687,30.816301345825195,-105.0855941772461,75.49,6.19,0.69,0.09,-0.01,0.0,-0.04,0.0,0.0,"[79.99,74.77,79.62,62.20,76.34,69.50,86.37,69.91,70.02,86.18]","[0.11,0.11,0.12,0.06,-0.03,0.10,0.11,0.11,0.11,0.10]","[-0.07,-0.07,-0.05,0.10,0.06,-0.08,-0.06,-0.06,-0.07,-0.07]",46.66,1198.46,45,427,,,,,,,0.17,-0.44,-0.77,0.64,0.2,0.01,,,,
20112,30.81625747680664,-105.08573150634766,75.45,6.18,0.69,0.09,-0.01,0.0,-0.03,0.0,0.0,"[79.93,74.70,79.60,62.34,76.30,69.41,86.26,69.83,70.06,86.11]","[0.11,0.11,0.12,0.06,-0.03,0.10,0.11,0.11,0.11,0.10]","[-0.07,-0.07,-0.05,0.11,0.08,-0.08,-0.06,-0.06,-0.07,-0.07]",38.5,1190.29,46,424,,,,,,,0.17,-0.43,-0.8,0.64,0.22,0.01,,,,
20112,30.81625747680664,-105.08573150634766,75.45,6.18,0.69,0.09,-0.01,0.0,-0.03,0.0,0.0,"[79.93,74.70,79.60,62.34,76.30,69.41,86.26,69.83,70.06,86.11]","[0.11,0.11,0.12,0.06,-0.03,0.10,0.11,0.11,0.11,0.10]","[-0.07,-0.07,-0.05,0.11,0.08,-0.08,-0.06,-0.06,-0.07,-0.07]",38.5,1190.29,46,424,,,,,,,0.17,-0.43,-0.8,0.64,0.22,0.01,,,,
20113,30.81625747680664,-105.085693359375,75.42,6.15,0.68,0.09,-0.01,0.0,-0.04,0.0,0.0,"[79.91,74.67,79.58,62.29,76.26,69.37,86.24,69.79,70.02,86.07]","[0.11,0.11,0.12,0.06,-0.03,0.10,0.11,0.11,0.11,0.10]","[-0.07,-0.07,-0.05,0.11,0.07,-0.08,-0.06,-0.06,-0.07,-0.07]",40.87,1192.67,46,425,,,,,,,0.17,-0.44,-0.78,0.64,0.21,0.01,,,,
20113,30.81625747680664,-105.085693359375,75.42,6.15,0.68,0.09,-0.01,0.0,-0.04,0.0,0.0,"[79.91,74.67,79.58,62.29,76.26,69.37,86.24,69.79,70.02,86.07]","[0.11,0.11,0.12,0.06,-0.03,0.10,0.11,0.11,0.11,0.10]","[-0.07,-0.07,-0.05,0.11,0.07,-0.08,-0.06,-0.06,-0.07,-0.07]",40.87,1192.67,46,425,,,,,,,0.17,-0.44,-0.78,0.64,0.21,0.01,,,,
20114,30.81625747680664,-105.08563232421875,75.42,6.15,0.68,0.09,-0.01,0.0,-0.04,0.0,0.0,"[79.91,74.67,79.58,62.28,76.25,69.37,86.24,69.78,70.01,86.06]","[0.11,0.11,0.12,0.06,-0.03,0.10,0.11,0.11,0.11,0.10]","[-0.07,-0.07,-0.05,0.11,0.07,-0.08,-0.06,-0.06,-0.07,-0.07]",46.54,1198.33,46,426,,,,,,,0.17,-0.44,-0.78,0.64,0.21,0.01,,,,
20114,30.81625747680664,-105.08563232421875,75.42,6.15,0.68,0.09,-0.01,0.0,-0.04,0.0,0.0,"[79.91,74.67,79.58,62.28,76.25,69.37,86.24,69.78,70.01,86.06]","[0.11,0.11,0.12,0.06,-0.03,0.10,0.11,0.11,0.11,0.10]","[-0.07,-0.07,-0.05,0.11,0.07,-0.08,-0.06,-0.06,-0.07,-0.07]",46.54,1198.33,46,426,,,,,,,0.17,-0.44,-0.78,0.64,0.21,0.01,,,,
20115,30.81625747680664,-105.0855941772461,75.42,6.15,0.68,0.09,-0.01,0.0,-0.04,0.0,0.0,"[79.91,74.67,79.58,62.28,76.25,69.37,86.24,69.78,70.01,86.06]","[0.11,0.11,0.12,0.06,-0.03,0.10,0.11,0.11,0.11,0.10]","[-0.07,-0.07,-0.05,0.11,0.07,-0.08,-0.06,-0.06,-0.07,-0.07]",51.5,1203.29,46,427,,,,,,,0.17,-0.44,-0.78,0.64,0.21,0.01,,,,
20115,30.81625747680664,-105.0855941772461,75.42,6.15,0.68,0.09,-0.01,0.0,-0.04,0.0,0.0,"[79.91,74.67,79.58,62.28,76.25,69.37,86.24,69.78,70.01,86.06]","[0.11,0.11,0.12,0.06,-0.03,0.10,0.11,0.11,0.11,0.10]","[-0.07,-0.07,-0.05,0.11,0.07,-0.08,-0.06,-0.06,-0.07,-0.07]",51.5,1203.29,46,427,,,,,,,0.17,-0.44,-0.78,0.64,0.21,0.01,,,,
20540,30.816211700439453,-105.08573150634766,75.4,6.13,0.68,0.09,-0.0,0.0,-0.03,0.01,0.0,"[79.86,74.61,79.60,62.54,76.23,69.29,86.14,69.71,70.06,85.99]","[0.11,0.11,0.12,0.06,-0.03,0.10,0.11,0.11,0.11,0.10]","[-0.08,-0.07,-0.05,0.12,0.09,-0.08,-0.06,-0.06,-0.07,-0.07]",42.23,1194.02,47,424,,,,,,,0.17,-0.42,-0.81,0.64,0.22,0.0,,,,
20540,30.816211700439453,-105.08573150634766,75.4,6.13,0.68,0.09,-0.0,0.0,-0.03,0.01,0.0,"[79.86,74.61,79.60,62.54,76.23,69.29,86.14,69.71,70.06,85.99]","[0.11,0.11,0.12,0.06,-0.03,0.10,0.11,0.11,0.11,0.10]","[-0.08,-0.07,-0.05,0.12,0.09,-0.08,-0.06,-0.06,-0.07,-0.07]",42.23,1194.02,47,424,,,,,,,0.17,-0.42,-0.81,0.64,0.22,0.0,,,,
20541,30.816211700439453,-105.085693359375,75.37,6.11,0.68,0.09,-0.0,0.0,-0.04,0.01,0.0,"[79.84,74.58,79.59,62.49,76.18,69.25,86.11,69.67,70.02,85.95]","[0.11,0.11,0.12,0.06,-0.03,0.10,0.11,0.11,0.11,0.10]","[-0.08,-0.08,-0.05,0.12,0.08,-0.08,-0.06,-0.06,-0.07,-0.07]",47.73,1199.53,47,425,,,,,,,0.17,-0.42,-0.79,0.65,0.22,0.01,,,,
20541,30.816211700439453,-105.085693359375,75.37,6.11,0.68,0.09,-0.0,0.0,-0.04,0.01,0.0,"[79.84,74.58,79.59,62.49,76.18,69.25,86.11,69.67,70.02,85.95]","[0.11,0.11,0.12,0.06,-0.03,0.10,0.11,0.11,0.11,0.10]","[-0.08,-0.08,-0.05,0.12,0.08,-0.08,-0.06,-0.06,-0.07,-0.07]",47.73,1199.53,47,425,,,,,,,0.17,-0.42,-0.79,0.65,0.22,0.01,,,,
20542,30.816211700439453,-105.08563232421875,75.37,6.1,0.68,0.09,-0.0,0.0,-0.04,0.01,0.0,"[79.84,74.58,79.59,62.49,76.18,69.25,86.11,69.66,70.02,85.95]","[0.11,0.11,0.12,0.06,-0.03,0.10,0.11,0.11,0.11,0.10]","[-0.08,-0.08,-0.05,0.12,0.08,-0.08,-0.06,-0.06,-0.07,-0.07]",51.3,1203.1,47,426,,,,,,,0.17,-0.42,-0.79,0.65,0.22,0.01,,,,
20542,30.816211700439453,-105.08563232421875,75.37,6.1,0.68,0.09,-0.0,0.0,-0.04,0.01,0.0,"[79.84,74.58,79.59,62.49,76.18,69.25,86.11,69.66,70.02,85.95]","[0.11,0.11,0.12,0.06,-0.03,0.10,0.11,0.11,0.11,0.10]","[-0.08,-0.08,-0.05,0.12,0.08,-0.08,-0.06,-0.06,-0.07,-0.07]",51.3,1203.1,47,426,,,,,,,0.17,-0.42,-0.79,0.65,0.22,0.01,,,,
20543,30.816211700439453,-105.0855941772461,75.37,6.1,0.68,0.09,-0.0,0.0,-0.04,0.01,0.0,"[79.84,74.58,79.59,62.49,76.18,69.25,86.11,69.66,70.02,85.95]","[0.11,0.11,0.12,0.06,-0.03,0.10,0.11,0.11,0.11,0.10]","[-0.08,-0.08,-0.05,0.12,0.08,-0.08,-0.06,-0.06,-0.07,-0.07]",54.89,1206.69,47,427,,,,,,,0.17,-0.42,-0.79,0.65,0.22,0.01,,,,
20543,30.816211700439453,-105.0855941772461,75.37,6.1,0.68,0.09,-0.0,0.0,-0.04,0.01,0.0,"[79.84,74.58,79.59,62.49,76.18,69.25,86.11,69.66,70.02,85.95]","[0.11,0.11,0.12,0.06,-0.03,0.10,0.11,0.11,0.11,0.10]","[-0.08,-0.08,-0.05,0.12,0.08,-0.08,-0.06,-0.06,-0.07,-0.07]",54.89,1206.69,47,427,,,,,,,0.17,-0.42,-0.79,0.65,0.22,0.01,,,,
20968,30.8161678314209,-105.08573150634766,75.35,6.08,0.68,0.09,0.0,0.0,-0.03,0.02,0.0,"[79.79,74.52,79.60,62.75,76.15,69.17,86.02,69.59,70.07,85.87]","[0.11,0.11,0.12,0.06,-0.02,0.10,0.11,0.11,0.11,0.10]","[-0.08,-0.07,-0.05,0.13,0.10,-0.08,-0.06,-0.06,-0.06,-0.07]",45.13,1196.93,48,424,,,,,,,0.17,-0.41,-0.81,0.65,0.23,0.0,,,,
20968,30.8161678314209,-105.08573150634766,75.35,6.08,0.68,0.09,0.0,0.0,-0.03,0.02,0.0,"[79.79,74.52,79.60,62.75,76.15,69.17,86.02,69.59,70.07,85.87]","[0.11,0.11,0.12,0.06,-0.02,0.10,0.11,0.11,0.11,0.10]","[-0.08,-0.07,-0.05,0.13,0.10,-0.08,-0.06,-0.06,-0.06,-0.07]",45.13,1196.93,48,424,,,,,,,0.17,-0.41,-0.81,0.65,0.23,0.0,,,,
20969,30.8161678314209,-105.085693359375,75.32,6.06,0.67,0.09,0.0,0.0,-0.03,0.02,0.0,"[79.77,74.49,79.60,62.70,76.11,69.13,85.99,69.55,70.03,85.83]","[0.11,0.11,0.12,0.06,-0.03,0.10,0.11,0.11,0.11,0.10]","[-0.09,-0.08,-0.05,0.13,0.09,-0.08,-0.06,-0.06,-0.07,-0.07]",50.23,1202.03,48,425,,,,,,,0.16,-0.41,-0.8,0.65,0.23,0.01,,,,
20969,30.8161678314209,-105.085693359375,75.32,6.06,0.67,0.09,0.0,0.0,-0.03,0.02,0.0,"[79.77,74.49,79.60,62.70,76.11,69.13,85.99,69.55,70.03,85.83]","[0.11,0.11,0.12,0.06,-0.03,0.10,0.11,0.11,0.11,0.10]","[-0.09,-0.08,-0.05,0.13,0.09,-0.08,-0.06,-0.06,-0.07,-0.07]",50.23,1202.03,48,425,,,,,,,0.16,-0.41,-0.8,0.65,0.23,0.01,,,,
20970,30.8161678314209,-105.08563232421875,75.32,6.06,0.67,0.09,0.0,0.0,-0.03,0.02,0.0,"[79.77,74.49,79.60,62.70,76.10,69.12,85.99,69.54,70.03,85.83]","[0.11,0.11,0.12,0.06,-0.03,0.10,0.11,0.11,0.11,0.10]","[-0.09,-0.08,-0.05,0.13,0.09,-0.08,-0.06,-0.06,-0.07,-0.07]",54.41,1206.21,48,426,,,,,,,0.16,-0.41,-0.8,0.65,0.24,0.01,,,,
20970,30.8161678314209,-105.08563232421875,75.32,6.06,0.67,0.09,0.0,0.0,-0.03,0.02,0.0,"[79.77,74.49,79.60,62.70,76.10,69.12,85.99,69.54,70.03,85.83]","[0.11,0.11,0.12,0.06,-0.03,0.10,0.11,0.11,0.11,0.10]","[-0.09,-0.08,-0.05,0.13,0.09,-0.08,-0.06,-0.06,-0.07,-0.07]",54.41,1206.21,48,426,,,,,,,0.16,-0.41,-0.8,0.65,0.24,0.01,,,,
20971,30.8161678314209,-105.0855941772461,75.32,6.06,0.67,0.09,0.0,0.0,-0.03,0.02,0.0,"[79.77,74.49,79.60,62.70,76.10,69.12,85.99,69.54,70.03,85.83]","[0.11,0.11,0.12,0.06,-0.03,0.10,0.11,0.11,0.11,0.10]","[-0.09,-0.08,-0.05,0.13,0.09,-0.08,-0.06,-0.06,-0.07,-0.07]",56.15,1207.95,48,427,,,,,,,0.16,-0.41,-0.8,0.65,0.24,0.01,,,,
20971,30.8161678314209,-105.0855941772461,75.32,6.06,0.67,0.09,0.0,0.0,-0.03,0.02,0.0,"[79.77,74.49,79.60,62.70,76.10,69.12,85.99,69.54,70.03,85.83]","[0.11,0.11,0.12,0.06,-0.03,0.10,0.11,0.11,0.11,0.10]","[-0.09,-0.08,-0.05,0.13,0.09,-0.08,-0.06,-0.06,-0.07,-0.07]",56.15,1207.95,48,427,,,,,,,0.16,-0.41,-0.8,0.65,0.24,0.01,,,,
21396,30.816120147705078,-105.08573150634766,75.31,6.04,0.67,0.09,0.0,0.0,-0.03,0.02,0.0,"[79.72,74.44,79.60,62.96,76.08,69.05,85.89,69.48,70.08,85.76]","[0.10,0.12,0.12,0.07,-0.02,0.11,0.11,0.10,0.11,0.11]","[-0.09,-0.08,-0.05,0.13,0.11,-0.08,-0.06,-0.06,-0.06,-0.07]",51.25,1203.05,49,424,,,,,,,0.17,-0.41,-0.81,0.65,0.24,0.0,,,,
21396,30.816120147705078,-105.08573150634766,75.31,6.04,0.67,0.09,0.0,0.0,-0.03,0.02,0.0,"[79.72,74.44,79.60,62.96,76.08,69.05,85.89,69.48,70.08,85.76]","[0.10,0.12,0.12,0.07,-0.02,0.11,0.11,0.10,0.11,0.11]","[-0.09,-0.08,-0.05,0.13,0.11,-0.08,-0.06,-0.06,-0.06,-0.07]",51.25,1203.05,49,424,,,,,,,0.17,-0.41,-0.81,0.65,0.24,0.0,,,,
21397,30.816120147705078,-105.085693359375,75.27,6.01,0.67,0.09,0.0,0.0,-0.03,0.02,0.0,"[79.70,74.40,79.62,62.91,76.04,69.01,85.86,69.43,70.04,85.71]","[0.10,0.12,0.12,0.07,-0.02,0.11,0.11,0.10,0.11,0.11]","[-0.09,-0.08,-0.05,0.14,0.11,-0.09,-0.06,-0.06,-0.07,-0.07]",53.2,1205.0,49,425,,,,,,,0.16,-0.4,-0.8,0.66,0.25,0.01,,,,
21397,30.816120147705078,-105.085693359375,75.27,6.01,0.67,0.09,0.0,0.0,-0.03,0.02,0.0,"[79.70,74.40,79.62,62.91,76.04,69.01,85.86,69.43,70.04,85.71]","[0.10,0.12,0.12,0.07,-0.02,0.11,0.11,0.10,0.11,0.11]","[-0.09,-0.08,-0.05,0.14,0.11,-0.09,-0.06,-0.06,-0.07,-0.07]",53.2,1205.0,49,425,,,,,,,0.16,-0.4,-0.8,0.66,0.25,0.01,,,,
21398,30.816120147705078,-105.08563232421875,75.27,6.01,0.67,0.09,0.0,0.0,-0.03,0.02,0.0,"[79.70,74.40,79.62,62.90,76.03,69.00,85.86,69.42,70.03,85.71]","[0.10,0.12,0.12,0.07,-0.02,0.11,0.11,0.10,0.11,0.11]","[-0.09,-0.08,-0.05,0.14,0.11,-0.09,-0.06,-0.06,-0.07,-0.07]",55.63,1207.43,49,426,,,,,,,0.16,-0.4,-0.8,0.66,0.25,0.01,,,,
21398,30.816120147705078,-105.08563232421875,75.27,6.01,0.67,0.09,0.0,0.0,-0.03,0.02,0.0,"[79.70,74.40,79.62,62.90,76.03,69.00,85.86,69.42,70.03,85.71]","[0.10,0.12,0.12,0.07,-0.02,0.11,0.11,0.10,0.11,0.11]","[-0.09,-0.08,-0.05,0.14,0.11,-0.09,-0.06,-0.06,-0.07,-0.07]",55.63,1207.43,49,426,,,,,,,0.16,-0.4,-0.8,0.66,0.25,0.01,,,,
21399,30.816120147705078,-105.0855941772461,75.27,6.01,0.67,0.09,0.0,0.0,-0.03,0.02,0.0,"[79.70,74.40,79.62,62.90,76.03,69.00,85.86,69.42,70.03,85.71]","[0.10,0.12,0.12,0.07,-0.02,0.11,0.11,0.10,0.11,0.11]","[-0.09,-0.08,-0.05,0.14,0.11,-0.09,-0.06,-0.06,-0.07,-0.07]",56.52,1208.31,49,427,,,,,,,0.16,-0.4,-0.8,0.66,0.25,0.01,,,,
21399,30.816120147705078,-105.0855941772461,75.27,6.01,0.67,0.09,0.0,0.0,-0.03,0.02,0.0,"[79.70,74.40,79.62,62.90,76.03,69.00,85.86,69.42,70.03,85.71]","[0.10,0.12,0.12,0.07,-0.02,0.11,0.11,0.10,0.11,0.11]","[-0.09,-0.08,-0.05,0.14,0.11,-0.09,-0.06,-0.06,-0.07,-0.07]",56.52,1208.31,49,427,,,,,,,0.16,-0.4,-0.8,0.66,0.25,0.01,,,,
21824,30.81607437133789,-105.08573150634766,75.26,5.99,0.67,0.09,0.01,0.0,-0.03,0.03,0.0,"[79.65,74.35,79.60,63.17,76.01,68.93,85.77,69.36,70.09,85.64]","[0.10,0.12,0.12,0.07,-0.02,0.11,0.11,0.10,0.11,0.11]","[-0.09,-0.08,-0.05,0.14,0.12,-0.08,-0.06,-0.06,-0.06,-0.07]",54.24,1206.03,50,424,,,,,,,0.16,-0.4,-0.81,0.65,0.25,0.0,,,,
21824,30.81607437133789,-105.08573150634766,75.26,5.99,0.67,0.09,0.01,0.0,-0.03,0.03,0.0,"[79.65,74.35,79.60,63.17,76.01,68.93,85.77,69.36,70.09,85.64]","[0.10,0.12,0.12,0.07,-0.02,0.11,0.11,0.10,0.11,0.11]","[-0.09,-0.08,-0.05,0.14,0.12,-0.08,-0.06,-0.06,-0.06,-0.07]",54.24,1206.03,50,424,,,,,,,0.16,-0.4,-0.81,0.65,0.25,0.0,,,,
21825,30.81607437133789,-105.085693359375,75.22,5.97,0.66,0.09,0.01,0.0,-0.03,0.03,0.0,"[79.63,74.32,79.63,63.11,75.96,68.88,85.74,69.31,70.04,85.60]","[0.10,0.12,0.12,0.07,-0.02,0.11,0.11,0.10,0.11,0.11]","[-0.10,-0.08,-0.05,0.15,0.12,-0.09,-0.06,-0.06,-0.07,-0.07]",55.24,1207.04,50,425,,,,,,,0.16,-0.39,-0.8,0.66,0.26,0.01,,,,
21825,30.81607437133789,-105.085693359375,75.22,5.97,0.66,0.09,0.01,0.0,-0.03,0.03,0.0,"[79.63,74.32,79.63,63.11,75.96,68.88,85.74,69.31,70.04,85.60]","[0.10,0.12,0.12,0.07,-0.02,0.11,0.11,0.10,0.11,0.11]","[-0.10,-0.08,-0.05,0.15,0.12,-0.09,-0.06,-0.06,-0.07,-0.07]",55.24,1207.04,50,425,,,,,,,0.16,-0.39,-0.8,0.66,0.26,0.01,,,,
21826,30.81607437133789,-105.08563232421875,75.22,5.97,0.66,0.09,0.01,0.0,-0.03,0.03,0.01,"[79.63,74.31,79.63,63.11,75.96,68.88,85.73,69.30,70.04,85.59]","[0.10,0.12,0.12,0.07,-0.02,0.11,0.11,0.10,0.11,0.11]","[-0.10,-0.09,-0.05,0.15,0.12,-0.09,-0.06,-0.06,-0.07,-0.07]",56.15,1207.95,50,426,,,,,,,0.16,-0.39,-0.8,0.66,0.26,0.01,,,,
21826,30.81607437133789,-105.08563232421875,75.22,5.97,0.66,0.09,0.01,0.0,-0.03,0.03,0.01,"[79.63,74.31,79.63,63.11,75.96,68.88,85.73,69.30,70.04,85.59]","[0.10,0.12,0.12,0.07,-0.02,0.11,0.11,0.10,0.11,0.11]","[-0.10,-0.09,-0.05,0.15,0.12,-0.09,-0.06,-0.06,-0.07,-0.07]",56.15,1207.95,50,426,,,,,,,0.16,-0.39,-0.8,0.66,0.26,0.01,,,,
21827,30.81607437133789,-105.0855941772461,75.22,5.97,0.66,0.09,0.01,0.0,-0.03,0.03,0.01,"[79.63,74.31,79.63,63.11,75.96,68.88,85.73,69.30,70.04,85.59]","[0.10,0.12,0.12,0.07,-0.02,0.11,0.11,0.10,0.11,0.11]","[-0.10,-0.09,-0.05,0.15,0.12,-0.09,-0.06,-0.06,-0.07,-0.07]",56.64,1208.44,50,427,,,,,,,0.16,-0.39,-0.8,0.66,0.26,0.01,,,,
21827,30.81607437133789,-105.0855941772461,75.22,5.97,0.66,0.09,0.01,0.0,-0.03,0.03,0.01,"[79.63,74.31,79.63,63.11,75.96,68.88,85.73,69.30,70.04,85.59]","[0.10,0.12,0.12,0.07,-0.02,0.11,0.11,0.10,0.11,0.11]","[-0.10,-0.09,-0.05,0.15,0.12,-0.09,-0.06,-0.06,-0.07,-0.07]",56.64,1208.44,50,427,,,,,,,0.16,-0.39,-0.8,0.66,0.26,0.01,,,,
22252,30.81603240966797,-105.08573150634766,75.21,5.94,0.66,0.09,0.01,0.0,-0.03,0.03,0.0,"[79.58,74.26,79.60,63.38,75.93,68.81,85.65,69.25,70.09,85.53]","[0.10,0.12,0.12,0.07,-0.02,0.11,0.11,0.10,0.11,0.11]","[-0.10,-0.08,-0.05,0.15,0.13,-0.08,-0.06,-0.06,-0.06,-0.07]",55.26,1207.06,51,424,,,,,,,0.16,-0.39,-0.81,0.65,0.26,0.0,,,,
22252,30.81603240966797,-105.08573150634766,75.21,5.94,0.66,0.09,0.01,0.0,-0.03,0.03,0.0,"[79.58,74.26,79.60,63.38,75.93,68.81,85.65,69.25,70.09,85.53]","[0.10,0.12,0.12,0.07,-0.02,0.11,0.11,0.10,0.11,0.11]","[-0.10,-0.08,-0.05,0.15,0.13,-0.08,-0.06,-0.06,-0.06,-0.07]",55.26,1207.06,51,424,,,,,,,0.16,-0.39,-0.81,0.65,0.26,0.0,,,,
22253,30.81603240966797,-105.085693359375,75.17,5.92,0.66,0.09,0.01,0.0,-0.03,0.04,0.0,"[79.55,74.23,79.64,63.32,75.89,68.76,85.61,69.19,70.05,85.48]","[0.10,0.12,0.12,0.07,-0.02,0.11,0.11,0.10,0.11,0.11]","[-0.11,-0.09,-0.05,0.16,0.13,-0.09,-0.06,-0.06,-0.07,-0.07]",55.98,1207.78,51,425,,,,,,,0.15,-0.38,-0.8,0.67,0.27,0.01,,,,
22253,30.81603240966797,-105.085693359375,75.17,5.92,0.66,0.09,0.01,0.0,-0.03,0.04,0.0,"[79.55,74.23,79.64,63.32,75.89,68.76,85.61,69.19,70.05,85.48]","[0.10,0.12,0.12,0.07,-0.02,0.11,0.11,0.10,0.11,0.11]","[-0.11,-0.09,-0.05,0.16,0.13,-0.09,-0.06,-0.06,-0.07,-0.07]",55.98,1207.78,51,425,,,,,,,0.15,-0.38,-0.8,0.67,0.27,0.01,,,,
22254,30.81603240966797,-105.08563232421875,75.17,5.92,0.66,0.09,0.01,0.0,-0.03,0.04,0.0,"[79.55,74.22,79.64,63.31,75.88,68.76,85.61,69.19,70.05,85.47]","[0.10,0.12,0.12,0.07,-0.02,0.11,0.11,0.10,0.11,0.11]","[-0.11,-0.09,-0.05,0.16,0.13,-0.09,-0.06,-0.06,-0.07,-0.07]",56.5,1208.29,51,426,,,,,,,0.15,-0.38,-0.8,0.67,0.27,0.01,,,,
22254,30.81603240966797,-105.08563232421875,75.17,5.92,0.66,0.09,0.01,0.0,-0.03,0.04,0.0,"[79.55,74.22,79.64,63.31,75.88,68.76,85.61,69.19,70.05,85.47]","[0.10,0.12,0.12,0.07,-0.02,0.11,0.11,0.10,0.11,0.11]","[-0.11,-0.09,-0.05,0.16,0.13,-0.09,-0.06,-0.06,-0.07,-0.07]",56.5,1208.29,51,426,,,,,,,0.15,-0.38,-0.8,0.67,0.27,0.01,,,,
22255,30.81603240966797,-105.0855941772461,75.17,5.92,0.66,0.09,0.01,0.0,-0.03,0.04,0.0,"[79.55,74.22,79.64,63.31,75.88,68.76,85.61,69.19,70.05,85.47]","[0.10,0.12,0.12,0.07,-0.02,0.11,0.11,0.10,0.11,0.11]","[-0.11,-0.09,-0.05,0.16,0.13,-0.09,-0.06,-0.06,-0.07,-0.07]",56.58,1208.38,51,427,,,,,,,0.15,-0.38,-0.8,0.67,0.27,0.01,,,,
22255,30.81603240966797,-105.0855941772461,75.17,5.92,0.66,0.09,0.01,0.0,-0.03,0.04,0.0,"[79.55,74.22,79.64,63.31,75.88,68.76,85.61,69.19,70.05,85.47]","[0.10,0.12,0.12,0.07,-0.02,0.11,0.11,0.10,0.11,0.11]","[-0.11,-0.09,-0.05,0.16,0.13,-0.09,-0.06,-0.06,-0.07,-0.07]",56.58,1208.38,51,427,,,,,,,0.15,-0.38,-0.8,0.67,0.27,0.01,,,,
22680,30.81598663330078,-105.08573150634766,75.2,5.9,0.66,0.09,0.01,0.0,-0.02,0.03,0.0,"[79.53,74.21,79.68,63.72,75.88,68.73,85.56,69.16,70.12,85.43]","[0.10,0.12,0.12,0.07,-0.02,0.11,0.11,0.10,0.11,0.11]","[-0.09,-0.07,-0.04,0.14,0.13,-0.07,-0.05,-0.04,-0.04,-0.06]",56.07,1207.87,52,424,,,,,,,0.16,-0.4,-0.81,0.66,0.25,0.0,,,,
22680,30.81598663330078,-105.08573150634766,75.2,5.9,0.66,0.09,0.01,0.0,-0.02,0.03,0.0,"[79.53,74.21,79.68,63.72,75.88,68.73,85.56,69.16,70.12,85.43]","[0.10,0.12,0.12,0.07,-0.02,0.11,0.11,0.10,0.11,0.11]","[-0.09,-0.07,-0.04,0.14,0.13,-0.07,-0.05,-0.04,-0.04,-0.06]",56.07,1207.87,52,424,,,,,,,0.16,-0.4,-0.81,0.66,0.25,0.0,,,,
22681,30.81598663330078,-105.085693359375,75.17,5.87,0.65,0.09,0.01,0.0,-0.02,0.03,0.0,"[79.50,74.17,79.73,63.66,75.83,68.68,85.53,69.10,70.08,85.38]","[0.10,0.12,0.12,0.07,-0.02,0.11,0.11,0.10,0.11,0.11]","[-0.09,-0.07,-0.03,0.13,0.13,-0.07,-0.05,-0.04,-0.05,-0.06]",56.54,1208.34,52,425,,,,,,,0.15,-0.4,-0.81,0.67,0.26,0.0,,,,
22681,30.81598663330078,-105.085693359375,75.17,5.87,0.65,0.09,0.01,0.0,-0.02,0.03,0.0,"[79.50,74.17,79.73,63.66,75.83,68.68,85.53,69.10,70.08,85.38]","[0.10,0.12,0.12,0.07,-0.02,0.11,0.11,0.10,0.11,0.11]","[-0.09,-0.07,-0.03,0.13,0.13,-0.07,-0.05,-0.04,-0.05,-0.06]",56.54,1208.34,52,425,,,,,,,0.15,-0.4,-0.81,0.67,0.26,0.0,,,,
22682,30.81598663330078,-105.08563232421875,75.16,5.87,0.65,0.09,0.01,0.0,-0.02,0.03,0.0,"[79.50,74.16,79.74,63.65,75.83,68.68,85.52,69.10,70.07,85.38]","[0.10,0.12,0.12,0.07,-0.02,0.11,0.11,0.10,0.11,0.11]","[-0.10,-0.07,-0.03,0.13,0.13,-0.07,-0.05,-0.04,-0.05,-0.06]",56.65,1208.45,52,426,,,,,,,0.15,-0.4,-0.81,0.67,0.26,0.0,,,,
22682,30.81598663330078,-105.08563232421875,75.16,5.87,0.65,0.09,0.01,0.0,-0.02,0.03,0.0,"[79.50,74.16,79.74,63.65,75.83,68.68,85.52,69.10,70.07,85.38]","[0.10,0.12,0.12,0.07,-0.02,0.11,0.11,0.10,0.11,0.11]","[-0.10,-0.07,-0.03,0.13,0.13,-0.07,-0.05,-0.04,-0.05,-0.06]",56.65,1208.45,52,426,,,,,,,0.15,-0.4,-0.81,0.67,0.26,0.0,,,,
22683,30.81598663330078,-105.0855941772461,75.16,5.87,0.65,0.09,0.01,0.0,-0.02,0.03,0.0,"[79.50,74.16,79.74,63.65,75.83,68.68,85.52,69.10,70.07,85.38]","[0.10,0.12,0.12,0.07,-0.02,0.11,0.11,0.10,0.11,0.11]","[-0.10,-0.07,-0.03,0.13,0.13,-0.07,-0.05,-0.04,-0.05,-0.06]",56.33,1208.13,52,427,,,,,,,0.15,-0.4,-0.81,0.67,0.26,0.0,,,,
22683,30.81598663330078,-105.0855941772461,75.16,5.87,0.65,0.09,0.01,0.0,-0.02,0.03,0.0,"[79.50,74.16,79.74,63.65,75.83,68.68,85.52,69.10,70.07,85.38]","[0.10,0.12,0.12,0.07,-0.02,0.11,0.11,0.10,0.11,0.11]","[-0.10,-0.07,-0.03,0.13,0.13,-0.07,-0.05,-0.04,-0.05,-0.06]",56.33,1208.13,52,427,,,,,,,0.15,-0.4,-0.81,0.67,0.26,0.0,,,,
23108,30.815942764282227,-105.08573150634766,75.23,5.85,0.65,0.09,0.01,0.0,-0.01,0.02,0.0,"[79.50,74.18,79.82,64.17,75.84,68.70,85.51,69.11,70.16,85.35]","[0.10,0.12,0.12,0.07,-0.01,0.11,0.11,0.10,0.11,0.11]","[-0.07,-0.04,-0.01,0.09,0.11,-0.04,-0.03,-0.01,-0.01,-0.05]",56.57,1208.36,53,424,,,,,,,0.16,-0.44,-0.81,0.66,0.2,0.0,,,,
23108,30.815942764282227,-105.08573150634766,75.23,5.85,0.65,0.09,0.01,0.0,-0.01,0.02,0.0,"[79.50,74.18,79.82,64.17,75.84,68.70,85.51,69.11,70.16,85.35]","[0.10,0.12,0.12,0.07,-0.01,0.11,0.11,0.10,0.11,0.11]","[-0.07,-0.04,-0.01,0.09,0.11,-0.04,-0.03,-0.01,-0.01,-0.05]",56.57,1208.36,53,424,,,,,,,0.16,-0.44,-0.81,0.66,0.2,0.0,,,,
23109,30.815942764282227,-105.085693359375,75.2,5.82,0.65,0.09,0.01,0.0,-0.0,0.02,0.0,"[79.47,74.14,79.90,64.11,75.80,68.65,85.47,69.05,70.12,85.30]","[0.10,0.12,0.12,0.07,-0.01,0.11,0.11,0.10,0.11,0.11]","[-0.07,-0.03,-0.01,0.09,0.10,-0.03,-0.02,-0.01,0.00,-0.05]",56.69,1208.49,53,425,,,,,,,0.15,-0.45,-0.79,0.67,0.2,0.01,,,,
23109,30.815942764282227,-105.085693359375,75.2,5.82,0.65,0.09,0.01,0.0,-0.0,0.02,0.0,"[79.47,74.14,79.90,64.11,75.80,68.65,85.47,69.05,70.12,85.30]","[0.10,0.12,0.12,0.07,-0.01,0.11,0.11,0.10,0.11,0.11]","[-0.07,-0.03,-0.01,0.09,0.10,-0.03,-0.02,-0.01,0.00,-0.05]",56.69,1208.49,53,425,,,,,,,0.15,-0.45,-0.79,0.67,0.2,0.01,,,,
23110,30.815942764282227,-105.08563232421875,75.19,5.82,0.65,0.09,0.01,0.0,0.0,0.02,0.0,"[79.47,74.13,79.90,64.10,75.79,68.64,85.47,69.04,70.11,85.29]","[0.10,0.12,0.12,0.07,-0.01,0.11,0.11,0.10,0.11,0.11]","[-0.07,-0.03,-0.00,0.09,0.10,-0.03,-0.02,-0.01,0.00,-0.05]",56.46,1208.26,53,426,,,,,,,0.15,-0.45,-0.79,0.67,0.2,0.01,,,,
23110,30.815942764282227,-105.08563232421875,75.19,5.82,0.65,0.09,0.01,0.0,0.0,0.02,0.0,"[79.47,74.13,79.90,64.10,75.79,68.64,85.47,69.04,70.11,85.29]","[0.10,0.12,0.12,0.07,-0.01,0.11,0.11,0.10,0.11,0.11]","[-0.07,-0.03,-0.00,0.09,0.10,-0.03,-0.02,-0.01,0.00,-0.05]",56.46,1208.26,53,426,,,,,,,0.15,-0.45,-0.79,0.67,0.2,0.01,,,,
23111,30.815942764282227,-105.0855941772461,75.19,5.82,0.65,0.09,0.01,0.0,0.0,0.02,0.0,"[79.47,74.13,79.90,64.10,75.79,68.64,85.47,69.04,70.11,85.29]","[0.10,0.12,0.12,0.07,-0.01,0.11,0.11,0.10,0.11,0.11]","[-0.07,-0.03,-0.00,0.09,0.10,-0.03,-0.02,-0.01,0.00,-0.05]",55.95,1207.75,53,427,,,,,,,0.15,-0.45,-0.79,0.67,0.2,0.01,,,,
23111,30.815942764282227,-105.0855941772461,75.19,5.82,0.65,0.09,0.01,0.0,0.0,0.02,0.0,"[79.47,74.13,79.90,64.10,75.79,68.64,85.47,69.04,70.11,85.29]","[0.10,0.12,0.12,0.07,-0.01,0.11,0.11,0.10,0.11,0.11]","[-0.07,-0.03,-0.00,0.09,0.10,-0.03,-0.02,-0.01,0.00,-0.05]",55.95,1207.75,53,427,,,,,,,0.15,-0.45,-0.79,0.67,0.2,0.01,,,,
23536,30.815895080566406,-105.08573150634766,75.26,5.8,0.64,0.1,0.01,0.0,0.01,0.01,0.0,"[79.47,74.15,79.96,64.61,75.80,68.66,85.46,69.05,70.20,85.27]","[0.10,0.12,0.12,0.07,0.00,0.11,0.11,0.10,0.11,0.11]","[-0.05,-0.01,0.01,0.05,0.09,-0.01,-0.01,0.01,0.03,-0.04]",56.52,1208.32,54,424,,,,,,,0.16,-0.49,-0.71,0.66,0.15,0.03,,,,
23536,30.815895080566406,-105.08573150634766,75.26,5.8,0.64,0.1,0.01,0.0,0.01,0.01,0.0,"[79.47,74.15,79.96,64.61,75.80,68.66,85.46,69.05,70.20,85.27]","[0.10,0.12,0.12,0.07,0.00,0.11,0.11,0.10,0.11,0.11]","[-0.05,-0.01,0.01,0.05,0.09,-0.01,-0.01,0.01,0.03,-0.04]",56.52,1208.32,54,424,,,,,,,0.16,-0.49,-0.71,0.66,0.15,0.03,,,,
23537,30.815895080566406,-105.085693359375,75.23,5.78,0.64,0.1,0.01,0.0,0.01,0.01,0.0,"[79.44,74.10,80.06,64.55,75.76,68.61,85.42,68.99,70.16,85.21]","[0.10,0.12,0.12,0.07,0.00,0.11,0.11,0.10,0.11,0.11]","[-0.04,0.00,0.02,0.04,0.08,0.00,-0.00,0.03,0.05,-0.03]",56.37,1208.17,54,425,,,,,,,0.15,-0.49,-0.62,0.67,0.15,0.08,,,,
23537,30.815895080566406,-105.085693359375,75.23,5.78,0.64,0.1,0.01,0.0,0.01,0.01,0.0,"[79.44,74.10,80.06,64.55,75.76,68.61,85.42,68.99,70.16,85.21]","[0.10,0.12,0.12,0.07,0.00,0.11,0.11,0.10,0.11,0.11]","[-0.04,0.00,0.02,0.04,0.08,0.00,-0.00,0.03,0.05,-0.03]",56.37,1208.17,54,425,,,,,,,0.15,-0.49,-0.62,0.67,0.15,0.08,,,,
23538,30.815895080566406,-105.08563232421875,75.23,5.78,0.64,0.1,0.01,0.0,0.02,0.01,0.0,"[79.43,74.10,80.07,64.55,75.75,68.60,85.42,68.98,70.15,85.21]","[0.10,0.12,0.12,0.07,0.00,0.11,0.11,0.10,0.11,0.11]","[-0.04,0.00,0.02,0.04,0.08,0.00,-0.00,0.03,0.05,-0.03]",56.01,1207.8,54,426,,,,,,,0.15,-0.49,-0.6,0.67,0.15,0.08,,,,
23538,30.815895080566406,-105.08563232421875,75.23,5.78,0.64,0.1,0.01,0.0,0.02,0.01,0.0,"[79.43,74.10,80.07,64.55,75.75,68.60,85.42,68.98,70.15,85.21]","[0.10,0.12,0.12,0.07,0.00,0.11,0.11,0.10,0.11,0.11]","[-0.04,0.00,0.02,0.04,0.08,0.00,-0.00,0.03,0.05,-0.03]",56.01,1207.8,54,426,,,,,,,0.15,-0.49,-0.6,0.67,0.15,0.08,,,,
23539,30.815895080566406,-105.0855941772461,75.23,5.78,0.64,0.1,0.01,0.0,0.02,0.01,0.0,"[79.43,74.10,80.07,64.55,75.75,68.60,85.42,68.98,70.15,85.21]","[0.10,0.12,0.12,0.07,0.00,0.11,0.11,0.10,0.11,0.11]","[-0.04,0.00,0.02,0.04,0.08,0.00,-0.00,0.03,0.05,-0.03]",55.47,1207.27,54,427,,,,,,,0.15,-0.49,-0.6,0.67,0.15,0.08,,,,
23539,30.815895080566406,-105.0855941772461,75.23,5.78,0.64,0.1,0.01,0.0,0.02,0.01,0.0,"[79.43,74.10,80.07,64.55,75.75,68.60,85.42,68.98,70.15,85.21]","[0.10,0.12,0.12,0.07,0.00,0.11,0.11,0.10,0.11,0.11]","[-0.04,0.00,0.02,0.04,0.08,0.00,-0.00,0.03,0.05,-0.03]",55.47,1207.27,54,427,,,,,,,0.15,-0.49,-0.6,0.67,0.15,0.08,,,,
23964,30.81585121154785,-105.08573150634766,75.3,5.76,0.64,0.09,0.01,0.0,0.02,-0.0,0.0,"[79.44,74.12,80.11,65.06,75.76,68.63,85.41,69.00,70.24,85.19]","[0.10,0.12,0.12,0.07,0.01,0.10,0.11,0.10,0.11,0.10]","[-0.02,0.02,0.04,0.01,0.07,0.02,0.01,0.04,0.07,-0.02]",55.99,1207.78,55,424,,,,,,,0.16,-0.45,-0.34,0.66,0.2,0.39,,,,
23964,30.81585121154785,-105.08573150634766,75.3,5.76,0.64,0.09,0.01,0.0,0.02,-0.0,0.0,"[79.44,74.12,80.11,65.06,75.76,68.63,85.41,69.00,70.24,85.19]","[0.10,0.12,0.12,0.07,0.01,0.10,0.11,0.10,0.11,0.10]","[-0.02,0.02,0.04,0.01,0.07,0.02,0.01,0.04,0.07,-0.02]",55.99,1207.78,55,424,,,,,,,0.16,-0.45,-0.34,0.66,0.2,0.39,,,,
23965,30.81585121154785,-105.085693359375,75.26,5.73,0.64,0.09,0.01,0.0,0.03,-0.01,0.0,"[79.40,74.07,80.22,65.00,75.72,68.57,85.37,68.93,70.20,85.13]","[0.09,0.12,0.12,0.08,0.01,0.10,0.11,0.10,0.11,0.10]","[-0.01,0.04,0.05,-0.01,0.06,0.03,0.02,0.06,0.09,-0.02]",55.8,1207.59,55,425,,,,,,,0.15,-0.35,-0.07,0.67,0.33,0.67,,,,
23965,30.81585121154785,-105.085693359375,75.26,5.73,0.64,0.09,0.01,0.0,0.03,-0.01,0.0,"[79.40,74.07,80.22,65.00,75.72,68.57,85.37,68.93,70.20,85.13]","[0.09,0.12,0.12,0.08,0.01,0.10,0.11,0.10,0.11,0.10]","[-0.01,0.04,0.05,-0.01,0.06,0.03,0.02,0.06,0.09,-0.02]",55.8,1207.59,55,425,,,,,,,0.15,-0.35,-0.07,0.67,0.33,0.67,,,,
23966,30.81585121154785,-105.08563232421875,75.26,5.73,0.64,0.09,0.01,0.0,0.03,-0.01,0.0,"[79.40,74.07,80.23,65.00,75.72,68.57,85.36,68.92,70.19,85.12]","[0.09,0.12,0.12,0.08,0.01,0.10,0.11,0.10,0.11,0.10]","[-0.01,0.04,0.05,-0.01,0.06,0.04,0.02,0.06,0.09,-0.02]",55.45,1207.24,55,426,,,,,,,0.15,-0.34,-0.05,0.67,0.35,0.68,,,,
23966,30.81585121154785,-105.08563232421875,75.26,5.73,0.64,0.09,0.01,0.0,0.03,-0.01,0.0,"[79.40,74.07,80.23,65.00,75.72,68.57,85.36,68.92,70.19,85.12]","[0.09,0.12,0.12,0.08,0.01,0.10,0.11,0.10,0.11,0.10]","[-0.01,0.04,0.05,-0.01,0.06,0.04,0.02,0.06,0.09,-0.02]",55.45,1207.24,55,426,,,,,,,0.15,-0.34,-0.05,0.67,0.35,0.68,,,,
23967,30.81585121154785,-105.0855941772461,75.26,5.73,0.64,0.09,0.01,0.0,0.03,-0.01,0.0,"[79.40,74.07,80.23,65.00,75.72,68.57,85.36,68.92,70.19,85.12]","[0.09,0.12,0.12,0.08,0.01,0.10,0.11,0.10,0.11,0.10]","[-0.01,0.04,0.05,-0.01,0.06,0.04,0.02,0.06,0.09,-0.02]",55.0,1206.8,55,427,,,,,,,0.15,-0.34,-0.05,0.67,0.35,0.68,,,,
23967,30.81585121154785,-105.0855941772461,75.26,5.73,0.64,0.09,0.01,0.0,0.03,-0.01,0.0,"[79.40,74.07,80.23,65.00,75.72,68.57,85.36,68.92,70.19,85.12]","[0.09,0.12,0.12,0.08,0.01,0.10,0.11,0.10,0.11,0.10]","[-0.01,0.04,0.05,-0.01,0.06,0.04,0.02,0.06,0.09,-0.02]",55.0,1206.8,55,427,,,,,,,0.15,-0.34,-0.05,0.67,0.35,0.68,,,,
24392,30.815805435180664,-105.08573150634766,75.33,5.71,0.63,0.09,0.01,0.0,0.04,-0.01,0.0,"[79.40,74.09,80.25,65.51,75.72,68.59,85.36,68.94,70.28,85.11]","[0.09,0.12,0.12,0.08,0.01,0.10,0.11,0.10,0.11,0.10]","[-0.00,0.05,0.06,-0.03,0.05,0.05,0.03,0.07,0.11,-0.01]",55.22,1207.02,56,424,,,,,,,0.16,-0.26,0.16,0.66,0.48,0.62,,,,
24392,30.815805435180664,-105.08573150634766,75.33,5.71,0.63,0.09,0.01,0.0,0.04,-0.01,0.0,"[79.40,74.09,80.25,65.51,75.72,68.59,85.36,68.94,70.28,85.11]","[0.09,0.12,0.12,0.08,0.01,0.10,0.11,0.10,0.11,0.10]","[-0.00,0.05,0.06,-0.03,0.05,0.05,0.03,0.07,0.11,-0.01]",55.22,1207.02,56,424,,,,,,,0.16,-0.26,0.16,0.66,0.48,0.62,,,,
24393,30.815805435180664,-105.085693359375,75.29,5.68,0.63,0.1,0.01,0.0,0.05,-0.02,0.0,"[79.37,74.04,80.39,65.45,75.68,68.53,85.32,68.87,70.24,85.05]","[0.09,0.12,0.12,0.08,0.02,0.10,0.11,0.10,0.11,0.10]","[0.02,0.07,0.08,-0.05,0.04,0.07,0.04,0.09,0.14,-0.00]",55.07,1206.87,56,425,,,,,,,0.15,-0.14,0.36,0.67,0.7,0.32,,,,
24393,30.815805435180664,-105.085693359375,75.29,5.68,0.63,0.1,0.01,0.0,0.05,-0.02,0.0,"[79.37,74.04,80.39,65.45,75.68,68.53,85.32,68.87,70.24,85.05]","[0.09,0.12,0.12,0.08,0.02,0.10,0.11,0.10,0.11,0.10]","[0.02,0.07,0.08,-0.05,0.04,0.07,0.04,0.09,0.14,-0.00]",55.07,1206.87,56,425,,,,,,,0.15,-0.14,0.36,0.67,0.7,0.32,,,,
24394,30.815805435180664,-105.08563232421875,75.29,5.68,0.63,0.1,0.01,0.0,0.05,-0.02,0.0,"[79.36,74.04,80.40,65.44,75.68,68.53,85.31,68.86,70.24,85.04]","[0.09,0.12,0.12,0.08,0.02,0.10,0.11,0.10,0.11,0.10]","[0.02,0.07,0.08,-0.06,0.04,0.07,0.04,0.10,0.14,-0.00]",54.79,1206.59,56,426,,,,,,,0.15,-0.13,0.37,0.67,0.72,0.3,,,,
24394,30.815805435180664,-105.08563232421875,75.29,5.68,0.63,0.1,0.01,0.0,0.05,-0.02,0.0,"[79.36,74.04,80.40,65.44,75.68,68.53,85.31,68.86,70.24,85.04]","[0.09,0.12,0.12,0.08,0.02,0.10,0.11,0.10,0.11,0.10]","[0.02,0.07,0.08,-0.06,0.04,0.07,0.04,0.10,0.14,-0.00]",54.79,1206.59,56,426,,,,,,,0.15,-0.13,0.37,0.67,0.72,0.3,,,,
24395,30.815805435180664,-105.0855941772461,75.29,5.68,0.63,0.1,0.01,0.0,0.05,-0.02,0.0,"[79.36,74.04,80.40,65.44,75.68,68.53,85.31,68.86,70.24,85.04]","[0.09,0.12,0.12,0.08,0.02,0.10,0.11,0.10,0.11,0.10]","[0.02,0.07,0.08,-0.06,0.04,0.07,0.04,0.10,0.14,-0.00]",54.33,1206.13,56,427,,,,,,,0.15,-0.13,0.37,0.67,0.72,0.3,,,,
24395,30.815805435180664,-105.0855941772461,75.29,5.68,0.63,0.1,0.01,0.0,0.05,-0.02,0.0,"[79.36,74.04,80.40,65.44,75.68,68.53,85.31,68.86,70.24,85.04]","[0.09,0.12,0.12,0.08,0.02,0.10,0.11,0.10,0.11,0.10]","[0.02,0.07,0.08,-0.06,0.04,0.07,0.04,0.10,0.14,-0.00]",54.33,1206.13,56,427,,,,,,,0.15,-0.13,0.37,0.67,0.72,0.3,,,,
24820,30.81576156616211,-105.08573150634766,75.36,5.66,0.63,0.1,0.01,0.0,0.05,-0.02,-0.0,"[79.37,74.06,80.39,65.96,75.68,68.55,85.31,68.88,70.33,85.03]","[0.09,0.12,0.12,0.08,0.02,0.10,0.11,0.10,0.11,0.10]","[0.02,0.08,0.09,-0.07,0.03,0.08,0.05,0.10,0.14,0.00]",54.12,1205.92,57,424,,,,,,,0.16,-0.11,0.43,0.66,0.76,0.22,,,,
24820,30.81576156616211,-105.08573150634766,75.36,5.66,0.63,0.1,0.01,0.0,0.05,-0.02,-0.0,"[79.37,74.06,80.39,65.96,75.68,68.55,85.31,68.88,70.33,85.03]","[0.09,0.12,0.12,0.08,0.02,0.10,0.11,0.10,0.11,0.10]","[0.02,0.08,0.09,-0.07,0.03,0.08,0.05,0.10,0.14,0.00]",54.12,1205.92,57,424,,,,,,,0.16,-0.11,0.43,0.66,0.76,0.22,,,,
24821,30.81576156616211,-105.085693359375,75.33,5.63,0.63,0.1,0.01,0.0,0.07,-0.03,-0.0,"[79.33,74.01,80.55,65.90,75.65,68.50,85.27,68.81,70.28,84.96]","[0.09,0.12,0.12,0.08,0.03,0.10,0.11,0.10,0.11,0.10]","[0.04,0.11,0.11,-0.10,0.01,0.11,0.07,0.13,0.18,0.01]",54.0,1205.8,57,425,,,,,,,0.15,-0.04,0.52,0.67,0.92,0.12,,,,
24821,30.81576156616211,-105.085693359375,75.33,5.63,0.63,0.1,0.01,0.0,0.07,-0.03,-0.0,"[79.33,74.01,80.55,65.90,75.65,68.50,85.27,68.81,70.28,84.96]","[0.09,0.12,0.12,0.08,0.03,0.10,0.11,0.10,0.11,0.10]","[0.04,0.11,0.11,-0.10,0.01,0.11,0.07,0.13,0.18,0.01]",54.0,1205.8,57,425,,,,,,,0.15,-0.04,0.52,0.67,0.92,0.12,,,,
24822,30.81576156616211,-105.08563232421875,75.32,5.63,0.63,0.1,0.01,0.0,0.07,-0.03,0.0,"[79.33,74.01,80.56,65.89,75.64,68.49,85.26,68.80,70.28,84.96]","[0.09,0.12,0.12,0.08,0.03,0.10,0.11,0.10,0.11,0.10]","[0.04,0.11,0.11,-0.10,0.01,0.11,0.07,0.13,0.18,0.01]",53.77,1205.57,57,426,,,,,,,0.15,-0.03,0.53,0.67,0.93,0.12,,,,
24822,30.81576156616211,-105.08563232421875,75.32,5.63,0.63,0.1,0.01,0.0,0.07,-0.03,0.0,"[79.33,74.01,80.56,65.89,75.64,68.49,85.26,68.80,70.28,84.96]","[0.09,0.12,0.12,0.08,0.03,0.10,0.11,0.10,0.11,0.10]","[0.04,0.11,0.11,-0.10,0.01,0.11,0.07,0.13,0.18,0.01]",53.77,1205.57,57,426,,,,,,,0.15,-0.03,0.53,0.67,0.93,0.12,,,,
24823,30.81576156616211,-105.0855941772461,75.32,5.63,0.63,0.1,0.01,0.0,0.07,-0.03,0.0,"[79.33,74.01,80.56,65.89,75.64,68.49,85.26,68.80,70.28,84.96]","[0.09,0.12,0.12,0.08,0.03,0.10,0.11,0.10,0.11,0.10]","[0.04,0.11,0.11,-0.10,0.01,0.11,0.07,0.13,0.18,0.01]",53.38,1205.18,57,427,,,,,,,0.15,-0.03,0.53,0.67,0.93,0.12,,,,
24823,30.81576156616211,-105.0855941772461,75.32,5.63,0.63,0.1,0.01,0.0,0.07,-0.03,0.0,"[79.33,74.01,80.56,65.89,75.64,68.49,85.26,68.80,70.28,84.96]","[0.09,0.12,0.12,0.08,0.03,0.10,0.11,0.10,0.11,0.10]","[0.04,0.11,0.11,-0.10,0.01,0.11,0.07,0.13,0.18,0.01]",53.38,1205.18,57,427,,,,,,,0.15,-0.03,0.53,0.67,0.93,0.12,,,,
25248,30.815717697143555,-105.08573150634766,75.39,5.63,0.63,0.1,0.01,0.0,0.06,-0.02,0.0,"[79.34,74.04,80.54,66.34,75.65,68.54,85.29,68.85,70.37,84.97]","[0.09,0.12,0.12,0.08,0.03,0.10,0.11,0.10,0.11,0.10]","[0.03,0.09,0.10,-0.08,0.00,0.09,0.06,0.11,0.15,0.01]",52.8,1204.6,58,424,,,,,,,0.16,-0.05,0.58,0.66,0.88,0.09,,,,
25248,30.815717697143555,-105.08573150634766,75.39,5.63,0.63,0.1,0.01,0.0,0.06,-0.02,0.0,"[79.34,74.04,80.54,66.34,75.65,68.54,85.29,68.85,70.37,84.97]","[0.09,0.12,0.12,0.08,0.03,0.10,0.11,0.10,0.11,0.10]","[0.03,0.09,0.10,-0.08,0.00,0.09,0.06,0.11,0.15,0.01]",52.8,1204.6,58,424,,,,,,,0.16,-0.05,0.58,0.66,0.88,0.09,,,,
25249,30.815717697143555,-105.085693359375,75.36,5.6,0.62,0.1,0.01,0.0,0.08,-0.03,-0.0,"[79.31,74.00,80.72,66.28,75.61,68.49,85.24,68.78,70.32,84.90]","[0.09,0.12,0.12,0.08,0.03,0.10,0.11,0.10,0.11,0.10]","[0.06,0.12,0.13,-0.12,-0.01,0.12,0.08,0.15,0.19,0.02]",52.66,1204.46,58,425,,,,,,,0.15,0.0,0.63,0.67,0.99,0.05,,,,
25249,30.815717697143555,-105.085693359375,75.36,5.6,0.62,0.1,0.01,0.0,0.08,-0.03,-0.0,"[79.31,74.00,80.72,66.28,75.61,68.49,85.24,68.78,70.32,84.90]","[0.09,0.12,0.12,0.08,0.03,0.10,0.11,0.10,0.11,0.10]","[0.06,0.12,0.13,-0.12,-0.01,0.12,0.08,0.15,0.19,0.02]",52.66,1204.46,58,425,,,,,,,0.15,0.0,0.63,0.67,0.99,0.05,,,,
25250,30.815717697143555,-105.08563232421875,75.36,5.59,0.62,0.1,0.01,0.0,0.08,-0.04,0.0,"[79.30,73.99,80.73,66.27,75.61,68.48,85.24,68.77,70.32,84.90]","[0.09,0.12,0.12,0.08,0.03,0.10,0.11,0.10,0.11,0.10]","[0.06,0.13,0.13,-0.12,-0.02,0.13,0.08,0.15,0.20,0.02]",52.44,1204.24,58,426,,,,,,,0.15,0.01,0.63,0.67,0.99,0.05,,,,
25250,30.815717697143555,-105.08563232421875,75.36,5.59,0.62,0.1,0.01,0.0,0.08,-0.04,0.0,"[79.30,73.99,80.73,66.27,75.61,68.48,85.24,68.77,70.32,84.90]","[0.09,0.12,0.12,0.08,0.03,0.10,0.11,0.10,0.11,0.10]","[0.06,0.13,0.13,-0.12,-0.02,0.13,0.08,0.15,0.20,0.02]",52.44,1204.24,58,426,,,,,,,0.15,0.01,0.63,0.67,0.99,0.05,,,,
25251,30.815717697143555,-105.0855941772461,75.36,5.59,0.62,0.1,0.01,0.0,0.08,-0.04,0.0,"[79.30,73.99,80.73,66.27,75.61,68.48,85.24,68.77,70.32,84.90]","[0.09,0.12,0.12,0.08,0.03,0.10,0.11,0.10,0.11,0.10]","[0.06,0.13,0.13,-0.12,-0.02,0.13,0.08,0.15,0.20,0.02]",52.14,1203.93,58,427,,,,,,,0.15,0.01,0.63,0.67,0.99,0.05,,,,
25251,30.815717697143555,-105.0855941772461,75.36,5.59,0.62,0.1,0.01,0.0,0.08,-0.04,0.0,"[79.30,73.99,80.73,66.27,75.61,68.48,85.24,68.77,70.32,84.90]","[0.09,0.12,0.12,0.08,0.03,0.10,0.11,0.10,0.11,0.10]","[0.06,0.13,0.13,-0.12,-0.02,0.13,0.08,0.15,0.20,0.02]",52.14,1203.93,58,427,,,,,,,0.15,0.01,0.63,0.67,0.99,0.05,,,,
25676,30.815673828125,-105.08573150634766,75.44,5.61,0.62,0.1,0.0,0.0,0.05,-0.01,0.0,"[79.33,74.05,80.71,66.63,75.62,68.57,85.31,68.86,70.41,84.94]","[0.09,0.12,0.12,0.08,0.03,0.10,0.11,0.10,0.11,0.10]","[0.04,0.09,0.10,-0.06,-0.03,0.08,0.05,0.11,0.13,0.02]",51.09,1202.89,59,424,,,,,,,0.16,-0.04,0.73,0.66,0.92,0.02,,,,
25676,30.815673828125,-105.08573150634766,75.44,5.61,0.62,0.1,0.0,0.0,0.05,-0.01,0.0,"[79.33,74.05,80.71,66.63,75.62,68.57,85.31,68.86,70.41,84.94]","[0.09,0.12,0.12,0.08,0.03,0.10,0.11,0.10,0.11,0.10]","[0.04,0.09,0.10,-0.06,-0.03,0.08,0.05,0.11,0.13,0.02]",51.09,1202.89,59,424,,,,,,,0.16,-0.04,0.73,0.66,0.92,0.02,,,,
25677,30.815673828125,-105.085693359375,75.41,5.58,0.62,0.1,0.01,0.0,0.07,-0.02,0.0,"[79.29,74.00,80.89,66.56,75.59,68.51,85.25,68.79,70.36,84.87]","[0.09,0.12,0.12,0.08,0.03,0.10,0.11,0.10,0.11,0.10]","[0.06,0.12,0.13,-0.09,-0.05,0.11,0.08,0.14,0.17,0.03]",50.97,1202.77,59,425,,,,,,,0.15,0.02,0.76,0.67,0.96,0.01,,,,
25677,30.815673828125,-105.085693359375,75.41,5.58,0.62,0.1,0.01,0.0,0.07,-0.02,0.0,"[79.29,74.00,80.89,66.56,75.59,68.51,85.25,68.79,70.36,84.87]","[0.09,0.12,0.12,0.08,0.03,0.10,0.11,0.10,0.11,0.10]","[0.06,0.12,0.13,-0.09,-0.05,0.11,0.08,0.14,0.17,0.03]",50.97,1202.77,59,425,,,,,,,0.15,0.02,0.76,0.67,0.96,0.01,,,,
25678,30.815673828125,-105.08563232421875,75.41,5.57,0.62,0.1,0.01,0.0,0.07,-0.03,0.0,"[79.29,74.00,80.90,66.56,75.58,68.51,85.25,68.78,70.36,84.86]","[0.09,0.12,0.12,0.08,0.03,0.10,0.11,0.10,0.11,0.10]","[0.06,0.12,0.13,-0.10,-0.05,0.12,0.08,0.14,0.17,0.04]",50.8,1202.6,59,426,,,,,,,0.15,0.02,0.76,0.67,0.95,0.01,,,,
25678,30.815673828125,-105.08563232421875,75.41,5.57,0.62,0.1,0.01,0.0,0.07,-0.03,0.0,"[79.29,74.00,80.90,66.56,75.58,68.51,85.25,68.78,70.36,84.86]","[0.09,0.12,0.12,0.08,0.03,0.10,0.11,0.10,0.11,0.10]","[0.06,0.12,0.13,-0.10,-0.05,0.12,0.08,0.14,0.17,0.04]",50.8,1202.6,59,426,,,,,,,0.15,0.02,0.76,0.67,0.95,0.01,,,,
25679,30.815673828125,-105.0855941772461,75.41,5.57,0.62,0.1,0.01,0.0,0.07,-0.03,0.0,"[79.29,74.00,80.90,66.56,75.58,68.51,85.25,68.78,70.36,84.86]","[0.09,0.12,0.12,0.08,0.03,0.10,0.11,0.10,0.11,0.10]","[0.06,0.12,0.13,-0.10,-0.05,0.12,0.08,0.14,0.17,0.04]",50.62,1202.42,59,427,,,,,,,0.15,0.02,0.76,0.67,0.95,0.01,,,,
25679,30.815673828125,-105.0855941772461,75.41,5.57,0.62,0.1,0.01,0.0,0.07,-0.03,0.0,"[79.29,74.00,80.90,66.56,75.58,68.51,85.25,68.78,70.36,84.86]","[0.09,0.12,0.12,0.08,0.03,0.10,0.11,0.10,0.11,0.10]","[0.06,0.12,0.13,-0.10,-0.05,0.12,0.08,0.14,0.17,0.04]",50.62,1202.42,59,427,,,,,,,0.15,0.02,0.76,0.67,0.95,0.01,,,,
26104,30.815628051757812,-105.08573150634766,75.49,5.6,0.62,0.09,0.0,0.0,0.05,-0.01,0.0,"[79.31,74.05,80.88,66.92,75.59,68.59,85.32,68.87,70.44,84.91]","[0.09,0.12,0.12,0.07,0.03,0.09,0.11,0.10,0.11,0.09]","[0.04,0.08,0.10,-0.04,-0.06,0.07,0.05,0.11,0.11,0.03]",49.31,1201.1,60,424,,,,,,,0.16,-0.01,0.86,0.67,0.95,0.0,,,,
26104,30.815628051757812,-105.08573150634766,75.49,5.6,0.62,0.09,0.0,0.0,0.05,-0.01,0.0,"[79.31,74.05,80.88,66.92,75.59,68.59,85.32,68.87,70.44,84.91]","[0.09,0.12,0.12,0.07,0.03,0.09,0.11,0.10,0.11,0.09]","[0.04,0.08,0.10,-0.04,-0.06,0.07,0.05,0.11,0.11,0.03]",49.31,1201.1,60,424,,,,,,,0.16,-0.01,0.86,0.67,0.95,0.0,,,,
26105,30.815628051757812,-105.085693359375,75.46,5.56,0.62,0.09,0.0,0.0,0.06,-0.02,0.0,"[79.27,74.01,81.06,66.85,75.56,68.54,85.27,68.80,70.40,84.83]","[0.09,0.12,0.12,0.08,0.03,0.09,0.11,0.10,0.11,0.09]","[0.06,0.11,0.13,-0.07,-0.09,0.10,0.08,0.14,0.14,0.05]",49.21,1201.01,60,425,,,,,,,0.15,0.04,0.86,0.67,0.91,0.0,,,,
26105,30.815628051757812,-105.085693359375,75.46,5.56,0.62,0.09,0.0,0.0,0.06,-0.02,0.0,"[79.27,74.01,81.06,66.85,75.56,68.54,85.27,68.80,70.40,84.83]","[0.09,0.12,0.12,0.08,0.03,0.09,0.11,0.10,0.11,0.09]","[0.06,0.11,0.13,-0.07,-0.09,0.10,0.08,0.14,0.14,0.05]",49.21,1201.01,60,425,,,,,,,0.15,0.04,0.86,0.67,0.91,0.0,,,,
26106,30.815628051757812,-105.08563232421875,75.46,5.56,0.62,0.09,0.0,0.0,0.07,-0.02,0.0,"[79.27,74.01,81.07,66.85,75.56,68.53,85.26,68.79,70.40,84.83]","[0.09,0.12,0.12,0.08,0.03,0.09,0.11,0.10,0.11,0.09]","[0.06,0.11,0.13,-0.07,-0.09,0.11,0.08,0.14,0.14,0.05]",49.1,1200.9,60,426,,,,,,,0.15,0.05,0.86,0.67,0.9,0.0,,,,
26106,30.815628051757812,-105.08563232421875,75.46,5.56,0.62,0.09,0.0,0.0,0.07,-0.02,0.0,"[79.27,74.01,81.07,66.85,75.56,68.53,85.26,68.79,70.40,84.83]","[0.09,0.12,0.12,0.08,0.03,0.09,0.11,0.10,0.11,0.09]","[0.06,0.11,0.13,-0.07,-0.09,0.11,0.08,0.14,0.14,0.05]",49.1,1200.9,60,426,,,,,,,0.15,0.05,0.86,0.67,0.9,0.0,,,,
26107,30.815628051757812,-105.0855941772461,75.46,5.56,0.62,0.09,0.0,0.0,0.07,-0.02,0.0,"[79.27,74.01,81.07,66.85,75.56,68.53,85.26,68.79,70.40,84.83]","[0.09,0.12,0.12,0.08,0.03,0.09,0.11,0.10,0.11,0.09]","[0.06,0.11,0.13,-0.07,-0.09,0.11,0.08,0.14,0.14,0.05]",48.97,1200.77,60,427,,,,,,,0.15,0.05,0.86,0.67,0.9,0.0,,,,
26107,30.815628051757812,-105.0855941772461,75.46,5.56,0.62,0.09,0.0,0.0,0.07,-0.02,0.0,"[79.27,74.01,81.07,66.85,75.56,68.53,85.26,68.79,70.40,84.83]","[0.09,0.12,0.12,0.08,0.03,0.09,0.11,0.10,0.11,0.09]","[0.06,0.11,0.13,-0.07,-0.09,0.11,0.08,0.14,0.14,0.05]",48.97,1200.77,60,427,,,,,,,0.15,0.05,0.86,0.67,0.9,0.0,,,,
26532,30.815584182739258,-105.08573150634766,75.54,5.59,0.62,0.09,0.0,0.0,0.04,0.0,0.0,"[79.30,74.06,81.05,67.20,75.56,68.62,85.34,68.88,70.48,84.88]","[0.09,0.12,0.12,0.07,0.03,0.09,0.11,0.10,0.11,0.09]","[0.04,0.08,0.10,-0.02,-0.09,0.06,0.05,0.10,0.08,0.04]",47.59,1199.39,61,424,,,,,,,0.15,0.03,0.93,0.67,0.94,0.0,,,,
26532,30.815584182739258,-105.08573150634766,75.54,5.59,0.62,0.09,0.0,0.0,0.04,0.0,0.0,"[79.30,74.06,81.05,67.20,75.56,68.62,85.34,68.88,70.48,84.88]","[0.09,0.12,0.12,0.07,0.03,0.09,0.11,0.10,0.11,0.09]","[0.04,0.08,0.10,-0.02,-0.09,0.06,0.05,0.10,0.08,0.04]",47.59,1199.39,61,424,,,,,,,0.15,0.03,0.93,0.67,0.94,0.0,,,,
26533,30.815584182739258,-105.085693359375,75.51,5.54,0.62,0.09,0.0,0.0,0.06,-0.01,0.0,"[79.26,74.02,81.23,67.14,75.53,68.56,85.28,68.81,70.44,84.80]","[0.09,0.12,0.11,0.07,0.04,0.09,0.10,0.10,0.10,0.09]","[0.06,0.11,0.12,-0.05,-0.13,0.09,0.07,0.13,0.11,0.06]",47.52,1199.32,61,425,,,,,,,0.15,0.07,0.91,0.68,0.85,0.0,,,,
26533,30.815584182739258,-105.085693359375,75.51,5.54,0.62,0.09,0.0,0.0,0.06,-0.01,0.0,"[79.26,74.02,81.23,67.14,75.53,68.56,85.28,68.81,70.44,84.80]","[0.09,0.12,0.11,0.07,0.04,0.09,0.10,0.10,0.10,0.09]","[0.06,0.11,0.12,-0.05,-0.13,0.09,0.07,0.13,0.11,0.06]",47.52,1199.32,61,425,,,,,,,0.15,0.07,0.91,0.68,0.85,0.0,,,,
26534,30.815584182739258,-105.08563232421875,75.5,5.54,0.62,0.09,0.0,0.0,0.06,-0.01,0.0,"[79.25,74.01,81.24,67.14,75.53,68.56,85.27,68.80,70.43,84.79]","[0.09,0.12,0.11,0.07,0.04,0.09,0.10,0.10,0.10,0.09]","[0.07,0.11,0.12,-0.05,-0.13,0.10,0.07,0.13,0.11,0.06]",47.39,1199.19,61,426,,,,,,,0.15,0.07,0.91,0.68,0.85,0.0,,,,
26534,30.815584182739258,-105.08563232421875,75.5,5.54,0.62,0.09,0.0,0.0,0.06,-0.01,0.0,"[79.25,74.01,81.24,67.14,75.53,68.56,85.27,68.80,70.43,84.79]","[0.09,0.12,0.11,0.07,0.04,0.09,0.10,0.10,0.10,0.09]","[0.07,0.11,0.12,-0.05,-0.13,0.10,0.07,0.13,0.11,0.06]",47.39,1199.19,61,426,,,,,,,0.15,0.07,0.91,0.68,0.85,0.0,,,,
26535,30.815584182739258,-105.0855941772461,75.5,5.54,0.62,0.09,0.0,0.0,0.06,-0.01,0.0,"[79.25,74.01,81.24,67.14,75.53,68.56,85.27,68.80,70.43,84.79]","[0.09,0.12,0.11,0.07,0.04,0.09,0.10,0.10,0.10,0.09]","[0.07,0.11,0.12,-0.05,-0.13,0.10,0.07,0.13,0.11,0.06]",47.16,1198.96,61,427,,,,,,,0.15,0.07,0.91,0.68,0.85,0.0,,,,
26535,30.815584182739258,-105.0855941772461,75.5,5.54,0.62,0.09,0.0,0.0,0.06,-0.01,0.0,"[79.25,74.01,81.24,67.14,75.53,68.56,85.27,68.80,70.43,84.79]","[0.09,0.12,0.11,0.07,0.04,0.09,0.10,0.10,0.10,0.09]","[0.07,0.11,0.12,-0.05,-0.13,0.10,0.07,0.13,0.11,0.06]",47.16,1198.96,61,427,,,,,,,0.15,0.07,0.91,0.68,0.85,0.0,,,,
26960,30.815536499023438,-105.08573150634766,75.59,5.57,0.62,0.09,-0.0,0.0,0.04,0.01,0.0,"[79.28,74.07,81.22,67.49,75.54,68.65,85.35,68.89,70.52,84.85]","[0.09,0.12,0.11,0.07,0.03,0.09,0.10,0.10,0.10,0.09]","[0.04,0.07,0.10,-0.00,-0.12,0.05,0.05,0.10,0.06,0.05]",45.67,1197.46,62,424,,,,,,,0.15,0.06,0.93,0.68,0.87,0.0,,,,
26960,30.815536499023438,-105.08573150634766,75.59,5.57,0.62,0.09,-0.0,0.0,0.04,0.01,0.0,"[79.28,74.07,81.22,67.49,75.54,68.65,85.35,68.89,70.52,84.85]","[0.09,0.12,0.11,0.07,0.03,0.09,0.10,0.10,0.10,0.09]","[0.04,0.07,0.10,-0.00,-0.12,0.05,0.05,0.10,0.06,0.05]",45.67,1197.46,62,424,,,,,,,0.15,0.06,0.93,0.68,0.87,0.0,,,,
26961,30.815536499023438,-105.085693359375,75.55,5.52,0.61,0.09,-0.0,0.0,0.05,0.0,0.0,"[79.24,74.02,81.40,67.43,75.51,68.59,85.29,68.82,70.48,84.76]","[0.09,0.12,0.11,0.07,0.04,0.09,0.10,0.10,0.10,0.09]","[0.07,0.10,0.12,-0.03,-0.16,0.08,0.07,0.13,0.09,0.07]",45.41,1197.21,62,425,,,,,,,0.15,0.09,0.92,0.68,0.8,0.0,,,,
26961,30.815536499023438,-105.085693359375,75.55,5.52,0.61,0.09,-0.0,0.0,0.05,0.0,0.0,"[79.24,74.02,81.40,67.43,75.51,68.59,85.29,68.82,70.48,84.76]","[0.09,0.12,0.11,0.07,0.04,0.09,0.10,0.10,0.10,0.09]","[0.07,0.10,0.12,-0.03,-0.16,0.08,0.07,0.13,0.09,0.07]",45.41,1197.21,62,425,,,,,,,0.15,0.09,0.92,0.68,0.8,0.0,,,,
26962,30.815536499023438,-105.08563232421875,75.55,5.52,0.61,0.09,-0.0,0.0,0.05,0.0,0.0,"[79.24,74.02,81.41,67.42,75.50,68.59,85.29,68.81,70.47,84.76]","[0.09,0.12,0.11,0.07,0.04,0.09,0.10,0.10,0.10,0.09]","[0.07,0.10,0.12,-0.03,-0.17,0.09,0.07,0.13,0.09,0.07]",45.39,1197.19,62,426,,,,,,,0.15,0.09,0.92,0.68,0.8,0.0,,,,
26962,30.815536499023438,-105.08563232421875,75.55,5.52,0.61,0.09,-0.0,0.0,0.05,0.0,0.0,"[79.24,74.02,81.41,67.42,75.50,68.59,85.29,68.81,70.47,84.76]","[0.09,0.12,0.11,0.07,0.04,0.09,0.10,0.10,0.10,0.09]","[0.07,0.10,0.12,-0.03,-0.17,0.09,0.07,0.13,0.09,0.07]",45.39,1197.19,62,426,,,,,,,0.15,0.09,0.92,0.68,0.8,0.0,,,,
26963,30.815536499023438,-105.0855941772461,75.55,5.52,0.61,0.09,-0.0,0.0,0.05,0.0,0.0,"[79.24,74.02,81.41,67.42,75.50,68.59,85.29,68.81,70.47,84.76]","[0.09,0.12,0.11,0.07,0.04,0.09,0.10,0.10,0.10,0.09]","[0.07,0.10,0.12,-0.03,-0.17,0.09,0.07,0.13,0.09,0.07]",45.06,1196.86,62,427,,,,,,,0.15,0.09,0.92,0.68,0.8,0.0,,,,
26963,30.815536499023438,-105.0855941772461,75.55,5.52,0.61,0.09,-0.0,0.0,0.05,0.0,0.0,"[79.24,74.02,81.41,67.42,75.50,68.59,85.29,68.81,70.47,84.76]","[0.09,0.12,0.11,0.07,0.04,0.09,0.10,0.10,0.10,0.09]","[0.07,0.10,0.12,-0.03,-0.17,0.09,0.07,0.13,0.09,0.07]",45.06,1196.86,62,427,,,,,,,0.15,0.09,0.92,0.68,0.8,0.0,,,,
27388,30.815492630004883,-105.08573150634766,75.63,5.56,0.62,0.09,-0.01,0.0,0.04,0.02,0.0,"[79.26,74.07,81.39,67.78,75.51,68.67,85.37,68.91,70.56,84.82]","[0.09,0.12,0.11,0.07,0.03,0.08,0.10,0.10,0.10,0.08]","[0.04,0.07,0.09,0.02,-0.15,0.05,0.05,0.09,0.04,0.06]",43.14,1194.93,63,424,,,,,,,0.15,0.09,0.89,0.69,0.81,0.0,,,,
27388,30.815492630004883,-105.08573150634766,75.63,5.56,0.62,0.09,-0.01,0.0,0.04,0.02,0.0,"[79.26,74.07,81.39,67.78,75.51,68.67,85.37,68.91,70.56,84.82]","[0.09,0.12,0.11,0.07,0.03,0.08,0.10,0.10,0.10,0.08]","[0.04,0.07,0.09,0.02,-0.15,0.05,0.05,0.09,0.04,0.06]",43.14,1194.93,63,424,,,,,,,0.15,0.09,0.89,0.69,0.81,0.0,,,,
27389,30.815492630004883,-105.085693359375,75.6,5.51,0.61,0.09,-0.01,0.0,0.05,0.01,0.0,"[79.22,74.03,81.57,67.72,75.48,68.62,85.31,68.83,70.52,84.73]","[0.09,0.12,0.11,0.07,0.04,0.08,0.10,0.10,0.10,0.08]","[0.07,0.09,0.12,-0.00,-0.20,0.07,0.07,0.12,0.06,0.08]",43.12,1194.92,63,425,,,,,,,0.14,0.11,0.88,0.69,0.76,0.0,,,,
27389,30.815492630004883,-105.085693359375,75.6,5.51,0.61,0.09,-0.01,0.0,0.05,0.01,0.0,"[79.22,74.03,81.57,67.72,75.48,68.62,85.31,68.83,70.52,84.73]","[0.09,0.12,0.11,0.07,0.04,0.08,0.10,0.10,0.10,0.08]","[0.07,0.09,0.12,-0.00,-0.20,0.07,0.07,0.12,0.06,0.08]",43.12,1194.92,63,425,,,,,,,0.14,0.11,0.88,0.69,0.76,0.0,,,,
27390,30.815492630004883,-105.08563232421875,75.6,5.5,0.61,0.09,-0.01,0.0,0.05,0.01,0.0,"[79.22,74.03,81.58,67.71,75.48,68.61,85.30,68.82,70.51,84.72]","[0.09,0.12,0.11,0.07,0.04,0.08,0.10,0.10,0.10,0.08]","[0.07,0.09,0.12,-0.01,-0.20,0.08,0.07,0.12,0.06,0.08]",43.38,1195.18,63,426,,,,,,,0.14,0.11,0.88,0.69,0.76,0.0,,,,
27390,30.815492630004883,-105.08563232421875,75.6,5.5,0.61,0.09,-0.01,0.0,0.05,0.01,0.0,"[79.22,74.03,81.58,67.71,75.48,68.61,85.30,68.82,70.51,84.72]","[0.09,0.12,0.11,0.07,0.04,0.08,0.10,0.10,0.10,0.08]","[0.07,0.09,0.12,-0.01,-0.20,0.08,0.07,0.12,0.06,0.08]",43.38,1195.18,63,426,,,,,,,0.14,0.11,0.88,0.69,0.76,0.0,,,,
27391,30.815492630004883,-105.0855941772461,75.6,5.5,0.61,0.09,-0.01,0.0,0.05,0.01,0.0,"[79.22,74.03,81.58,67.71,75.48,68.61,85.30,68.82,70.51,84.72]","[0.09,0.12,0.11,0.07,0.04,0.08,0.10,0.10,0.10,0.08]","[0.07,0.09,0.12,-0.01,-0.20,0.08,0.07,0.12,0.06,0.08]",42.55,1194.35,63,427,,,,,,,0.14,0.11,0.88,0.69,0.76,0.0,,,,
27391,30.815492630004883,-105.0855941772461,75.6,5.5,0.61,0.09,-0.01,0.0,0.05,0.01,0.0,"[79.22,74.03,81.58,67.71,75.48,68.61,85.30,68.82,70.51,84.72]","[0.09,0.12,0.11,0.07,0.04,0.08,0.10,0.10,0.10,0.08]","[0.07,0.09,0.12,-0.01,-0.20,0.08,0.07,0.12,0.06,0.08]",42.55,1194.35,63,427,,,,,,,0.14,0.11,0.88,0.69,0.76,0.0,,,,
27816,30.815446853637695,-105.08573150634766,75.67,5.55,0.62,0.09,-0.01,0.0,0.03,0.02,0.0,"[79.25,74.08,81.54,67.96,75.47,68.70,85.39,68.92,70.59,84.80]","[0.09,0.12,0.11,0.07,0.03,0.08,0.10,0.10,0.10,0.08]","[0.04,0.06,0.09,0.04,-0.15,0.03,0.04,0.08,0.02,0.06]",40.42,1192.21,64,424,,,,,,,0.15,0.1,0.84,0.69,0.79,0.0,,,,
27816,30.815446853637695,-105.08573150634766,75.67,5.55,0.62,0.09,-0.01,0.0,0.03,0.02,0.0,"[79.25,74.08,81.54,67.96,75.47,68.70,85.39,68.92,70.59,84.80]","[0.09,0.12,0.11,0.07,0.03,0.08,0.10,0.10,0.10,0.08]","[0.04,0.06,0.09,0.04,-0.15,0.03,0.04,0.08,0.02,0.06]",40.42,1192.21,64,424,,,,,,,0.15,0.1,0.84,0.69,0.79,0.0,,,,
27817,30.815446853637695,-105.085693359375,75.64,5.5,0.61,0.09,-0.01,0.0,0.04,0.02,0.0,"[79.21,74.04,81.70,67.91,75.44,68.65,85.33,68.84,70.55,84.71]","[0.09,0.12,0.11,0.07,0.04,0.08,0.10,0.10,0.10,0.08]","[0.06,0.08,0.11,0.02,-0.20,0.06,0.06,0.11,0.03,0.08]",40.71,1192.51,64,425,,,,,,,0.14,0.12,0.85,0.69,0.74,0.0,,,,
27817,30.815446853637695,-105.085693359375,75.64,5.5,0.61,0.09,-0.01,0.0,0.04,0.02,0.0,"[79.21,74.04,81.70,67.91,75.44,68.65,85.33,68.84,70.55,84.71]","[0.09,0.12,0.11,0.07,0.04,0.08,0.10,0.10,0.10,0.08]","[0.06,0.08,0.11,0.02,-0.20,0.06,0.06,0.11,0.03,0.08]",40.71,1192.51,64,425,,,,,,,0.14,0.12,0.85,0.69,0.74,0.0,,,,
27818,30.815446853637695,-105.08563232421875,75.63,5.49,0.61,0.09,-0.01,0.0,0.04,0.02,0.0,"[79.21,74.03,81.72,67.90,75.44,68.64,85.32,68.83,70.55,84.70]","[0.09,0.12,0.11,0.07,0.04,0.08,0.10,0.10,0.10,0.08]","[0.06,0.08,0.12,0.02,-0.21,0.06,0.07,0.11,0.04,0.08]",40.84,1192.64,64,426,,,,,,,0.14,0.12,0.85,0.69,0.73,0.0,,,,
27818,30.815446853637695,-105.08563232421875,75.63,5.49,0.61,0.09,-0.01,0.0,0.04,0.02,0.0,"[79.21,74.03,81.72,67.90,75.44,68.64,85.32,68.83,70.55,84.70]","[0.09,0.12,0.11,0.07,0.04,0.08,0.10,0.10,0.10,0.08]","[0.06,0.08,0.12,0.02,-0.21,0.06,0.07,0.11,0.04,0.08]",40.84,1192.64,64,426,,,,,,,0.14,0.12,0.85,0.69,0.73,0.0,,,,
27819,30.815446853637695,-105.0855941772461,75.63,5.49,0.61,0.09,-0.01,0.0,0.04,0.02,0.0,"[79.21,74.03,81.72,67.90,75.44,68.64,85.32,68.83,70.55,84.70]","[0.09,0.12,0.11,0.07,0.04,0.08,0.10,0.10,0.10,0.08]","[0.06,0.08,0.12,0.02,-0.21,0.06,0.07,0.11,0.04,0.08]",39.61,1191.4,64,427,,,,,,,0.14,0.12,0.85,0.69,0.73,0.0,,,,
27819,30.815446853637695,-105.0855941772461,75.63,5.49,0.61,0.09,-0.01,0.0,0.04,0.02,0.0,"[79.21,74.03,81.72,67.90,75.44,68.64,85.32,68.83,70.55,84.70]","[0.09,0.12,0.11,0.07,0.04,0.08,0.10,0.10,0.10,0.08]","[0.06,0.08,0.12,0.02,-0.21,0.06,0.07,0.11,0.04,0.08]",39.61,1191.4,64,427,,,,,,,0.14,0.12,0.85,0.69,0.73,0.0,,,,
28244,30.815404891967773,-105.08573150634766,75.68,5.56,0.62,0.09,-0.01,0.0,0.02,0.03,0.0,"[79.24,74.08,81.63,67.96,75.42,68.73,85.43,68.93,70.61,84.79]","[0.09,0.12,0.11,0.06,0.02,0.08,0.10,0.10,0.10,0.08]","[0.02,0.04,0.08,0.05,-0.10,0.01,0.03,0.06,0.01,0.04]",38.09,1189.89,65,424,,,,,,,0.15,0.06,0.76,0.67,0.87,0.01,,,,
28244,30.815404891967773,-105.08573150634766,75.68,5.56,0.62,0.09,-0.01,0.0,0.02,0.03,0.0,"[79.24,74.08,81.63,67.96,75.42,68.73,85.43,68.93,70.61,84.79]","[0.09,0.12,0.11,0.06,0.02,0.08,0.10,0.10,0.10,0.08]","[0.02,0.04,0.08,0.05,-0.10,0.01,0.03,0.06,0.01,0.04]",38.09,1189.89,65,424,,,,,,,0.15,0.06,0.76,0.67,0.87,0.01,,,,
28245,30.815404891967773,-105.085693359375,75.65,5.5,0.61,0.09,-0.01,0.0,0.04,0.03,0.0,"[79.20,74.04,81.78,67.90,75.39,68.68,85.37,68.86,70.56,84.70]","[0.09,0.12,0.11,0.07,0.03,0.08,0.10,0.10,0.10,0.08]","[0.03,0.06,0.10,0.04,-0.14,0.04,0.05,0.09,0.02,0.06]",38.28,1190.08,65,425,,,,,,,0.16,0.11,0.85,0.67,0.76,0.0,,,,
28245,30.815404891967773,-105.085693359375,75.65,5.5,0.61,0.09,-0.01,0.0,0.04,0.03,0.0,"[79.20,74.04,81.78,67.90,75.39,68.68,85.37,68.86,70.56,84.70]","[0.09,0.12,0.11,0.07,0.03,0.08,0.10,0.10,0.10,0.08]","[0.03,0.06,0.10,0.04,-0.14,0.04,0.05,0.09,0.02,0.06]",38.28,1190.08,65,425,,,,,,,0.16,0.11,0.85,0.67,0.76,0.0,,,,
28246,30.815404891967773,-105.08563232421875,75.65,5.49,0.61,0.09,-0.01,0.0,0.04,0.03,0.0,"[79.19,74.04,81.79,67.90,75.39,68.68,85.36,68.85,70.56,84.69]","[0.09,0.12,0.11,0.07,0.03,0.08,0.10,0.10,0.10,0.08]","[0.04,0.06,0.10,0.04,-0.14,0.04,0.05,0.09,0.02,0.06]",37.67,1189.47,65,426,,,,,,,0.16,0.11,0.85,0.67,0.76,0.0,,,,
28246,30.815404891967773,-105.08563232421875,75.65,5.49,0.61,0.09,-0.01,0.0,0.04,0.03,0.0,"[79.19,74.04,81.79,67.90,75.39,68.68,85.36,68.85,70.56,84.69]","[0.09,0.12,0.11,0.07,0.03,0.08,0.10,0.10,0.10,0.08]","[0.04,0.06,0.10,0.04,-0.14,0.04,0.05,0.09,0.02,0.06]",37.67,1189.47,65,426,,,,,,,0.16,0.11,0.85,0.67,0.76,0.0,,,,
28247,30.815404891967773,-105.0855941772461,75.65,5.49,0.61,0.09,-0.01,0.0,0.04,0.03,0.0,"[79.19,74.04,81.79,67.90,75.39,68.68,85.36,68.85,70.56,84.69]","[0.09,0.12,0.11,0.07,0.03,0.08,0.10,0.10,0.10,0.08]","[0.04,0.06,0.10,0.04,-0.14,0.04,0.05,0.09,0.02,0.06]",37.89,1189.69,65,427,,,,,,,0.16,0.11,0.85,0.67,0.76,0.0,,,,
28247,30.815404891967773,-105.0855941772461,75.65,5.49,0.61,0.09,-0.01,0.0,0.04,0.03,0.0,"[79.19,74.04,81.79,67.90,75.39,68.68,85.36,68.85,70.56,84.69]","[0.09,0.12,0.11,0.07,0.03,0.08,0.10,0.10,0.10,0.08]","[0.04,0.06,0.10,0.04,-0.14,0.04,0.05,0.09,0.02,0.06]",37.89,1189.69,65,427,,,,,,,0.16,0.11,0.85,0.67,0.76,0.0,,,,
28672,30.815359115600586,-105.08573150634766,75.69,5.56,0.62,0.09,-0.01,0.0,0.02,0.03,0.0,"[79.22,74.09,81.73,67.95,75.37,68.77,85.47,68.94,70.63,84.78]","[0.09,0.12,0.11,0.06,0.02,0.09,0.10,0.10,0.10,0.09]","[-0.01,0.02,0.06,0.07,-0.04,-0.01,0.02,0.04,0.00,0.02]",36.7,1188.5,66,424,,,,,,,0.16,-0.03,0.43,0.65,0.9,0.28,,,,
28672,30.815359115600586,-105.08573150634766,75.69,5.56,0.62,0.09,-0.01,0.0,0.02,0.03,0.0,"[79.22,74.09,81.73,67.95,75.37,68.77,85.47,68.94,70.63,84.78]","[0.09,0.12,0.11,0.06,0.02,0.09,0.10,0.10,0.10,0.09]","[-0.01,0.02,0.06,0.07,-0.04,-0.01,0.02,0.04,0.00,0.02]",36.7,1188.5,66,424,,,,,,,0.16,-0.03,0.43,0.65,0.9,0.28,,,,
28673,30.815359115600586,-105.085693359375,75.66,5.5,0.61,0.09,-0.01,0.0,0.03,0.03,0.0,"[79.19,74.05,81.85,67.89,75.34,68.72,85.41,68.87,70.58,84.69]","[0.09,0.12,0.11,0.06,0.02,0.08,0.10,0.10,0.10,0.08]","[0.01,0.04,0.08,0.06,-0.07,0.01,0.03,0.07,0.01,0.04]",36.86,1188.66,66,425,,,,,,,0.17,0.07,0.71,0.65,0.86,0.03,,,,
28673,30.815359115600586,-105.085693359375,75.66,5.5,0.61,0.09,-0.01,0.0,0.03,0.03,0.0,"[79.19,74.05,81.85,67.89,75.34,68.72,85.41,68.87,70.58,84.69]","[0.09,0.12,0.11,0.06,0.02,0.08,0.10,0.10,0.10,0.08]","[0.01,0.04,0.08,0.06,-0.07,0.01,0.03,0.07,0.01,0.04]",36.86,1188.66,66,425,,,,,,,0.17,0.07,0.71,0.65,0.86,0.03,,,,
28674,30.815359115600586,-105.08563232421875,75.65,5.5,0.61,0.09,-0.01,0.0,0.03,0.03,0.0,"[79.18,74.05,81.86,67.88,75.34,68.71,85.40,68.86,70.58,84.68]","[0.09,0.12,0.11,0.06,0.02,0.08,0.10,0.10,0.10,0.08]","[0.01,0.04,0.09,0.06,-0.07,0.01,0.04,0.07,0.01,0.04]",37.93,1189.72,66,426,,,,,,,0.17,0.07,0.73,0.65,0.84,0.02,,,,
28674,30.815359115600586,-105.08563232421875,75.65,5.5,0.61,0.09,-0.01,0.0,0.03,0.03,0.0,"[79.18,74.05,81.86,67.88,75.34,68.71,85.40,68.86,70.58,84.68]","[0.09,0.12,0.11,0.06,0.02,0.08,0.10,0.10,0.10,0.08]","[0.01,0.04,0.09,0.06,-0.07,0.01,0.04,0.07,0.01,0.04]",37.93,1189.72,66,426,,,,,,,0.17,0.07,0.73,0.65,0.84,0.02,,,,
28675,30.815359115600586,-105.0855941772461,75.65,5.5,0.61,0.09,-0.01,0.0,0.03,0.03,0.0,"[79.18,74.05,81.86,67.88,75.34,68.71,85.40,68.86,70.58,84.68]","[0.09,0.12,0.11,0.06,0.02,0.08,0.10,0.10,0.10,0.08]","[0.01,0.04,0.09,0.06,-0.07,0.01,0.04,0.07,0.01,0.04]",39.42,1191.22,66,427,,,,,,,0.17,0.07,0.73,0.65,0.84,0.02,,,,
28675,30.815359115600586,-105.0855941772461,75.65,5.5,0.61,0.09,-0.01,0.0,0.03,0.03,0.0,"[79.18,74.05,81.86,67.88,75.34,68.71,85.40,68.86,70.58,84.68]","[0.09,0.12,0.11,0.06,0.02,0.08,0.10,0.10,0.10,0.08]","[0.01,0.04,0.09,0.06,-0.07,0.01,0.04,0.07,0.01,0.04]",39.42,1191.22,66,427,,,,,,,0.17,0.07,0.73,0.65,0.84,0.02,,,,
29100,30.8153133392334,-105.08573150634766,75.71,5.57,0.62,0.09,-0.01,0.0,0.01,0.03,0.0,"[79.21,74.09,81.82,67.93,75.32,68.80,85.50,68.96,70.64,84.78]","[0.10,0.12,0.12,0.06,0.01,0.09,0.10,0.11,0.10,0.09]","[-0.03,0.01,0.05,0.08,0.02,-0.03,0.01,0.03,-0.01,0.00]",37.41,1189.21,67,424,,,,,,,0.17,-0.14,-0.2,0.64,0.7,0.52,,,,
29100,30.8153133392334,-105.08573150634766,75.71,5.57,0.62,0.09,-0.01,0.0,0.01,0.03,0.0,"[79.21,74.09,81.82,67.93,75.32,68.80,85.50,68.96,70.64,84.78]","[0.10,0.12,0.12,0.06,0.01,0.09,0.10,0.11,0.10,0.09]","[-0.03,0.01,0.05,0.08,0.02,-0.03,0.01,0.03,-0.01,0.00]",37.41,1189.21,67,424,,,,,,,0.17,-0.14,-0.2,0.64,0.7,0.52,,,,
29101,30.8153133392334,-105.085693359375,75.67,5.51,0.61,0.09,-0.01,0.0,0.02,0.04,0.0,"[79.18,74.05,81.92,67.88,75.29,68.75,85.45,68.88,70.60,84.68]","[0.10,0.12,0.12,0.06,0.01,0.09,0.10,0.11,0.10,0.09]","[-0.02,0.02,0.07,0.08,-0.00,-0.01,0.02,0.04,0.00,0.02]",38.68,1190.48,67,425,,,,,,,0.17,-0.05,0.13,0.63,0.89,0.57,,,,
29101,30.8153133392334,-105.085693359375,75.67,5.51,0.61,0.09,-0.01,0.0,0.02,0.04,0.0,"[79.18,74.05,81.92,67.88,75.29,68.75,85.45,68.88,70.60,84.68]","[0.10,0.12,0.12,0.06,0.01,0.09,0.10,0.11,0.10,0.09]","[-0.02,0.02,0.07,0.08,-0.00,-0.01,0.02,0.04,0.00,0.02]",38.68,1190.48,67,425,,,,,,,0.17,-0.05,0.13,0.63,0.89,0.57,,,,
29102,30.8153133392334,-105.08563232421875,75.66,5.5,0.61,0.09,-0.01,0.0,0.02,0.04,0.0,"[79.17,74.05,81.93,67.87,75.29,68.75,85.44,68.88,70.59,84.67]","[0.10,0.12,0.12,0.06,0.01,0.09,0.10,0.11,0.10,0.09]","[-0.02,0.02,0.07,0.07,-0.00,-0.01,0.02,0.04,0.00,0.02]",40.24,1192.04,67,426,,,,,,,0.17,-0.04,0.16,0.63,0.9,0.56,,,,
29102,30.8153133392334,-105.08563232421875,75.66,5.5,0.61,0.09,-0.01,0.0,0.02,0.04,0.0,"[79.17,74.05,81.93,67.87,75.29,68.75,85.44,68.88,70.59,84.67]","[0.10,0.12,0.12,0.06,0.01,0.09,0.10,0.11,0.10,0.09]","[-0.02,0.02,0.07,0.07,-0.00,-0.01,0.02,0.04,0.00,0.02]",40.24,1192.04,67,426,,,,,,,0.17,-0.04,0.16,0.63,0.9,0.56,,,,
29103,30.8153133392334,-105.0855941772461,75.66,5.5,0.61,0.09,-0.01,0.0,0.02,0.04,0.0,"[79.17,74.05,81.93,67.87,75.29,68.75,85.44,68.88,70.59,84.67]","[0.10,0.12,0.12,0.06,0.01,0.09,0.10,0.11,0.10,0.09]","[-0.02,0.02,0.07,0.07,-0.00,-0.01,0.02,0.04,0.00,0.02]",42.1,1193.9,67,427,,,,,,,0.17,-0.04,0.16,0.63,0.9,0.56,,,,
29103,30.8153133392334,-105.0855941772461,75.66,5.5,0.61,0.09,-0.01,0.0,0.02,0.04,0.0,"[79.17,74.05,81.93,67.87,75.29,68.75,85.44,68.88,70.59,84.67]","[0.10,0.12,0.12,0.06,0.01,0.09,0.10,0.11,0.10,0.09]","[-0.02,0.02,0.07,0.07,-0.00,-0.01,0.02,0.04,0.00,0.02]",42.1,1193.9,67,427,,,,,,,0.17,-0.04,0.16,0.63,0.9,0.56,,,,
29528,30.815269470214844,-105.08573150634766,75.72,5.58,0.62,0.09,-0.01,0.0,0.01,0.03,0.0,"[79.20,74.10,81.91,67.92,75.27,68.84,85.54,68.97,70.66,84.77]","[0.10,0.12,0.12,0.06,0.00,0.09,0.10,0.11,0.10,0.09]","[-0.05,-0.01,0.04,0.10,0.08,-0.05,-0.01,0.01,-0.02,-0.01]",38.63,1190.43,68,424,,,,,,,0.18,-0.18,-0.62,0.63,0.61,0.07,,,,
29528,30.815269470214844,-105.08573150634766,75.72,5.58,0.62,0.09,-0.01,0.0,0.01,0.03,0.0,"[79.20,74.10,81.91,67.92,75.27,68.84,85.54,68.97,70.66,84.77]","[0.10,0.12,0.12,0.06,0.00,0.09,0.10,0.11,0.10,0.09]","[-0.05,-0.01,0.04,0.10,0.08,-0.05,-0.01,0.01,-0.02,-0.01]",38.63,1190.43,68,424,,,,,,,0.18,-0.18,-0.62,0.63,0.61,0.07,,,,
29529,30.815269470214844,-105.085693359375,75.68,5.51,0.61,0.09,-0.01,0.0,0.02,0.04,0.0,"[79.16,74.06,82.00,67.87,75.24,68.79,85.48,68.90,70.61,84.67]","[0.10,0.12,0.12,0.06,0.00,0.09,0.10,0.11,0.10,0.09]","[-0.04,-0.00,0.05,0.09,0.07,-0.04,0.01,0.02,-0.01,-0.00]",40.87,1192.67,68,425,,,,,,,0.18,-0.13,-0.49,0.62,0.71,0.17,,,,
29529,30.815269470214844,-105.085693359375,75.68,5.51,0.61,0.09,-0.01,0.0,0.02,0.04,0.0,"[79.16,74.06,82.00,67.87,75.24,68.79,85.48,68.90,70.61,84.67]","[0.10,0.12,0.12,0.06,0.00,0.09,0.10,0.11,0.10,0.09]","[-0.04,-0.00,0.05,0.09,0.07,-0.04,0.01,0.02,-0.01,-0.00]",40.87,1192.67,68,425,,,,,,,0.18,-0.13,-0.49,0.62,0.71,0.17,,,,
29530,30.815269470214844,-105.08563232421875,75.67,5.5,0.61,0.09,-0.01,0.0,0.02,0.04,0.0,"[79.16,74.06,82.00,67.86,75.23,68.79,85.48,68.89,70.61,84.66]","[0.10,0.12,0.12,0.06,0.00,0.09,0.10,0.11,0.10,0.09]","[-0.04,-0.00,0.06,0.09,0.07,-0.04,0.01,0.02,-0.01,-0.00]",42.77,1194.57,68,426,,,,,,,0.18,-0.13,-0.48,0.62,0.72,0.18,,,,
29530,30.815269470214844,-105.08563232421875,75.67,5.5,0.61,0.09,-0.01,0.0,0.02,0.04,0.0,"[79.16,74.06,82.00,67.86,75.23,68.79,85.48,68.89,70.61,84.66]","[0.10,0.12,0.12,0.06,0.00,0.09,0.10,0.11,0.10,0.09]","[-0.04,-0.00,0.06,0.09,0.07,-0.04,0.01,0.02,-0.01,-0.00]",42.77,1194.57,68,426,,,,,,,0.18,-0.13,-0.48,0.62,0.72,0.18,,,,
29531,30.815269470214844,-105.0855941772461,75.67,5.5,0.61,0.09,-0.01,0.0,0.02,0.04,0.0,"[79.16,74.06,82.00,67.86,75.23,68.79,85.48,68.89,70.61,84.66]","[0.10,0.12,0.12,0.06,0.00,0.09,0.10,0.11,0.10,0.09]","[-0.04,-0.00,0.06,0.09,0.07,-0.04,0.01,0.02,-0.01,-0.00]",44.51,1196.31,68,427,,,,,,,0.18,-0.13,-0.48,0.62,0.72,0.18,,,,
29531,30.815269470214844,-105.0855941772461,75.67,5.5,0.61,0.09,-0.01,0.0,0.02,0.04,0.0,"[79.16,74.06,82.00,67.86,75.23,68.79,85.48,68.89,70.61,84.66]","[0.10,0.12,0.12,0.06,0.00,0.09,0.10,0.11,0.10,0.09]","[-0.04,-0.00,0.06,0.09,0.07,-0.04,0.01,0.02,-0.01,-0.00]",44.51,1196.31,68,427,,,,,,,0.18,-0.13,-0.48,0.62,0.72,0.18,,,,
29956,30.815223693847656,-105.08573150634766,75.73,5.58,0.62,0.09,-0.01,0.0,0.0,0.04,0.0,"[79.19,74.10,82.01,67.91,75.22,68.87,85.58,68.98,70.68,84.77]","[0.10,0.12,0.12,0.05,-0.01,0.09,0.10,0.11,0.10,0.09]","[-0.07,-0.03,0.02,0.12,0.14,-0.06,-0.02,-0.01,-0.03,-0.03]",38.5,1190.3,69,424,,,,,,,0.18,-0.19,-0.78,0.62,0.59,0.01,,,,
29956,30.815223693847656,-105.08573150634766,75.73,5.58,0.62,0.09,-0.01,0.0,0.0,0.04,0.0,"[79.19,74.10,82.01,67.91,75.22,68.87,85.58,68.98,70.68,84.77]","[0.10,0.12,0.12,0.05,-0.01,0.09,0.10,0.11,0.10,0.09]","[-0.07,-0.03,0.02,0.12,0.14,-0.06,-0.02,-0.01,-0.03,-0.03]",38.5,1190.3,69,424,,,,,,,0.18,-0.19,-0.78,0.62,0.59,0.01,,,,
29957,30.815223693847656,-105.085693359375,75.69,5.51,0.61,0.09,-0.01,0.0,0.01,0.05,0.0,"[79.15,74.07,82.07,67.85,75.18,68.83,85.52,68.91,70.63,84.67]","[0.10,0.12,0.12,0.05,-0.00,0.09,0.10,0.11,0.10,0.09]","[-0.07,-0.02,0.04,0.11,0.13,-0.06,-0.01,-0.00,-0.02,-0.02]",41.06,1192.86,69,425,,,,,,,0.19,-0.16,-0.74,0.61,0.66,0.02,,,,
29957,30.815223693847656,-105.085693359375,75.69,5.51,0.61,0.09,-0.01,0.0,0.01,0.05,0.0,"[79.15,74.07,82.07,67.85,75.18,68.83,85.52,68.91,70.63,84.67]","[0.10,0.12,0.12,0.05,-0.00,0.09,0.10,0.11,0.10,0.09]","[-0.07,-0.02,0.04,0.11,0.13,-0.06,-0.01,-0.00,-0.02,-0.02]",41.06,1192.86,69,425,,,,,,,0.19,-0.16,-0.74,0.61,0.66,0.02,,,,
29958,30.815223693847656,-105.08563232421875,75.68,5.51,0.61,0.09,-0.01,0.0,0.01,0.05,0.01,"[79.15,74.06,82.07,67.85,75.18,68.82,85.52,68.91,70.63,84.66]","[0.10,0.12,0.12,0.05,-0.00,0.09,0.10,0.11,0.10,0.09]","[-0.07,-0.02,0.04,0.11,0.13,-0.06,-0.01,-0.00,-0.02,-0.02]",43.94,1195.74,69,426,,,,,,,0.19,-0.16,-0.73,0.61,0.67,0.02,,,,
29958,30.815223693847656,-105.08563232421875,75.68,5.51,0.61,0.09,-0.01,0.0,0.01,0.05,0.01,"[79.15,74.06,82.07,67.85,75.18,68.82,85.52,68.91,70.63,84.66]","[0.10,0.12,0.12,0.05,-0.00,0.09,0.10,0.11,0.10,0.09]","[-0.07,-0.02,0.04,0.11,0.13,-0.06,-0.01,-0.00,-0.02,-0.02]",43.94,1195.74,69,426,,,,,,,0.19,-0.16,-0.73,0.61,0.67,0.02,,,,
29959,30.815223693847656,-105.0855941772461,75.68,5.51,0.61,0.09,-0.01,0.0,0.01,0.05,0.01,"[79.15,74.06,82.07,67.85,75.18,68.82,85.52,68.91,70.63,84.66]","[0.10,0.12,0.12,0.05,-0.00,0.09,0.10,0.11,0.10,0.09]","[-0.07,-0.02,0.04,0.11,0.13,-0.06,-0.01,-0.00,-0.02,-0.02]",45.92,1197.71,69,427,,,,,,,0.19,-0.16,-0.73,0.61,0.67,0.02,,,,
29959,30.815223693847656,-105.0855941772461,75.68,5.51,0.61,0.09,-0.01,0.0,0.01,0.05,0.01,"[79.15,74.06,82.07,67.85,75.18,68.82,85.52,68.91,70.63,84.66]","[0.10,0.12,0.12,0.05,-0.00,0.09,0.10,0.11,0.10,0.09]","[-0.07,-0.02,0.04,0.11,0.13,-0.06,-0.01,-0.00,-0.02,-0.02]",45.92,1197.71,69,427,,,,,,,0.19,-0.16,-0.73,0.61,0.67,0.02,,,,
30384,30.81517791748047,-105.08573150634766,75.74,5.59,0.62,0.09,-0.01,0.0,-0.0,0.04,0.0,"[79.17,74.11,82.10,67.89,75.17,68.90,85.62,68.98,70.69,84.76]","[0.10,0.12,0.12,0.05,-0.01,0.09,0.10,0.11,0.10,0.09]","[-0.09,-0.04,0.01,0.13,0.18,-0.08,-0.03,-0.03,-0.04,-0.05]",39.56,1191.35,70,424,,,,,,,0.18,-0.2,-0.83,0.61,0.59,0.0,,,,
30384,30.81517791748047,-105.08573150634766,75.74,5.59,0.62,0.09,-0.01,0.0,-0.0,0.04,0.0,"[79.17,74.11,82.10,67.89,75.17,68.90,85.62,68.98,70.69,84.76]","[0.10,0.12,0.12,0.05,-0.01,0.09,0.10,0.11,0.10,0.09]","[-0.09,-0.04,0.01,0.13,0.18,-0.08,-0.03,-0.03,-0.04,-0.05]",39.56,1191.35,70,424,,,,,,,0.18,-0.2,-0.83,0.61,0.59,0.0,,,,
30385,30.81517791748047,-105.085693359375,75.7,5.52,0.61,0.09,-0.01,0.0,0.0,0.05,0.01,"[79.14,74.07,82.14,67.84,75.13,68.86,85.56,68.92,70.64,84.66]","[0.10,0.12,0.12,0.05,-0.01,0.09,0.10,0.11,0.10,0.09]","[-0.09,-0.04,0.03,0.13,0.18,-0.08,-0.02,-0.02,-0.03,-0.04]",41.79,1193.59,70,425,,,,,,,0.19,-0.17,-0.82,0.6,0.65,0.0,,,,
30385,30.81517791748047,-105.085693359375,75.7,5.52,0.61,0.09,-0.01,0.0,0.0,0.05,0.01,"[79.14,74.07,82.14,67.84,75.13,68.86,85.56,68.92,70.64,84.66]","[0.10,0.12,0.12,0.05,-0.01,0.09,0.10,0.11,0.10,0.09]","[-0.09,-0.04,0.03,0.13,0.18,-0.08,-0.02,-0.02,-0.03,-0.04]",41.79,1193.59,70,425,,,,,,,0.19,-0.17,-0.82,0.6,0.65,0.0,,,,
30386,30.81517791748047,-105.08563232421875,75.69,5.51,0.61,0.09,-0.01,0.0,0.0,0.05,0.01,"[79.14,74.07,82.14,67.83,75.12,68.86,85.56,68.91,70.64,84.65]","[0.10,0.12,0.12,0.05,-0.01,0.09,0.10,0.11,0.10,0.09]","[-0.09,-0.04,0.03,0.13,0.18,-0.08,-0.02,-0.02,-0.03,-0.04]",44.64,1196.44,70,426,,,,,,,0.19,-0.16,-0.81,0.6,0.65,0.0,,,,
30386,30.81517791748047,-105.08563232421875,75.69,5.51,0.61,0.09,-0.01,0.0,0.0,0.05,0.01,"[79.14,74.07,82.14,67.83,75.12,68.86,85.56,68.91,70.64,84.65]","[0.10,0.12,0.12,0.05,-0.01,0.09,0.10,0.11,0.10,0.09]","[-0.09,-0.04,0.03,0.13,0.18,-0.08,-0.02,-0.02,-0.03,-0.04]",44.64,1196.44,70,426,,,,,,,0.19,-0.16,-0.81,0.6,0.65,0.0,,,,
30387,30.81517791748047,-105.0855941772461,75.69,5.51,0.61,0.09,-0.01,0.0,0.0,0.05,0.01,"[79.14,74.07,82.14,67.83,75.12,68.86,85.56,68.91,70.64,84.65]","[0.10,0.12,0.12,0.05,-0.01,0.09,0.10,0.11,0.10,0.09]","[-0.09,-0.04,0.03,0.13,0.18,-0.08,-0.02,-0.02,-0.03,-0.04]",46.74,1198.54,70,427,,,,,,,0.19,-0.16,-0.81,0.6,0.65,0.0,,,,
30387,30.81517791748047,-105.0855941772461,75.69,5.51,0.61,0.09,-0.01,0.0,0.0,0.05,0.01,"[79.14,74.07,82.14,67.83,75.12,68.86,85.56,68.91,70.64,84.65]","[0.10,0.12,0.12,0.05,-0.01,0.09,0.10,0.11,0.10,0.09]","[-0.09,-0.04,0.03,0.13,0.18,-0.08,-0.02,-0.02,-0.03,-0.04]",46.74,1198.54,70,427,,,,,,,0.19,-0.16,-0.81,0.6,0.65,0.0,,,,
30812,30.815134048461914,-105.08573150634766,75.74,5.6,0.62,0.09,-0.01,0.0,-0.0,0.04,0.0,"[79.16,74.11,82.16,67.86,75.09,68.93,85.65,68.95,70.69,84.76]","[0.10,0.12,0.12,0.05,-0.02,0.09,0.10,0.11,0.10,0.09]","[-0.08,-0.04,0.01,0.13,0.16,-0.07,-0.03,-0.03,-0.04,-0.04]",41.33,1193.13,71,424,,,,,,,0.18,-0.2,-0.83,0.61,0.58,0.0,,,,
30812,30.815134048461914,-105.08573150634766,75.74,5.6,0.62,0.09,-0.01,0.0,-0.0,0.04,0.0,"[79.16,74.11,82.16,67.86,75.09,68.93,85.65,68.95,70.69,84.76]","[0.10,0.12,0.12,0.05,-0.02,0.09,0.10,0.11,0.10,0.09]","[-0.08,-0.04,0.01,0.13,0.16,-0.07,-0.03,-0.03,-0.04,-0.04]",41.33,1193.13,71,424,,,,,,,0.18,-0.2,-0.83,0.61,0.58,0.0,,,,
30813,30.815134048461914,-105.085693359375,75.69,5.53,0.61,0.09,-0.01,0.0,0.0,0.04,0.01,"[79.13,74.08,82.19,67.81,75.05,68.89,85.59,68.89,70.65,84.66]","[0.10,0.12,0.12,0.05,-0.02,0.09,0.10,0.11,0.10,0.09]","[-0.08,-0.03,0.03,0.13,0.16,-0.07,-0.02,-0.03,-0.04,-0.04]",44.14,1195.94,71,425,,,,,,,0.19,-0.17,-0.81,0.6,0.65,0.0,,,,
30813,30.815134048461914,-105.085693359375,75.69,5.53,0.61,0.09,-0.01,0.0,0.0,0.04,0.01,"[79.13,74.08,82.19,67.81,75.05,68.89,85.59,68.89,70.65,84.66]","[0.10,0.12,0.12,0.05,-0.02,0.09,0.10,0.11,0.10,0.09]","[-0.08,-0.03,0.03,0.13,0.16,-0.07,-0.02,-0.03,-0.04,-0.04]",44.14,1195.94,71,425,,,,,,,0.19,-0.17,-0.81,0.6,0.65,0.0,,,,
30814,30.815134048461914,-105.08563232421875,75.69,5.52,0.61,0.09,-0.01,0.0,0.0,0.04,0.01,"[79.13,74.08,82.19,67.81,75.05,68.88,85.59,68.88,70.64,84.65]","[0.10,0.12,0.12,0.05,-0.02,0.09,0.10,0.11,0.10,0.09]","[-0.08,-0.03,0.03,0.13,0.16,-0.07,-0.02,-0.03,-0.04,-0.04]",46.45,1198.25,71,426,,,,,,,0.19,-0.16,-0.81,0.6,0.65,0.0,,,,
30814,30.815134048461914,-105.08563232421875,75.69,5.52,0.61,0.09,-0.01,0.0,0.0,0.04,0.01,"[79.13,74.08,82.19,67.81,75.05,68.88,85.59,68.88,70.64,84.65]","[0.10,0.12,0.12,0.05,-0.02,0.09,0.10,0.11,0.10,0.09]","[-0.08,-0.03,0.03,0.13,0.16,-0.07,-0.02,-0.03,-0.04,-0.04]",46.45,1198.25,71,426,,,,,,,0.19,-0.16,-0.81,0.6,0.65,0.0,,,,
30815,30.815134048461914,-105.0855941772461,75.69,5.52,0.61,0.09,-0.01,0.0,0.0,0.04,0.01,"[79.13,74.08,82.19,67.81,75.05,68.88,85.59,68.88,70.64,84.65]","[0.10,0.12,0.12,0.05,-0.02,0.09,0.10,0.11,0.10,0.09]","[-0.08,-0.03,0.03,0.13,0.16,-0.07,-0.02,-0.03,-0.04,-0.04]",47.67,1199.47,71,427,,,,,,,0.19,-0.16,-0.81,0.6,0.65,0.0,,,,
30815,30.815134048461914,-105.0855941772461,75.69,5.52,0.61,0.09,-0.01,0.0,0.0,0.04,0.01,"[79.13,74.08,82.19,67.81,75.05,68.88,85.59,68.88,70.64,84.65]","[0.10,0.12,0.12,0.05,-0.02,0.09,0.10,0.11,0.10,0.09]","[-0.08,-0.03,0.03,0.13,0.16,-0.07,-0.02,-0.03,-0.04,-0.04]",47.67,1199.47,71,427,,,,,,,0.19,-0.16,-0.81,0.6,0.65,0.0,,,,
31240,30.815088272094727,-105.08573150634766,75.74,5.61,0.62,0.09,-0.0,0.0,-0.01,0.03,0.0,"[79.15,74.11,82.23,67.84,75.02,68.95,85.68,68.92,70.70,84.77]","[0.10,0.12,0.12,0.05,-0.03,0.10,0.10,0.11,0.11,0.10]","[-0.07,-0.04,0.02,0.13,0.13,-0.07,-0.03,-0.04,-0.05,-0.04]",44.31,1196.11,72,424,,,,,,,0.18,-0.2,-0.8,0.61,0.58,0.01,,,,
31240,30.815088272094727,-105.08573150634766,75.74,5.61,0.62,0.09,-0.0,0.0,-0.01,0.03,0.0,"[79.15,74.11,82.23,67.84,75.02,68.95,85.68,68.92,70.70,84.77]","[0.10,0.12,0.12,0.05,-0.03,0.10,0.10,0.11,0.11,0.10]","[-0.07,-0.04,0.02,0.13,0.13,-0.07,-0.03,-0.04,-0.05,-0.04]",44.31,1196.11,72,424,,,,,,,0.18,-0.2,-0.8,0.61,0.58,0.01,,,,
31241,30.815088272094727,-105.085693359375,75.69,5.54,0.62,0.08,-0.01,0.0,0.0,0.04,0.0,"[79.12,74.08,82.24,67.79,74.97,68.92,85.62,68.85,70.65,84.66]","[0.10,0.12,0.12,0.05,-0.03,0.09,0.10,0.11,0.10,0.09]","[-0.07,-0.03,0.03,0.13,0.13,-0.06,-0.02,-0.03,-0.05,-0.03]",46.51,1198.31,72,425,,,,,,,0.19,-0.16,-0.78,0.6,0.65,0.01,,,,
31241,30.815088272094727,-105.085693359375,75.69,5.54,0.62,0.08,-0.01,0.0,0.0,0.04,0.0,"[79.12,74.08,82.24,67.79,74.97,68.92,85.62,68.85,70.65,84.66]","[0.10,0.12,0.12,0.05,-0.03,0.09,0.10,0.11,0.10,0.09]","[-0.07,-0.03,0.03,0.13,0.13,-0.06,-0.02,-0.03,-0.05,-0.03]",46.51,1198.31,72,425,,,,,,,0.19,-0.16,-0.78,0.6,0.65,0.01,,,,
31242,30.815088272094727,-105.08563232421875,75.69,5.53,0.62,0.08,-0.01,0.0,0.0,0.04,0.0,"[79.12,74.08,82.24,67.78,74.97,68.91,85.62,68.85,70.65,84.65]","[0.10,0.12,0.12,0.05,-0.03,0.09,0.10,0.11,0.10,0.09]","[-0.07,-0.03,0.03,0.13,0.13,-0.06,-0.02,-0.03,-0.05,-0.03]",47.83,1199.63,72,426,,,,,,,0.19,-0.16,-0.78,0.6,0.66,0.01,,,,
31242,30.815088272094727,-105.08563232421875,75.69,5.53,0.62,0.08,-0.01,0.0,0.0,0.04,0.0,"[79.12,74.08,82.24,67.78,74.97,68.91,85.62,68.85,70.65,84.65]","[0.10,0.12,0.12,0.05,-0.03,0.09,0.10,0.11,0.10,0.09]","[-0.07,-0.03,0.03,0.13,0.13,-0.06,-0.02,-0.03,-0.05,-0.03]",47.83,1199.63,72,426,,,,,,,0.19,-0.16,-0.78,0.6,0.66,0.01,,,,
31243,30.815088272094727,-105.0855941772461,75.69,5.53,0.62,0.08,-0.01,0.0,0.0,0.04,0.0,"[79.12,74.08,82.24,67.78,74.97,68.91,85.62,68.85,70.65,84.65]","[0.10,0.12,0.12,0.05,-0.03,0.09,0.10,0.11,0.10,0.09]","[-0.07,-0.03,0.03,0.13,0.13,-0.06,-0.02,-0.03,-0.05,-0.03]",48.72,1200.52,72,427,,,,,,,0.19,-0.16,-0.78,0.6,0.66,0.01,,,,
31243,30.815088272094727,-105.0855941772461,75.69,5.53,0.62,0.08,-0.01,0.0,0.0,0.04,0.0,"[79.12,74.08,82.24,67.78,74.97,68.91,85.62,68.85,70.65,84.65]","[0.10,0.12,0.12,0.05,-0.03,0.09,0.10,0.11,0.10,0.09]","[-0.07,-0.03,0.03,0.13,0.13,-0.06,-0.02,-0.03,-0.05,-0.03]",48.72,1200.52,72,427,,,,,,,0.19,-0.16,-0.78,0.6,0.66,0.01,,,,
31668,30.815044403076172,-105.08573150634766,75.73,5.62,0.63,0.09,0.0,0.0,-0.01,0.03,0.0,"[79.14,74.11,82.29,67.81,74.94,68.98,85.71,68.88,70.70,84.77]","[0.10,0.12,0.12,0.05,-0.04,0.10,0.11,0.11,0.11,0.10]","[-0.07,-0.03,0.02,0.13,0.11,-0.06,-0.03,-0.04,-0.06,-0.04]",46.53,1198.32,73,424,,,,,,,0.18,-0.2,-0.77,0.62,0.59,0.01,,,,
31668,30.815044403076172,-105.08573150634766,75.73,5.62,0.63,0.09,0.0,0.0,-0.01,0.03,0.0,"[79.14,74.11,82.29,67.81,74.94,68.98,85.71,68.88,70.70,84.77]","[0.10,0.12,0.12,0.05,-0.04,0.10,0.11,0.11,0.11,0.10]","[-0.07,-0.03,0.02,0.13,0.11,-0.06,-0.03,-0.04,-0.06,-0.04]",46.53,1198.32,73,424,,,,,,,0.18,-0.2,-0.77,0.62,0.59,0.01,,,,
31669,30.815044403076172,-105.085693359375,75.69,5.55,0.62,0.09,-0.0,0.0,0.0,0.03,0.0,"[79.12,74.09,82.29,67.76,74.89,68.94,85.65,68.82,70.66,84.67]","[0.10,0.12,0.12,0.05,-0.04,0.10,0.11,0.11,0.11,0.10]","[-0.06,-0.03,0.03,0.13,0.11,-0.05,-0.03,-0.04,-0.06,-0.03]",47.73,1199.53,73,425,,,,,,,0.19,-0.16,-0.74,0.6,0.66,0.02,,,,
31669,30.815044403076172,-105.085693359375,75.69,5.55,0.62,0.09,-0.0,0.0,0.0,0.03,0.0,"[79.12,74.09,82.29,67.76,74.89,68.94,85.65,68.82,70.66,84.67]","[0.10,0.12,0.12,0.05,-0.04,0.10,0.11,0.11,0.11,0.10]","[-0.06,-0.03,0.03,0.13,0.11,-0.05,-0.03,-0.04,-0.06,-0.03]",47.73,1199.53,73,425,,,,,,,0.19,-0.16,-0.74,0.6,0.66,0.02,,,,
31670,30.815044403076172,-105.08563232421875,75.68,5.54,0.62,0.09,-0.0,0.0,0.0,0.03,0.0,"[79.11,74.09,82.29,67.76,74.89,68.94,85.65,68.82,70.65,84.66]","[0.10,0.12,0.12,0.05,-0.04,0.10,0.11,0.11,0.11,0.10]","[-0.06,-0.02,0.03,0.13,0.11,-0.05,-0.03,-0.04,-0.06,-0.03]",48.67,1200.47,73,426,,,,,,,0.19,-0.15,-0.73,0.6,0.67,0.02,,,,
31670,30.815044403076172,-105.08563232421875,75.68,5.54,0.62,0.09,-0.0,0.0,0.0,0.03,0.0,"[79.11,74.09,82.29,67.76,74.89,68.94,85.65,68.82,70.65,84.66]","[0.10,0.12,0.12,0.05,-0.04,0.10,0.11,0.11,0.11,0.10]","[-0.06,-0.02,0.03,0.13,0.11,-0.05,-0.03,-0.04,-0.06,-0.03]",48.67,1200.47,73,426,,,,,,,0.19,-0.15,-0.73,0.6,0.67,0.02,,,,
31671,30.815044403076172,-105.0855941772461,75.68,5.54,0.62,0.09,-0.0,0.0,0.0,0.03,0.0,"[79.11,74.09,82.29,67.76,74.89,68.94,85.65,68.82,70.65,84.66]","[0.10,0.12,0.12,0.05,-0.04,0.10,0.11,0.11,0.11,0.10]","[-0.06,-0.02,0.03,0.13,0.11,-0.05,-0.03,-0.04,-0.06,-0.03]",49.58,1201.38,73,427,,,,,,,0.19,-0.15,-0.73,0.6,0.67,0.02,,,,
31671,30.815044403076172,-105.0855941772461,75.68,5.54,0.62,0.09,-0.0,0.0,0.0,0.03,0.0,"[79.11,74.09,82.29,67.76,74.89,68.94,85.65,68.82,70.65,84.66]","[0.10,0.12,0.12,0.05,-0.04,0.10,0.11,0.11,0.11,0.10]","[-0.06,-0.02,0.03,0.13,0.11,-0.05,-0.03,-0.04,-0.06,-0.03]",49.58,1201.38,73,427,,,,,,,0.19,-0.15,-0.73,0.6,0.67,0.02,,,,
32096,30.815000534057617,-105.08573150634766,75.73,5.63,0.63,0.09,0.0,0.0,-0.01,0.03,0.0,"[79.13,74.11,82.35,67.78,74.87,69.00,85.74,68.85,70.70,84.77]","[0.10,0.12,0.12,0.05,-0.04,0.10,0.11,0.11,0.11,0.10]","[-0.06,-0.03,0.02,0.13,0.09,-0.05,-0.03,-0.05,-0.07,-0.04]",47.49,1199.29,74,424,,,,,,,0.18,-0.19,-0.72,0.62,0.6,0.02,,,,
32096,30.815000534057617,-105.08573150634766,75.73,5.63,0.63,0.09,0.0,0.0,-0.01,0.03,0.0,"[79.13,74.11,82.35,67.78,74.87,69.00,85.74,68.85,70.70,84.77]","[0.10,0.12,0.12,0.05,-0.04,0.10,0.11,0.11,0.11,0.10]","[-0.06,-0.03,0.02,0.13,0.09,-0.05,-0.03,-0.05,-0.07,-0.04]",47.49,1199.29,74,424,,,,,,,0.18,-0.19,-0.72,0.62,0.6,0.02,,,,
32097,30.815000534057617,-105.085693359375,75.69,5.56,0.62,0.09,0.0,0.0,-0.01,0.03,0.0,"[79.11,74.09,82.34,67.73,74.81,68.97,85.69,68.79,70.66,84.67]","[0.10,0.12,0.12,0.05,-0.04,0.10,0.11,0.11,0.11,0.10]","[-0.06,-0.02,0.03,0.13,0.08,-0.05,-0.03,-0.05,-0.07,-0.03]",48.43,1200.23,74,425,,,,,,,0.19,-0.15,-0.67,0.6,0.68,0.04,,,,
32097,30.815000534057617,-105.085693359375,75.69,5.56,0.62,0.09,0.0,0.0,-0.01,0.03,0.0,"[79.11,74.09,82.34,67.73,74.81,68.97,85.69,68.79,70.66,84.67]","[0.10,0.12,0.12,0.05,-0.04,0.10,0.11,0.11,0.11,0.10]","[-0.06,-0.02,0.03,0.13,0.08,-0.05,-0.03,-0.05,-0.07,-0.03]",48.43,1200.23,74,425,,,,,,,0.19,-0.15,-0.67,0.6,0.68,0.04,,,,
32098,30.815000534057617,-105.08563232421875,75.68,5.55,0.62,0.09,0.0,0.0,-0.01,0.03,0.0,"[79.11,74.09,82.34,67.73,74.81,68.97,85.68,68.78,70.65,84.66]","[0.10,0.12,0.12,0.05,-0.04,0.10,0.11,0.11,0.11,0.10]","[-0.06,-0.02,0.03,0.13,0.08,-0.05,-0.03,-0.05,-0.07,-0.03]",49.35,1201.15,74,426,,,,,,,0.19,-0.14,-0.66,0.6,0.69,0.04,,,,
32098,30.815000534057617,-105.08563232421875,75.68,5.55,0.62,0.09,0.0,0.0,-0.01,0.03,0.0,"[79.11,74.09,82.34,67.73,74.81,68.97,85.68,68.78,70.65,84.66]","[0.10,0.12,0.12,0.05,-0.04,0.10,0.11,0.11,0.11,0.10]","[-0.06,-0.02,0.03,0.13,0.08,-0.05,-0.03,-0.05,-0.07,-0.03]",49.35,1201.15,74,426,,,,,,,0.19,-0.14,-0.66,0.6,0.69,0.04,,,,
32099,30.815000534057617,-105.0855941772461,75.68,5.55,0.62,0.09,0.0,0.0,-0.01,0.03,0.0,"[79.11,74.09,82.34,67.73,74.81,68.97,85.68,68.78,70.65,84.66]","[0.10,0.12,0.12,0.05,-0.04,0.10,0.11,0.11,0.11,0.10]","[-0.06,-0.02,0.03,0.13,0.08,-0.05,-0.03,-0.05,-0.07,-0.03]",50.19,1201.99,74,427,,,,,,,0.19,-0.14,-0.66,0.6,0.69,0.04,,,,
32099,30.815000534057617,-105.0855941772461,75.68,5.55,0.62,0.09,0.0,0.0,-0.01,0.03,0.0,"[79.11,74.09,82.34,67.73,74.81,68.97,85.68,68.78,70.65,84.66]","[0.10,0.12,0.12,0.05,-0.04,0.10,0.11,0.11,0.11,0.10]","[-0.06,-0.02,0.03,0.13,0.08,-0.05,-0.03,-0.05,-0.07,-0.03]",50.19,1201.99,74,427,,,,,,,0.19,-0.14,-0.66,0.6,0.69,0.04,,,,
32524,30.814950942993164,-105.08573150634766,75.73,5.64,0.63,0.09,0.0,0.0,-0.01,0.02,0.0,"[79.13,74.11,82.42,67.75,74.79,69.03,85.77,68.81,70.71,84.77]","[0.10,0.12,0.12,0.05,-0.05,0.10,0.11,0.11,0.11,0.10]","[-0.05,-0.02,0.02,0.13,0.07,-0.04,-0.03,-0.05,-0.07,-0.03]",47.84,1199.64,75,424,,,,,,,0.18,-0.18,-0.64,0.62,0.61,0.05,,,,
32524,30.814950942993164,-105.08573150634766,75.73,5.64,0.63,0.09,0.0,0.0,-0.01,0.02,0.0,"[79.13,74.11,82.42,67.75,74.79,69.03,85.77,68.81,70.71,84.77]","[0.10,0.12,0.12,0.05,-0.05,0.10,0.11,0.11,0.11,0.10]","[-0.05,-0.02,0.02,0.13,0.07,-0.04,-0.03,-0.05,-0.07,-0.03]",47.84,1199.64,75,424,,,,,,,0.18,-0.18,-0.64,0.62,0.61,0.05,,,,
32525,30.814950942993164,-105.085693359375,75.68,5.57,0.62,0.09,0.0,0.0,-0.01,0.02,0.0,"[79.10,74.10,82.39,67.71,74.74,69.00,85.72,68.76,70.66,84.67]","[0.10,0.12,0.12,0.05,-0.05,0.10,0.11,0.11,0.11,0.10]","[-0.05,-0.02,0.03,0.13,0.05,-0.04,-0.03,-0.05,-0.08,-0.02]",48.73,1200.53,75,425,,,,,,,0.19,-0.13,-0.58,0.6,0.72,0.08,,,,
32525,30.814950942993164,-105.085693359375,75.68,5.57,0.62,0.09,0.0,0.0,-0.01,0.02,0.0,"[79.10,74.10,82.39,67.71,74.74,69.00,85.72,68.76,70.66,84.67]","[0.10,0.12,0.12,0.05,-0.05,0.10,0.11,0.11,0.11,0.10]","[-0.05,-0.02,0.03,0.13,0.05,-0.04,-0.03,-0.05,-0.08,-0.02]",48.73,1200.53,75,425,,,,,,,0.19,-0.13,-0.58,0.6,0.72,0.08,,,,
32526,30.814950942993164,-105.08563232421875,75.68,5.56,0.62,0.09,0.0,0.0,-0.01,0.02,0.0,"[79.10,74.10,82.39,67.70,74.73,68.99,85.71,68.75,70.66,84.66]","[0.10,0.12,0.12,0.05,-0.05,0.10,0.11,0.11,0.11,0.10]","[-0.05,-0.01,0.03,0.13,0.05,-0.04,-0.03,-0.05,-0.08,-0.02]",49.61,1201.41,75,426,,,,,,,0.19,-0.13,-0.57,0.6,0.73,0.09,,,,
32526,30.814950942993164,-105.08563232421875,75.68,5.56,0.62,0.09,0.0,0.0,-0.01,0.02,0.0,"[79.10,74.10,82.39,67.70,74.73,68.99,85.71,68.75,70.66,84.66]","[0.10,0.12,0.12,0.05,-0.05,0.10,0.11,0.11,0.11,0.10]","[-0.05,-0.01,0.03,0.13,0.05,-0.04,-0.03,-0.05,-0.08,-0.02]",49.61,1201.41,75,426,,,,,,,0.19,-0.13,-0.57,0.6,0.73,0.09,,,,
32527,30.814950942993164,-105.0855941772461,75.68,5.56,0.62,0.09,0.0,0.0,-0.01,0.02,0.0,"[79.10,74.10,82.39,67.70,74.73,68.99,85.71,68.75,70.66,84.66]","[0.10,0.12,0.12,0.05,-0.05,0.10,0.11,0.11,0.11,0.10]","[-0.05,-0.01,0.03,0.13,0.05,-0.04,-0.03,-0.05,-0.08,-0.02]",50.37,1202.17,75,427,,,,,,,0.19,-0.13,-0.57,0.6,0.73,0.09,,,,
32527,30.814950942993164,-105.0855941772461,75.68,5.56,0.62,0.09,0.0,0.0,-0.01,0.02,0.0,"[79.10,74.10,82.39,67.70,74.73,68.99,85.71,68.75,70.66,84.66]","[0.10,0.12,0.12,0.05,-0.05,0.10,0.11,0.11,0.11,0.10]","[-0.05,-0.01,0.03,0.13,0.05,-0.04,-0.03,-0.05,-0.08,-0.02]",50.37,1202.17,75,427,,,,,,,0.19,-0.13,-0.57,0.6,0.73,0.09,,,,
32952,30.81490707397461,-105.08573150634766,75.74,5.65,0.63,0.09,0.0,0.0,-0.01,0.02,0.0,"[79.13,74.13,82.48,67.73,74.73,69.06,85.80,68.78,70.72,84.78]","[0.10,0.12,0.12,0.05,-0.06,0.10,0.11,0.11,0.11,0.10]","[-0.05,-0.02,0.02,0.13,0.05,-0.04,-0.04,-0.06,-0.08,-0.03]",47.72,1199.51,76,424,,,,,,,0.18,-0.18,-0.59,0.62,0.62,0.08,,,,
32952,30.81490707397461,-105.08573150634766,75.74,5.65,0.63,0.09,0.0,0.0,-0.01,0.02,0.0,"[79.13,74.13,82.48,67.73,74.73,69.06,85.80,68.78,70.72,84.78]","[0.10,0.12,0.12,0.05,-0.06,0.10,0.11,0.11,0.11,0.10]","[-0.05,-0.02,0.02,0.13,0.05,-0.04,-0.04,-0.06,-0.08,-0.03]",47.72,1199.51,76,424,,,,,,,0.18,-0.18,-0.59,0.62,0.62,0.08,,,,
32953,30.81490707397461,-105.085693359375,75.69,5.58,0.62,0.09,0.0,0.0,-0.01,0.02,0.0,"[79.10,74.11,82.44,67.69,74.67,69.03,85.75,68.73,70.68,84.68]","[0.10,0.12,0.12,0.05,-0.06,0.10,0.11,0.11,0.11,0.10]","[-0.04,-0.01,0.03,0.13,0.04,-0.03,-0.03,-0.06,-0.09,-0.02]",48.54,1200.34,76,425,,,,,,,0.19,-0.12,-0.5,0.6,0.74,0.14,,,,
32953,30.81490707397461,-105.085693359375,75.69,5.58,0.62,0.09,0.0,0.0,-0.01,0.02,0.0,"[79.10,74.11,82.44,67.69,74.67,69.03,85.75,68.73,70.68,84.68]","[0.10,0.12,0.12,0.05,-0.06,0.10,0.11,0.11,0.11,0.10]","[-0.04,-0.01,0.03,0.13,0.04,-0.03,-0.03,-0.06,-0.09,-0.02]",48.54,1200.34,76,425,,,,,,,0.19,-0.12,-0.5,0.6,0.74,0.14,,,,
32954,30.81490707397461,-105.08563232421875,75.69,5.57,0.62,0.09,0.0,0.0,-0.01,0.02,0.0,"[79.10,74.11,82.43,67.69,74.67,69.03,85.75,68.72,70.67,84.67]","[0.10,0.12,0.12,0.05,-0.06,0.10,0.11,0.11,0.11,0.10]","[-0.04,-0.01,0.03,0.13,0.04,-0.03,-0.03,-0.06,-0.09,-0.02]",49.39,1201.19,76,426,,,,,,,0.19,-0.12,-0.5,0.6,0.75,0.15,,,,
32954,30.81490707397461,-105.08563232421875,75.69,5.57,0.62,0.09,0.0,0.0,-0.01,0.02,0.0,"[79.10,74.11,82.43,67.69,74.67,69.03,85.75,68.72,70.67,84.67]","[0.10,0.12,0.12,0.05,-0.06,0.10,0.11,0.11,0.11,0.10]","[-0.04,-0.01,0.03,0.13,0.04,-0.03,-0.03,-0.06,-0.09,-0.02]",49.39,1201.19,76,426,,,,,,,0.19,-0.12,-0.5,0.6,0.75,0.15,,,,
32955,30.81490707397461,-105.0855941772461,75.69,5.57,0.62,0.09,0.0,0.0,-0.01,0.02,0.0,"[79.10,74.11,82.43,67.69,74.67,69.03,85.75,68.72,70.67,84.67]","[0.10,0.12,0.12,0.05,-0.06,0.10,0.11,0.11,0.11,0.10]","[-0.04,-0.01,0.03,0.13,0.04,-0.03,-0.03,-0.06,-0.09,-0.02]",50.19,1201.99,76,427,,,,,,,0.19,-0.12,-0.5,0.6,0.75,0.15,,,,
32955,30.81490707397461,-105.0855941772461,75.69,5.57,0.62,0.09,0.0,0.0,-0.01,0.02,0.0,"[79.10,74.11,82.43,67.69,74.67,69.03,85.75,68.72,70.67,84.67]","[0.10,0.12,0.12,0.05,-0.06,0.10,0.11,0.11,0.11,0.10]","[-0.04,-0.01,0.03,0.13,0.04,-0.03,-0.03,-0.06,-0.09,-0.02]",50.19,1201.99,76,427,,,,,,,0.19,-0.12,-0.5,0.6,0.75,0.15,,,,
33380,30.814865112304688,-105.08573150634766,75.77,5.65,0.63,0.09,0.0,0.0,-0.01,0.02,0.0,"[79.17,74.19,82.53,67.75,74.72,69.14,85.86,68.76,70.78,84.82]","[0.10,0.12,0.12,0.05,-0.05,0.10,0.11,0.11,0.11,0.10]","[-0.05,-0.03,0.01,0.13,0.07,-0.04,-0.04,-0.06,-0.08,-0.03]",47.02,1198.82,77,424,,,,,,,0.18,-0.21,-0.66,0.61,0.55,0.04,,,,
33380,30.814865112304688,-105.08573150634766,75.77,5.65,0.63,0.09,0.0,0.0,-0.01,0.02,0.0,"[79.17,74.19,82.53,67.75,74.72,69.14,85.86,68.76,70.78,84.82]","[0.10,0.12,0.12,0.05,-0.05,0.10,0.11,0.11,0.11,0.10]","[-0.05,-0.03,0.01,0.13,0.07,-0.04,-0.04,-0.06,-0.08,-0.03]",47.02,1198.82,77,424,,,,,,,0.18,-0.21,-0.66,0.61,0.55,0.04,,,,
33381,30.814865112304688,-105.085693359375,75.73,5.57,0.62,0.09,0.0,0.0,-0.01,0.02,0.0,"[79.15,74.17,82.49,67.71,74.66,69.12,85.81,68.71,70.74,84.73]","[0.10,0.12,0.12,0.05,-0.05,0.10,0.11,0.11,0.11,0.10]","[-0.05,-0.02,0.02,0.13,0.06,-0.04,-0.04,-0.06,-0.08,-0.03]",47.94,1199.74,77,425,,,,,,,0.19,-0.16,-0.6,0.6,0.65,0.07,,,,
33381,30.814865112304688,-105.085693359375,75.73,5.57,0.62,0.09,0.0,0.0,-0.01,0.02,0.0,"[79.15,74.17,82.49,67.71,74.66,69.12,85.81,68.71,70.74,84.73]","[0.10,0.12,0.12,0.05,-0.05,0.10,0.11,0.11,0.11,0.10]","[-0.05,-0.02,0.02,0.13,0.06,-0.04,-0.04,-0.06,-0.08,-0.03]",47.94,1199.74,77,425,,,,,,,0.19,-0.16,-0.6,0.6,0.65,0.07,,,,
33382,30.814865112304688,-105.08563232421875,75.72,5.57,0.62,0.09,0.0,0.0,-0.01,0.02,0.0,"[79.15,74.17,82.48,67.71,74.65,69.11,85.81,68.70,70.73,84.72]","[0.10,0.12,0.12,0.05,-0.05,0.10,0.11,0.11,0.11,0.10]","[-0.05,-0.02,0.02,0.13,0.06,-0.04,-0.04,-0.06,-0.08,-0.03]",48.86,1200.66,77,426,,,,,,,0.19,-0.16,-0.6,0.6,0.66,0.07,,,,
33382,30.814865112304688,-105.08563232421875,75.72,5.57,0.62,0.09,0.0,0.0,-0.01,0.02,0.0,"[79.15,74.17,82.48,67.71,74.65,69.11,85.81,68.70,70.73,84.72]","[0.10,0.12,0.12,0.05,-0.05,0.10,0.11,0.11,0.11,0.10]","[-0.05,-0.02,0.02,0.13,0.06,-0.04,-0.04,-0.06,-0.08,-0.03]",48.86,1200.66,77,426,,,,,,,0.19,-0.16,-0.6,0.6,0.66,0.07,,,,
33383,30.814865112304688,-105.0855941772461,75.72,5.57,0.62,0.09,0.0,0.0,-0.01,0.02,0.0,"[79.15,74.17,82.48,67.71,74.65,69.11,85.81,68.70,70.73,84.72]","[0.10,0.12,0.12,0.05,-0.05,0.10,0.11,0.11,0.11,0.10]","[-0.05,-0.02,0.02,0.13,0.06,-0.04,-0.04,-0.06,-0.08,-0.03]",49.71,1201.51,77,427,,,,,,,0.19,-0.16,-0.6,0.6,0.66,0.07,,,,
33383,30.814865112304688,-105.0855941772461,75.72,5.57,0.62,0.09,0.0,0.0,-0.01,0.02,0.0,"[79.15,74.17,82.48,67.71,74.65,69.11,85.81,68.70,70.73,84.72]","[0.10,0.12,0.12,0.05,-0.05,0.10,0.11,0.11,0.11,0.10]","[-0.05,-0.02,0.02,0.13,0.06,-0.04,-0.04,-0.06,-0.08,-0.03]",49.71,1201.51,77,427,,,,,,,0.19,-0.16,-0.6,0.6,0.66,0.07,,,,
33808,30.8148193359375,-105.08573150634766,75.82,5.65,0.63,0.09,0.0,0.0,-0.01,0.02,0.0,"[79.23,74.25,82.58,67.78,74.71,69.22,85.93,68.75,70.85,84.88]","[0.10,0.12,0.12,0.05,-0.05,0.10,0.11,0.11,0.11,0.10]","[-0.06,-0.03,-0.00,0.13,0.09,-0.04,-0.04,-0.06,-0.07,-0.04]",45.94,1197.74,78,424,,,,,,,0.18,-0.25,-0.74,0.61,0.49,0.02,,,,
33808,30.8148193359375,-105.08573150634766,75.82,5.65,0.63,0.09,0.0,0.0,-0.01,0.02,0.0,"[79.23,74.25,82.58,67.78,74.71,69.22,85.93,68.75,70.85,84.88]","[0.10,0.12,0.12,0.05,-0.05,0.10,0.11,0.11,0.11,0.10]","[-0.06,-0.03,-0.00,0.13,0.09,-0.04,-0.04,-0.06,-0.07,-0.04]",45.94,1197.74,78,424,,,,,,,0.18,-0.25,-0.74,0.61,0.49,0.02,,,,
33809,30.8148193359375,-105.085693359375,75.77,5.57,0.62,0.09,0.0,0.0,-0.01,0.02,0.0,"[79.21,74.24,82.54,67.74,74.65,69.20,85.88,68.69,70.81,84.78]","[0.10,0.12,0.12,0.05,-0.05,0.10,0.11,0.11,0.11,0.10]","[-0.05,-0.02,0.01,0.13,0.08,-0.04,-0.04,-0.06,-0.08,-0.03]",46.92,1198.72,78,425,,,,,,,0.19,-0.2,-0.7,0.6,0.57,0.03,,,,
33809,30.8148193359375,-105.085693359375,75.77,5.57,0.62,0.09,0.0,0.0,-0.01,0.02,0.0,"[79.21,74.24,82.54,67.74,74.65,69.20,85.88,68.69,70.81,84.78]","[0.10,0.12,0.12,0.05,-0.05,0.10,0.11,0.11,0.11,0.10]","[-0.05,-0.02,0.01,0.13,0.08,-0.04,-0.04,-0.06,-0.08,-0.03]",46.92,1198.72,78,425,,,,,,,0.19,-0.2,-0.7,0.6,0.57,0.03,,,,
33810,30.8148193359375,-105.08563232421875,75.77,5.56,0.62,0.09,0.0,0.0,-0.01,0.02,0.0,"[79.21,74.24,82.54,67.74,74.64,69.20,85.87,68.69,70.80,84.77]","[0.10,0.12,0.12,0.05,-0.05,0.10,0.11,0.11,0.11,0.10]","[-0.05,-0.02,0.01,0.13,0.08,-0.04,-0.04,-0.06,-0.08,-0.03]",47.97,1199.77,78,426,,,,,,,0.19,-0.2,-0.69,0.6,0.58,0.03,,,,
33810,30.8148193359375,-105.08563232421875,75.77,5.56,0.62,0.09,0.0,0.0,-0.01,0.02,0.0,"[79.21,74.24,82.54,67.74,74.64,69.20,85.87,68.69,70.80,84.77]","[0.10,0.12,0.12,0.05,-0.05,0.10,0.11,0.11,0.11,0.10]","[-0.05,-0.02,0.01,0.13,0.08,-0.04,-0.04,-0.06,-0.08,-0.03]",47.97,1199.77,78,426,,,,,,,0.19,-0.2,-0.69,0.6,0.58,0.03,,,,
33811,30.8148193359375,-105.0855941772461,75.77,5.56,0.62,0.09,0.0,0.0,-0.01,0.02,0.0,"[79.21,74.24,82.54,67.74,74.64,69.20,85.87,68.69,70.80,84.77]","[0.10,0.12,0.12,0.05,-0.05,0.10,0.11,0.11,0.11,0.10]","[-0.05,-0.02,0.01,0.13,0.08,-0.04,-0.04,-0.06,-0.08,-0.03]",48.84,1200.64,78,427,,,,,,,0.19,-0.2,-0.69,0.6,0.58,0.03,,,,
33811,30.8148193359375,-105.0855941772461,75.77,5.56,0.62,0.09,0.0,0.0,-0.01,0.02,0.0,"[79.21,74.24,82.54,67.74,74.64,69.20,85.87,68.69,70.80,84.77]","[0.10,0.12,0.12,0.05,-0.05,0.10,0.11,0.11,0.11,0.10]","[-0.05,-0.02,0.01,0.13,0.08,-0.04,-0.04,-0.06,-0.08,-0.03]",48.84,1200.64,78,427,,,,,,,0.19,-0.2,-0.69,0.6,0.58,0.03,,,,
34236,30.814773559570312,-105.08573150634766,75.86,5.64,0.63,0.09,0.0,0.0,-0.01,0.02,0.0,"[79.28,74.31,82.63,67.80,74.70,69.30,85.99,68.73,70.91,84.93]","[0.10,0.12,0.12,0.06,-0.04,0.10,0.11,0.11,0.11,0.10]","[-0.07,-0.04,-0.01,0.13,0.11,-0.04,-0.05,-0.06,-0.06,-0.04]",46.5,1198.3,79,424,,,,,,,0.18,-0.28,-0.79,0.61,0.44,0.01,,,,
34236,30.814773559570312,-105.08573150634766,75.86,5.64,0.63,0.09,0.0,0.0,-0.01,0.02,0.0,"[79.28,74.31,82.63,67.80,74.70,69.30,85.99,68.73,70.91,84.93]","[0.10,0.12,0.12,0.06,-0.04,0.10,0.11,0.11,0.11,0.10]","[-0.07,-0.04,-0.01,0.13,0.11,-0.04,-0.05,-0.06,-0.06,-0.04]",46.5,1198.3,79,424,,,,,,,0.18,-0.28,-0.79,0.61,0.44,0.01,,,,
34237,30.814773559570312,-105.085693359375,75.82,5.57,0.62,0.09,-0.0,0.0,-0.01,0.02,0.0,"[79.26,74.31,82.59,67.77,74.64,69.29,85.94,68.68,70.88,84.83]","[0.10,0.12,0.12,0.06,-0.04,0.10,0.11,0.11,0.11,0.10]","[-0.06,-0.03,-0.00,0.13,0.11,-0.05,-0.05,-0.06,-0.07,-0.04]",47.1,1198.9,79,425,,,,,,,0.19,-0.24,-0.77,0.6,0.51,0.01,,,,
34237,30.814773559570312,-105.085693359375,75.82,5.57,0.62,0.09,-0.0,0.0,-0.01,0.02,0.0,"[79.26,74.31,82.59,67.77,74.64,69.29,85.94,68.68,70.88,84.83]","[0.10,0.12,0.12,0.06,-0.04,0.10,0.11,0.11,0.11,0.10]","[-0.06,-0.03,-0.00,0.13,0.11,-0.05,-0.05,-0.06,-0.07,-0.04]",47.1,1198.9,79,425,,,,,,,0.19,-0.24,-0.77,0.6,0.51,0.01,,,,
34238,30.814773559570312,-105.08563232421875,75.81,5.56,0.62,0.09,-0.01,0.0,-0.01,0.03,0.0,"[79.26,74.31,82.59,67.77,74.63,69.28,85.94,68.67,70.87,84.82]","[0.10,0.12,0.12,0.06,-0.04,0.10,0.11,0.11,0.11,0.09]","[-0.06,-0.03,0.00,0.14,0.11,-0.05,-0.05,-0.07,-0.07,-0.04]",47.72,1199.52,79,426,,,,,,,0.19,-0.23,-0.77,0.6,0.52,0.01,,,,
34238,30.814773559570312,-105.08563232421875,75.81,5.56,0.62,0.09,-0.01,0.0,-0.01,0.03,0.0,"[79.26,74.31,82.59,67.77,74.63,69.28,85.94,68.67,70.87,84.82]","[0.10,0.12,0.12,0.06,-0.04,0.10,0.11,0.11,0.11,0.09]","[-0.06,-0.03,0.00,0.14,0.11,-0.05,-0.05,-0.07,-0.07,-0.04]",47.72,1199.52,79,426,,,,,,,0.19,-0.23,-0.77,0.6,0.52,0.01,,,,
34239,30.814773559570312,-105.0855941772461,75.81,5.56,0.62,0.09,-0.01,0.0,-0.01,0.03,0.0,"[79.26,74.31,82.59,67.77,74.63,69.28,85.94,68.67,70.87,84.82]","[0.10,0.12,0.12,0.06,-0.04,0.10,0.11,0.11,0.11,0.09]","[-0.06,-0.03,0.00,0.14,0.11,-0.05,-0.05,-0.07,-0.07,-0.04]",48.48,1200.28,79,427,,,,,,,0.19,-0.23,-0.77,0.6,0.52,0.01,,,,
34239,30.814773559570312,-105.0855941772461,75.81,5.56,0.62,0.09,-0.01,0.0,-0.01,0.03,0.0,"[79.26,74.31,82.59,67.77,74.63,69.28,85.94,68.67,70.87,84.82]","[0.10,0.12,0.12,0.06,-0.04,0.10,0.11,0.11,0.11,0.09]","[-0.06,-0.03,0.00,0.14,0.11,-0.05,-0.05,-0.07,-0.07,-0.04]",48.48,1200.28,79,427,,,,,,,0.19,-0.23,-0.77,0.6,0.52,0.01,,,,
34664,30.814729690551758,-105.08573150634766,75.9,5.64,0.63,0.09,-0.01,0.0,-0.01,0.02,0.0,"[79.33,74.38,82.68,67.83,74.70,69.38,86.05,68.71,70.98,84.98]","[0.10,0.12,0.12,0.06,-0.03,0.10,0.11,0.11,0.11,0.09]","[-0.07,-0.04,-0.02,0.14,0.13,-0.05,-0.05,-0.06,-0.06,-0.05]",47.92,1199.72,80,424,,,,,,,0.18,-0.3,-0.84,0.61,0.4,0.0,,,,
34664,30.814729690551758,-105.08573150634766,75.9,5.64,0.63,0.09,-0.01,0.0,-0.01,0.02,0.0,"[79.33,74.38,82.68,67.83,74.70,69.38,86.05,68.71,70.98,84.98]","[0.10,0.12,0.12,0.06,-0.03,0.10,0.11,0.11,0.11,0.09]","[-0.07,-0.04,-0.02,0.14,0.13,-0.05,-0.05,-0.06,-0.06,-0.05]",47.92,1199.72,80,424,,,,,,,0.18,-0.3,-0.84,0.61,0.4,0.0,,,,
34665,30.814729690551758,-105.085693359375,75.86,5.57,0.62,0.09,-0.01,0.0,-0.01,0.03,0.0,"[79.32,74.37,82.64,67.80,74.63,69.37,86.00,68.66,70.94,84.88]","[0.10,0.12,0.12,0.06,-0.03,0.10,0.11,0.11,0.11,0.09]","[-0.07,-0.04,-0.01,0.14,0.13,-0.05,-0.05,-0.07,-0.06,-0.04]",48.53,1200.33,80,425,,,,,,,0.19,-0.26,-0.83,0.61,0.46,0.0,,,,
34665,30.814729690551758,-105.085693359375,75.86,5.57,0.62,0.09,-0.01,0.0,-0.01,0.03,0.0,"[79.32,74.37,82.64,67.80,74.63,69.37,86.00,68.66,70.94,84.88]","[0.10,0.12,0.12,0.06,-0.03,0.10,0.11,0.11,0.11,0.09]","[-0.07,-0.04,-0.01,0.14,0.13,-0.05,-0.05,-0.07,-0.06,-0.04]",48.53,1200.33,80,425,,,,,,,0.19,-0.26,-0.83,0.61,0.46,0.0,,,,
34666,30.814729690551758,-105.08563232421875,75.86,5.56,0.62,0.09,-0.01,0.0,-0.01,0.03,0.0,"[79.32,74.37,82.64,67.79,74.62,69.37,86.00,68.65,70.94,84.87]","[0.10,0.12,0.12,0.06,-0.03,0.10,0.11,0.11,0.11,0.09]","[-0.07,-0.04,-0.01,0.14,0.13,-0.05,-0.05,-0.07,-0.06,-0.04]",49.01,1200.81,80,426,,,,,,,0.19,-0.26,-0.82,0.61,0.47,0.0,,,,
34666,30.814729690551758,-105.08563232421875,75.86,5.56,0.62,0.09,-0.01,0.0,-0.01,0.03,0.0,"[79.32,74.37,82.64,67.79,74.62,69.37,86.00,68.65,70.94,84.87]","[0.10,0.12,0.12,0.06,-0.03,0.10,0.11,0.11,0.11,0.09]","[-0.07,-0.04,-0.01,0.14,0.13,-0.05,-0.05,-0.07,-0.06,-0.04]",49.01,1200.81,80,426,,,,,,,0.19,-0.26,-0.82,0.61,0.47,0.0,,,,
34667,30.814729690551758,-105.0855941772461,75.86,5.56,0.62,0.09,-0.01,0.0,-0.01,0.03,0.0,"[79.32,74.37,82.64,67.79,74.62,69.37,86.00,68.65,70.94,84.87]","[0.10,0.12,0.12,0.06,-0.03,0.10,0.11,0.11,0.11,0.09]","[-0.07,-0.04,-0.01,0.14,0.13,-0.05,-0.05,-0.07,-0.06,-0.04]",49.62,1201.42,80,427,,,,,,,0.19,-0.26,-0.82,0.61,0.47,0.0,,,,
34667,30.814729690551758,-105.0855941772461,75.86,5.56,0.62,0.09,-0.01,0.0,-0.01,0.03,0.0,"[79.32,74.37,82.64,67.79,74.62,69.37,86.00,68.65,70.94,84.87]","[0.10,0.12,0.12,0.06,-0.03,0.10,0.11,0.11,0.11,0.09]","[-0.07,-0.04,-0.01,0.14,0.13,-0.05,-0.05,-0.07,-0.06,-0.04]",49.62,1201.42,80,427,,,,,,,0.19,-0.26,-0.82,0.61,0.47,0.0,,,,
35092,30.814682006835938,-105.08573150634766,75.95,5.64,0.63,0.09,-0.01,0.0,-0.01,0.03,0.0,"[79.39,74.44,82.74,67.85,74.69,69.47,86.11,68.69,71.05,85.03]","[0.10,0.12,0.12,0.06,-0.03,0.10,0.11,0.11,0.11,0.09]","[-0.08,-0.05,-0.03,0.14,0.15,-0.05,-0.06,-0.07,-0.05,-0.05]",49.01,1200.81,81,424,,,,,,,0.18,-0.32,-0.87,0.61,0.37,0.0,,,,
35092,30.814682006835938,-105.08573150634766,75.95,5.64,0.63,0.09,-0.01,0.0,-0.01,0.03,0.0,"[79.39,74.44,82.74,67.85,74.69,69.47,86.11,68.69,71.05,85.03]","[0.10,0.12,0.12,0.06,-0.03,0.10,0.11,0.11,0.11,0.09]","[-0.08,-0.05,-0.03,0.14,0.15,-0.05,-0.06,-0.07,-0.05,-0.05]",49.01,1200.81,81,424,,,,,,,0.18,-0.32,-0.87,0.61,0.37,0.0,,,,
35093,30.814682006835938,-105.085693359375,75.91,5.56,0.62,0.09,-0.01,0.0,-0.01,0.03,0.0,"[79.37,74.44,82.69,67.82,74.62,69.45,86.07,68.64,71.01,84.94]","[0.10,0.12,0.12,0.06,-0.03,0.10,0.11,0.11,0.11,0.09]","[-0.07,-0.04,-0.02,0.14,0.15,-0.05,-0.05,-0.07,-0.06,-0.05]",49.68,1201.48,81,425,,,,,,,0.18,-0.28,-0.86,0.61,0.43,0.0,,,,
35093,30.814682006835938,-105.085693359375,75.91,5.56,0.62,0.09,-0.01,0.0,-0.01,0.03,0.0,"[79.37,74.44,82.69,67.82,74.62,69.45,86.07,68.64,71.01,84.94]","[0.10,0.12,0.12,0.06,-0.03,0.10,0.11,0.11,0.11,0.09]","[-0.07,-0.04,-0.02,0.14,0.15,-0.05,-0.05,-0.07,-0.06,-0.05]",49.68,1201.48,81,425,,,,,,,0.18,-0.28,-0.86,0.61,0.43,0.0,,,,
35094,30.814682006835938,-105.08563232421875,75.9,5.55,0.62,0.09,-0.01,0.0,-0.01,0.03,0.0,"[79.37,74.44,82.69,67.82,74.61,69.45,86.06,68.64,71.01,84.93]","[0.10,0.12,0.12,0.06,-0.03,0.10,0.11,0.11,0.11,0.09]","[-0.07,-0.04,-0.02,0.14,0.15,-0.05,-0.05,-0.07,-0.06,-0.04]",50.24,1202.04,81,426,,,,,,,0.18,-0.28,-0.86,0.61,0.43,0.0,,,,
35094,30.814682006835938,-105.08563232421875,75.9,5.55,0.62,0.09,-0.01,0.0,-0.01,0.03,0.0,"[79.37,74.44,82.69,67.82,74.61,69.45,86.06,68.64,71.01,84.93]","[0.10,0.12,0.12,0.06,-0.03,0.10,0.11,0.11,0.11,0.09]","[-0.07,-0.04,-0.02,0.14,0.15,-0.05,-0.05,-0.07,-0.06,-0.04]",50.24,1202.04,81,426,,,,,,,0.18,-0.28,-0.86,0.61,0.43,0.0,,,,
35095,30.814682006835938,-105.0855941772461,75.9,5.55,0.62,0.09,-0.01,0.0,-0.01,0.03,0.0,"[79.37,74.44,82.69,67.82,74.61,69.45,86.06,68.64,71.01,84.93]","[0.10,0.12,0.12,0.06,-0.03,0.10,0.11,0.11,0.11,0.09]","[-0.07,-0.04,-0.02,0.14,0.15,-0.05,-0.05,-0.07,-0.06,-0.04]",50.76,1202.55,81,427,,,,,,,0.18,-0.28,-0.86,0.61,0.43,0.0,,,,
35095,30.814682006835938,-105.0855941772461,75.9,5.55,0.62,0.09,-0.01,0.0,-0.01,0.03,0.0,"[79.37,74.44,82.69,67.82,74.61,69.45,86.06,68.64,71.01,84.93]","[0.10,0.12,0.12,0.06,-0.03,0.10,0.11,0.11,0.11,0.09]","[-0.07,-0.04,-0.02,0.14,0.15,-0.05,-0.05,-0.07,-0.06,-0.04]",50.76,1202.55,81,427,,,,,,,0.18,-0.28,-0.86,0.61,0.43,0.0,,,,
35520,30.814638137817383,-105.08573150634766,76.0,5.64,0.63,0.09,-0.01,0.0,-0.01,0.03,0.0,"[79.45,74.51,82.79,67.89,74.69,69.55,86.18,68.68,71.12,85.08]","[0.10,0.12,0.12,0.06,-0.02,0.10,0.11,0.11,0.11,0.09]","[-0.08,-0.05,-0.03,0.14,0.16,-0.05,-0.06,-0.07,-0.05,-0.05]",50.24,1202.04,82,424,,,,,,,0.19,-0.33,-0.88,0.61,0.35,0.0,,,,
35520,30.814638137817383,-105.08573150634766,76.0,5.64,0.63,0.09,-0.01,0.0,-0.01,0.03,0.0,"[79.45,74.51,82.79,67.89,74.69,69.55,86.18,68.68,71.12,85.08]","[0.10,0.12,0.12,0.06,-0.02,0.10,0.11,0.11,0.11,0.09]","[-0.08,-0.05,-0.03,0.14,0.16,-0.05,-0.06,-0.07,-0.05,-0.05]",50.24,1202.04,82,424,,,,,,,0.19,-0.33,-0.88,0.61,0.35,0.0,,,,
35521,30.814638137817383,-105.085693359375,75.96,5.56,0.62,0.09,-0.01,0.0,-0.01,0.03,0.0,"[79.44,74.51,82.75,67.86,74.62,69.54,86.13,68.63,71.09,84.99]","[0.10,0.12,0.12,0.06,-0.02,0.10,0.11,0.11,0.11,0.09]","[-0.08,-0.05,-0.03,0.14,0.17,-0.06,-0.06,-0.07,-0.05,-0.05]",50.79,1202.59,82,425,,,,,,,0.18,-0.3,-0.88,0.61,0.4,0.0,,,,
35521,30.814638137817383,-105.085693359375,75.96,5.56,0.62,0.09,-0.01,0.0,-0.01,0.03,0.0,"[79.44,74.51,82.75,67.86,74.62,69.54,86.13,68.63,71.09,84.99]","[0.10,0.12,0.12,0.06,-0.02,0.10,0.11,0.11,0.11,0.09]","[-0.08,-0.05,-0.03,0.14,0.17,-0.06,-0.06,-0.07,-0.05,-0.05]",50.79,1202.59,82,425,,,,,,,0.18,-0.3,-0.88,0.61,0.4,0.0,,,,
35522,30.814638137817383,-105.08563232421875,75.95,5.55,0.62,0.09,-0.01,0.0,-0.01,0.03,0.0,"[79.44,74.51,82.74,67.85,74.61,69.54,86.13,68.62,71.08,84.98]","[0.10,0.12,0.12,0.06,-0.02,0.10,0.11,0.11,0.11,0.09]","[-0.08,-0.05,-0.03,0.14,0.17,-0.06,-0.06,-0.07,-0.05,-0.05]",51.35,1203.15,82,426,,,,,,,0.18,-0.29,-0.88,0.61,0.41,0.0,,,,
35522,30.814638137817383,-105.08563232421875,75.95,5.55,0.62,0.09,-0.01,0.0,-0.01,0.03,0.0,"[79.44,74.51,82.74,67.85,74.61,69.54,86.13,68.62,71.08,84.98]","[0.10,0.12,0.12,0.06,-0.02,0.10,0.11,0.11,0.11,0.09]","[-0.08,-0.05,-0.03,0.14,0.17,-0.06,-0.06,-0.07,-0.05,-0.05]",51.35,1203.15,82,426,,,,,,,0.18,-0.29,-0.88,0.61,0.41,0.0,,,,
35523,30.814638137817383,-105.0855941772461,75.95,5.55,0.62,0.09,-0.01,0.0,-0.01,0.03,0.0,"[79.44,74.51,82.74,67.85,74.61,69.54,86.13,68.62,71.08,84.98]","[0.10,0.12,0.12,0.06,-0.02,0.10,0.11,0.11,0.11,0.09]","[-0.08,-0.05,-0.03,0.14,0.17,-0.06,-0.06,-0.07,-0.05,-0.05]",51.78,1203.58,82,427,,,,,,,0.18,-0.29,-0.88,0.61,0.41,0.0,,,,
35523,30.814638137817383,-105.0855941772461,75.95,5.55,0.62,0.09,-0.01,0.0,-0.01,0.03,0.0,"[79.44,74.51,82.74,67.85,74.61,69.54,86.13,68.62,71.08,84.98]","[0.10,0.12,0.12,0.06,-0.02,0.10,0.11,0.11,0.11,0.09]","[-0.08,-0.05,-0.03,0.14,0.17,-0.06,-0.06,-0.07,-0.05,-0.05]",51.78,1203.58,82,427,,,,,,,0.18,-0.29,-0.88,0.61,0.41,0.0,,,,
35948,30.814594268798828,-105.08573150634766,76.08,5.61,0.62,0.09,-0.01,0.0,-0.01,0.03,0.0,"[79.55,74.63,82.88,67.96,74.76,69.68,86.26,68.70,71.25,85.16]","[0.10,0.12,0.12,0.06,-0.02,0.10,0.11,0.11,0.11,0.09]","[-0.06,-0.04,-0.02,0.11,0.11,-0.03,-0.04,-0.04,-0.03,-0.03]",51.39,1203.19,83,424,,,,,,,0.2,-0.34,-0.84,0.59,0.34,0.0,,,,
35948,30.814594268798828,-105.08573150634766,76.08,5.61,0.62,0.09,-0.01,0.0,-0.01,0.03,0.0,"[79.55,74.63,82.88,67.96,74.76,69.68,86.26,68.70,71.25,85.16]","[0.10,0.12,0.12,0.06,-0.02,0.10,0.11,0.11,0.11,0.09]","[-0.06,-0.04,-0.02,0.11,0.11,-0.03,-0.04,-0.04,-0.03,-0.03]",51.39,1203.19,83,424,,,,,,,0.2,-0.34,-0.84,0.59,0.34,0.0,,,,
35949,30.814594268798828,-105.085693359375,76.05,5.53,0.62,0.09,-0.01,0.0,-0.0,0.03,0.0,"[79.54,74.64,82.83,67.94,74.69,69.68,86.22,68.65,71.22,85.07]","[0.10,0.12,0.12,0.06,-0.02,0.10,0.11,0.11,0.11,0.09]","[-0.05,-0.03,-0.01,0.11,0.10,-0.04,-0.04,-0.04,-0.03,-0.03]",51.81,1203.61,83,425,,,,,,,0.2,-0.3,-0.83,0.59,0.4,0.0,,,,
35949,30.814594268798828,-105.085693359375,76.05,5.53,0.62,0.09,-0.01,0.0,-0.0,0.03,0.0,"[79.54,74.64,82.83,67.94,74.69,69.68,86.22,68.65,71.22,85.07]","[0.10,0.12,0.12,0.06,-0.02,0.10,0.11,0.11,0.11,0.09]","[-0.05,-0.03,-0.01,0.11,0.10,-0.04,-0.04,-0.04,-0.03,-0.03]",51.81,1203.61,83,425,,,,,,,0.2,-0.3,-0.83,0.59,0.4,0.0,,,,
35950,30.814594268798828,-105.08563232421875,76.04,5.52,0.61,0.09,-0.01,0.0,-0.0,0.03,0.0,"[79.54,74.64,82.83,67.93,74.68,69.68,86.21,68.65,71.21,85.06]","[0.10,0.12,0.12,0.06,-0.02,0.10,0.11,0.11,0.11,0.09]","[-0.05,-0.03,-0.00,0.11,0.10,-0.04,-0.04,-0.04,-0.03,-0.02]",52.19,1203.99,83,426,,,,,,,0.2,-0.3,-0.83,0.59,0.4,0.0,,,,
35950,30.814594268798828,-105.08563232421875,76.04,5.52,0.61,0.09,-0.01,0.0,-0.0,0.03,0.0,"[79.54,74.64,82.83,67.93,74.68,69.68,86.21,68.65,71.21,85.06]","[0.10,0.12,0.12,0.06,-0.02,0.10,0.11,0.11,0.11,0.09]","[-0.05,-0.03,-0.00,0.11,0.10,-0.04,-0.04,-0.04,-0.03,-0.02]",52.19,1203.99,83,426,,,,,,,0.2,-0.3,-0.83,0.59,0.4,0.0,,,,
35951,30.814594268798828,-105.0855941772461,76.04,5.52,0.61,0.09,-0.01,0.0,-0.0,0.03,0.0,"[79.54,74.64,82.83,67.93,74.68,69.68,86.21,68.65,71.21,85.06]","[0.10,0.12,0.12,0.06,-0.02,0.10,0.11,0.11,0.11,0.09]","[-0.05,-0.03,-0.00,0.11,0.10,-0.04,-0.04,-0.04,-0.03,-0.02]",52.5,1204.3,83,427,,,,,,,0.2,-0.3,-0.83,0.59,0.4,0.0,,,,
35951,30.814594268798828,-105.0855941772461,76.04,5.52,0.61,0.09,-0.01,0.0,-0.0,0.03,0.0,"[79.54,74.64,82.83,67.93,74.68,69.68,86.21,68.65,71.21,85.06]","[0.10,0.12,0.12,0.06,-0.02,0.10,0.11,0.11,0.11,0.09]","[-0.05,-0.03,-0.00,0.11,0.10,-0.04,-0.04,-0.04,-0.03,-0.02]",52.5,1204.3,83,427,,,,,,,0.2,-0.3,-0.83,0.59,0.4,0.0,,,,
36376,30.814550399780273,-105.08573150634766,76.18,5.58,0.62,0.09,-0.01,0.0,-0.0,0.02,0.0,"[79.66,74.76,82.97,68.04,74.85,69.82,86.34,68.73,71.39,85.25]","[0.10,0.12,0.12,0.06,-0.01,0.10,0.11,0.11,0.11,0.09]","[-0.03,-0.01,0.01,0.08,0.05,-0.01,-0.02,-0.02,-0.02,-0.01]",52.12,1203.92,84,424,,,,,,,0.21,-0.34,-0.66,0.56,0.33,0.06,,,,
36376,30.814550399780273,-105.08573150634766,76.18,5.58,0.62,0.09,-0.01,0.0,-0.0,0.02,0.0,"[79.66,74.76,82.97,68.04,74.85,69.82,86.34,68.73,71.39,85.25]","[0.10,0.12,0.12,0.06,-0.01,0.10,0.11,0.11,0.11,0.09]","[-0.03,-0.01,0.01,0.08,0.05,-0.01,-0.02,-0.02,-0.02,-0.01]",52.12,1203.92,84,424,,,,,,,0.21,-0.34,-0.66,0.56,0.33,0.06,,,,
36377,30.814550399780273,-105.085693359375,76.14,5.51,0.61,0.09,-0.01,0.0,0.0,0.02,0.0,"[79.65,74.77,82.92,68.02,74.77,69.82,86.30,68.68,71.36,85.16]","[0.10,0.12,0.12,0.06,-0.01,0.10,0.11,0.11,0.11,0.09]","[-0.02,-0.00,0.02,0.07,0.03,-0.01,-0.02,-0.01,-0.01,0.00]",52.48,1204.28,84,425,,,,,,,0.21,-0.25,-0.47,0.56,0.48,0.27,,,,
36377,30.814550399780273,-105.085693359375,76.14,5.51,0.61,0.09,-0.01,0.0,0.0,0.02,0.0,"[79.65,74.77,82.92,68.02,74.77,69.82,86.30,68.68,71.36,85.16]","[0.10,0.12,0.12,0.06,-0.01,0.10,0.11,0.11,0.11,0.09]","[-0.02,-0.00,0.02,0.07,0.03,-0.01,-0.02,-0.01,-0.01,0.00]",52.48,1204.28,84,425,,,,,,,0.21,-0.25,-0.47,0.56,0.48,0.27,,,,
36378,30.814550399780273,-105.08563232421875,76.14,5.5,0.61,0.09,-0.01,0.0,0.01,0.02,0.0,"[79.65,74.77,82.92,68.02,74.76,69.82,86.30,68.67,71.35,85.15]","[0.10,0.12,0.12,0.06,-0.01,0.10,0.11,0.11,0.11,0.09]","[-0.02,-0.00,0.02,0.07,0.03,-0.01,-0.01,-0.01,-0.01,0.00]",52.72,1204.52,84,426,,,,,,,0.21,-0.24,-0.44,0.56,0.5,0.3,,,,
36378,30.814550399780273,-105.08563232421875,76.14,5.5,0.61,0.09,-0.01,0.0,0.01,0.02,0.0,"[79.65,74.77,82.92,68.02,74.76,69.82,86.30,68.67,71.35,85.15]","[0.10,0.12,0.12,0.06,-0.01,0.10,0.11,0.11,0.11,0.09]","[-0.02,-0.00,0.02,0.07,0.03,-0.01,-0.01,-0.01,-0.01,0.00]",52.72,1204.52,84,426,,,,,,,0.21,-0.24,-0.44,0.56,0.5,0.3,,,,
36379,30.814550399780273,-105.0855941772461,76.14,5.5,0.61,0.09,-0.01,0.0,0.01,0.02,0.0,"[79.65,74.77,82.92,68.02,74.76,69.82,86.30,68.67,71.35,85.15]","[0.10,0.12,0.12,0.06,-0.01,0.10,0.11,0.11,0.11,0.09]","[-0.02,-0.00,0.02,0.07,0.03,-0.01,-0.01,-0.01,-0.01,0.00]",52.92,1204.72,84,427,,,,,,,0.21,-0.24,-0.44,0.56,0.5,0.3,,,,
36379,30.814550399780273,-105.0855941772461,76.14,5.5,0.61,0.09,-0.01,0.0,0.01,0.02,0.0,"[79.65,74.77,82.92,68.02,74.76,69.82,86.30,68.67,71.35,85.15]","[0.10,0.12,0.12,0.06,-0.01,0.10,0.11,0.11,0.11,0.09]","[-0.02,-0.00,0.02,0.07,0.03,-0.01,-0.01,-0.01,-0.01,0.00]",52.92,1204.72,84,427,,,,,,,0.21,-0.24,-0.44,0.56,0.5,0.3,,,,
36804,30.814504623413086,-105.08573150634766,76.28,5.56,0.62,0.09,-0.01,0.0,0.01,0.02,0.0,"[79.77,74.89,83.06,68.13,74.93,69.96,86.43,68.75,71.53,85.33]","[0.10,0.12,0.12,0.06,-0.01,0.10,0.11,0.11,0.11,0.09]","[-0.01,0.01,0.03,0.05,-0.02,0.00,-0.00,0.01,-0.00,0.01]",52.57,1204.37,85,424,,,,,,,0.23,-0.16,0.18,0.53,0.63,0.38,,,,
36804,30.814504623413086,-105.08573150634766,76.28,5.56,0.62,0.09,-0.01,0.0,0.01,0.02,0.0,"[79.77,74.89,83.06,68.13,74.93,69.96,86.43,68.75,71.53,85.33]","[0.10,0.12,0.12,0.06,-0.01,0.10,0.11,0.11,0.11,0.09]","[-0.01,0.01,0.03,0.05,-0.02,0.00,-0.00,0.01,-0.00,0.01]",52.57,1204.37,85,424,,,,,,,0.23,-0.16,0.18,0.53,0.63,0.38,,,,
36805,30.814504623413086,-105.085693359375,76.24,5.48,0.61,0.09,-0.01,0.0,0.01,0.02,0.0,"[79.77,74.90,83.01,68.11,74.85,69.96,86.39,68.70,71.50,85.24]","[0.10,0.12,0.12,0.06,-0.01,0.10,0.11,0.11,0.11,0.09]","[0.01,0.02,0.05,0.03,-0.05,0.01,0.01,0.02,0.00,0.03]",52.79,1204.59,85,425,,,,,,,0.23,0.07,0.65,0.53,0.77,0.12,,,,
36805,30.814504623413086,-105.085693359375,76.24,5.48,0.61,0.09,-0.01,0.0,0.01,0.02,0.0,"[79.77,74.90,83.01,68.11,74.85,69.96,86.39,68.70,71.50,85.24]","[0.10,0.12,0.12,0.06,-0.01,0.10,0.11,0.11,0.11,0.09]","[0.01,0.02,0.05,0.03,-0.05,0.01,0.01,0.02,0.00,0.03]",52.79,1204.59,85,425,,,,,,,0.23,0.07,0.65,0.53,0.77,0.12,,,,
36806,30.814504623413086,-105.08563232421875,76.24,5.47,0.61,0.09,-0.01,0.0,0.01,0.02,0.0,"[79.77,74.90,83.01,68.11,74.85,69.96,86.38,68.70,71.49,85.24]","[0.10,0.12,0.12,0.06,-0.01,0.10,0.11,0.11,0.11,0.09]","[0.01,0.02,0.05,0.03,-0.05,0.01,0.01,0.02,0.00,0.03]",52.9,1204.7,85,426,,,,,,,0.23,0.09,0.68,0.53,0.76,0.09,,,,
36806,30.814504623413086,-105.08563232421875,76.24,5.47,0.61,0.09,-0.01,0.0,0.01,0.02,0.0,"[79.77,74.90,83.01,68.11,74.85,69.96,86.38,68.70,71.49,85.24]","[0.10,0.12,0.12,0.06,-0.01,0.10,0.11,0.11,0.11,0.09]","[0.01,0.02,0.05,0.03,-0.05,0.01,0.01,0.02,0.00,0.03]",52.9,1204.7,85,426,,,,,,,0.23,0.09,0.68,0.53,0.76,0.09,,,,
36807,30.814504623413086,-105.0855941772461,76.24,5.47,0.61,0.09,-0.01,0.0,0.01,0.02,0.0,"[79.77,74.90,83.01,68.11,74.85,69.96,86.38,68.70,71.49,85.24]","[0.10,0.12,0.12,0.06,-0.01,0.10,0.11,0.11,0.11,0.09]","[0.01,0.02,0.05,0.03,-0.05,0.01,0.01,0.02,0.00,0.03]",52.95,1204.75,85,427,,,,,,,0.23,0.09,0.68,0.53,0.76,0.09,,,,
36807,30.814504623413086,-105.0855941772461,76.24,5.47,0.61,0.09,-0.01,0.0,0.01,0.02,0.0,"[79.77,74.90,83.01,68.11,74.85,69.96,86.38,68.70,71.49,85.24]","[0.10,0.12,0.12,0.06,-0.01,0.10,0.11,0.11,0.11,0.09]","[0.01,0.02,0.05,0.03,-0.05,0.01,0.01,0.02,0.00,0.03]",52.95,1204.75,85,427,,,,,,,0.23,0.09,0.68,0.53,0.76,0.09,,,,
37232,30.8144588470459,-105.08573150634766,76.37,5.53,0.61,0.09,-0.01,0.0,0.02,0.02,0.0,"[79.88,75.01,83.15,68.21,75.01,70.10,86.51,68.78,71.66,85.41]","[0.10,0.11,0.12,0.06,0.00,0.09,0.11,0.11,0.10,0.09]","[0.01,0.03,0.05,0.02,-0.08,0.02,0.02,0.04,0.01,0.03]",52.68,1204.48,86,424,,,,,,,0.24,0.13,0.87,0.5,0.7,0.01,,,,
37232,30.8144588470459,-105.08573150634766,76.37,5.53,0.61,0.09,-0.01,0.0,0.02,0.02,0.0,"[79.88,75.01,83.15,68.21,75.01,70.10,86.51,68.78,71.66,85.41]","[0.10,0.11,0.12,0.06,0.00,0.09,0.11,0.11,0.10,0.09]","[0.01,0.03,0.05,0.02,-0.08,0.02,0.02,0.04,0.01,0.03]",52.68,1204.48,86,424,,,,,,,0.24,0.13,0.87,0.5,0.7,0.01,,,,
37233,30.8144588470459,-105.085693359375,76.34,5.45,0.61,0.09,-0.01,0.0,0.02,0.02,0.0,"[79.88,75.03,83.10,68.20,74.94,70.10,86.47,68.73,71.63,85.33]","[0.10,0.11,0.12,0.06,0.00,0.09,0.11,0.11,0.10,0.09]","[0.04,0.05,0.07,-0.00,-0.13,0.04,0.03,0.05,0.02,0.05]",52.74,1204.54,86,425,,,,,,,0.24,0.22,0.94,0.5,0.53,0.0,,,,
37233,30.8144588470459,-105.085693359375,76.34,5.45,0.61,0.09,-0.01,0.0,0.02,0.02,0.0,"[79.88,75.03,83.10,68.20,74.94,70.10,86.47,68.73,71.63,85.33]","[0.10,0.11,0.12,0.06,0.00,0.09,0.11,0.11,0.10,0.09]","[0.04,0.05,0.07,-0.00,-0.13,0.04,0.03,0.05,0.02,0.05]",52.74,1204.54,86,425,,,,,,,0.24,0.22,0.94,0.5,0.53,0.0,,,,
37234,30.8144588470459,-105.08563232421875,76.34,5.45,0.61,0.09,-0.01,0.0,0.02,0.02,0.0,"[79.88,75.03,83.10,68.19,74.93,70.10,86.47,68.72,71.63,85.32]","[0.10,0.11,0.12,0.06,0.00,0.09,0.11,0.11,0.10,0.09]","[0.04,0.05,0.07,-0.00,-0.13,0.04,0.03,0.05,0.02,0.05]",52.69,1204.49,86,426,,,,,,,0.24,0.23,0.95,0.5,0.52,0.0,,,,
37234,30.8144588470459,-105.08563232421875,76.34,5.45,0.61,0.09,-0.01,0.0,0.02,0.02,0.0,"[79.88,75.03,83.10,68.19,74.93,70.10,86.47,68.72,71.63,85.32]","[0.10,0.11,0.12,0.06,0.00,0.09,0.11,0.11,0.10,0.09]","[0.04,0.05,0.07,-0.00,-0.13,0.04,0.03,0.05,0.02,0.05]",52.69,1204.49,86,426,,,,,,,0.24,0.23,0.95,0.5,0.52,0.0,,,,
37235,30.8144588470459,-105.0855941772461,76.34,5.45,0.61,0.09,-0.01,0.0,0.02,0.02,0.0,"[79.88,75.03,83.10,68.19,74.93,70.10,86.47,68.72,71.63,85.32]","[0.10,0.11,0.12,0.06,0.00,0.09,0.11,0.11,0.10,0.09]","[0.04,0.05,0.07,-0.00,-0.13,0.04,0.03,0.05,0.02,0.05]",52.51,1204.31,86,427,,,,,,,0.24,0.23,0.95,0.5,0.52,0.0,,,,
37235,30.8144588470459,-105.0855941772461,76.34,5.45,0.61,0.09,-0.01,0.0,0.02,0.02,0.0,"[79.88,75.03,83.10,68.19,74.93,70.10,86.47,68.72,71.63,85.32]","[0.10,0.11,0.12,0.06,0.00,0.09,0.11,0.11,0.10,0.09]","[0.04,0.05,0.07,-0.00,-0.13,0.04,0.03,0.05,0.02,0.05]",52.51,1204.31,86,427,,,,,,,0.24,0.23,0.95,0.5,0.52,0.0,,,,
37660,30.814414978027344,-105.08573150634766,76.47,5.5,0.61,0.09,-0.01,0.0,0.02,0.02,0.0,"[79.99,75.14,83.24,68.30,75.10,70.24,86.60,68.80,71.80,85.50]","[0.10,0.11,0.12,0.06,0.00,0.09,0.11,0.11,0.10,0.09]","[0.04,0.05,0.08,-0.01,-0.15,0.04,0.04,0.06,0.03,0.06]",52.61,1204.41,87,424,,,,,,,0.26,0.22,0.96,0.47,0.53,0.0,,,,
37660,30.814414978027344,-105.08573150634766,76.47,5.5,0.61,0.09,-0.01,0.0,0.02,0.02,0.0,"[79.99,75.14,83.24,68.30,75.10,70.24,86.60,68.80,71.80,85.50]","[0.10,0.11,0.12,0.06,0.00,0.09,0.11,0.11,0.10,0.09]","[0.04,0.05,0.08,-0.01,-0.15,0.04,0.04,0.06,0.03,0.06]",52.61,1204.41,87,424,,,,,,,0.26,0.22,0.96,0.47,0.53,0.0,,,,
37661,30.814414978027344,-105.085693359375,76.44,5.43,0.6,0.09,-0.01,0.0,0.03,0.01,0.0,"[79.99,75.16,83.19,68.28,75.02,70.25,86.56,68.75,71.77,85.42]","[0.10,0.11,0.12,0.06,0.00,0.09,0.11,0.11,0.10,0.09]","[0.06,0.07,0.10,-0.04,-0.21,0.06,0.05,0.08,0.04,0.08]",52.47,1204.27,87,425,,,,,,,0.26,0.25,0.96,0.47,0.48,0.0,,,,
37661,30.814414978027344,-105.085693359375,76.44,5.43,0.6,0.09,-0.01,0.0,0.03,0.01,0.0,"[79.99,75.16,83.19,68.28,75.02,70.25,86.56,68.75,71.77,85.42]","[0.10,0.11,0.12,0.06,0.00,0.09,0.11,0.11,0.10,0.09]","[0.06,0.07,0.10,-0.04,-0.21,0.06,0.05,0.08,0.04,0.08]",52.47,1204.27,87,425,,,,,,,0.26,0.25,0.96,0.47,0.48,0.0,,,,
37662,30.814414978027344,-105.08563232421875,76.44,5.42,0.6,0.09,-0.01,0.0,0.03,0.01,0.0,"[79.99,75.16,83.19,68.28,75.01,70.25,86.55,68.75,71.77,85.41]","[0.10,0.11,0.12,0.06,0.00,0.09,0.11,0.11,0.10,0.09]","[0.07,0.07,0.10,-0.04,-0.21,0.06,0.05,0.08,0.04,0.08]",52.18,1203.98,87,426,,,,,,,0.26,0.26,0.96,0.47,0.48,0.0,,,,
37662,30.814414978027344,-105.08563232421875,76.44,5.42,0.6,0.09,-0.01,0.0,0.03,0.01,0.0,"[79.99,75.16,83.19,68.28,75.01,70.25,86.55,68.75,71.77,85.41]","[0.10,0.11,0.12,0.06,0.00,0.09,0.11,0.11,0.10,0.09]","[0.07,0.07,0.10,-0.04,-0.21,0.06,0.05,0.08,0.04,0.08]",52.18,1203.98,87,426,,,,,,,0.26,0.26,0.96,0.47,0.48,0.0,,,,
37663,30.814414978027344,-105.0855941772461,76.44,5.42,0.6,0.09,-0.01,0.0,0.03,0.01,0.0,"[79.99,75.16,83.19,68.28,75.01,70.25,86.55,68.75,71.77,85.41]","[0.10,0.11,0.12,0.06,0.00,0.09,0.11,0.11,0.10,0.09]","[0.07,0.07,0.10,-0.04,-0.21,0.06,0.05,0.08,0.04,0.08]",51.75,1203.55,87,427,,,,,,,0.26,0.26,0.96,0.47,0.48,0.0,,,,
37663,30.814414978027344,-105.0855941772461,76.44,5.42,0.6,0.09,-0.01,0.0,0.03,0.01,0.0,"[79.99,75.16,83.19,68.28,75.01,70.25,86.55,68.75,71.77,85.41]","[0.10,0.11,0.12,0.06,0.00,0.09,0.11,0.11,0.10,0.09]","[0.07,0.07,0.10,-0.04,-0.21,0.06,0.05,0.08,0.04,0.08]",51.75,1203.55,87,427,,,,,,,0.26,0.26,0.96,0.47,0.48,0.0,,,,
38088,30.814369201660156,-105.08573150634766,76.57,5.47,0.61,0.09,-0.01,0.0,0.03,0.02,0.0,"[80.11,75.27,83.33,68.38,75.18,70.37,86.68,68.83,71.94,85.58]","[0.10,0.11,0.12,0.06,0.01,0.09,0.11,0.11,0.10,0.09]","[0.06,0.06,0.10,-0.04,-0.20,0.05,0.05,0.09,0.04,0.08]",52.12,1203.91,88,424,,,,,,,0.27,0.25,0.97,0.45,0.48,0.0,,,,
38088,30.814369201660156,-105.08573150634766,76.57,5.47,0.61,0.09,-0.01,0.0,0.03,0.02,0.0,"[80.11,75.27,83.33,68.38,75.18,70.37,86.68,68.83,71.94,85.58]","[0.10,0.11,0.12,0.06,0.01,0.09,0.11,0.11,0.10,0.09]","[0.06,0.06,0.10,-0.04,-0.20,0.05,0.05,0.09,0.04,0.08]",52.12,1203.91,88,424,,,,,,,0.27,0.25,0.97,0.45,0.48,0.0,,,,
38089,30.814369201660156,-105.085693359375,76.54,5.4,0.6,0.09,-0.01,0.0,0.04,0.01,0.0,"[80.10,75.29,83.28,68.37,75.11,70.39,86.64,68.78,71.91,85.50]","[0.10,0.11,0.12,0.06,0.01,0.09,0.11,0.11,0.10,0.09]","[0.09,0.09,0.12,-0.07,-0.27,0.08,0.07,0.11,0.05,0.10]",51.79,1203.59,88,425,,,,,,,0.28,0.26,0.97,0.44,0.46,0.0,,,,
38089,30.814369201660156,-105.085693359375,76.54,5.4,0.6,0.09,-0.01,0.0,0.04,0.01,0.0,"[80.10,75.29,83.28,68.37,75.11,70.39,86.64,68.78,71.91,85.50]","[0.10,0.11,0.12,0.06,0.01,0.09,0.11,0.11,0.10,0.09]","[0.09,0.09,0.12,-0.07,-0.27,0.08,0.07,0.11,0.05,0.10]",51.79,1203.59,88,425,,,,,,,0.28,0.26,0.97,0.44,0.46,0.0,,,,
38090,30.814369201660156,-105.08563232421875,76.54,5.39,0.6,0.09,-0.01,0.0,0.04,0.01,0.0,"[80.10,75.29,83.28,68.37,75.10,70.39,86.64,68.78,71.91,85.50]","[0.10,0.11,0.12,0.06,0.01,0.09,0.11,0.11,0.10,0.09]","[0.09,0.09,0.12,-0.07,-0.28,0.08,0.07,0.11,0.06,0.10]",51.23,1203.03,88,426,,,,,,,0.28,0.27,0.96,0.44,0.46,0.0,,,,
38090,30.814369201660156,-105.08563232421875,76.54,5.39,0.6,0.09,-0.01,0.0,0.04,0.01,0.0,"[80.10,75.29,83.28,68.37,75.10,70.39,86.64,68.78,71.91,85.50]","[0.10,0.11,0.12,0.06,0.01,0.09,0.11,0.11,0.10,0.09]","[0.09,0.09,0.12,-0.07,-0.28,0.08,0.07,0.11,0.06,0.10]",51.23,1203.03,88,426,,,,,,,0.28,0.27,0.96,0.44,0.46,0.0,,,,
38091,30.814369201660156,-105.0855941772461,76.54,5.39,0.6,0.09,-0.01,0.0,0.04,0.01,0.0,"[80.10,75.29,83.28,68.37,75.10,70.39,86.64,68.78,71.91,85.50]","[0.10,0.11,0.12,0.06,0.01,0.09,0.11,0.11,0.10,0.09]","[0.09,0.09,0.12,-0.07,-0.28,0.08,0.07,0.11,0.06,0.10]",50.52,1202.32,88,427,,,,,,,0.28,0.27,0.96,0.44,0.46,0.0,,,,
38091,30.814369201660156,-105.0855941772461,76.54,5.39,0.6,0.09,-0.01,0.0,0.04,0.01,0.0,"[80.10,75.29,83.28,68.37,75.10,70.39,86.64,68.78,71.91,85.50]","[0.10,0.11,0.12,0.06,0.01,0.09,0.11,0.11,0.10,0.09]","[0.09,0.09,0.12,-0.07,-0.28,0.08,0.07,0.11,0.06,0.10]",50.52,1202.32,88,427,,,,,,,0.28,0.27,0.96,0.44,0.46,0.0,,,,
38516,30.81432342529297,-105.08573150634766,76.66,5.42,0.6,0.09,-0.01,0.0,0.02,0.02,0.0,"[80.23,75.39,83.42,68.47,75.29,70.50,86.75,68.88,72.09,85.65]","[0.10,0.11,0.12,0.06,0.01,0.09,0.11,0.11,0.10,0.09]","[0.05,0.05,0.08,-0.02,-0.16,0.04,0.04,0.07,0.03,0.06]",51.32,1203.12,89,424,,,,,,,0.26,0.24,0.97,0.46,0.51,0.0,,,,
38516,30.81432342529297,-105.08573150634766,76.66,5.42,0.6,0.09,-0.01,0.0,0.02,0.02,0.0,"[80.23,75.39,83.42,68.47,75.29,70.50,86.75,68.88,72.09,85.65]","[0.10,0.11,0.12,0.06,0.01,0.09,0.11,0.11,0.10,0.09]","[0.05,0.05,0.08,-0.02,-0.16,0.04,0.04,0.07,0.03,0.06]",51.32,1203.12,89,424,,,,,,,0.26,0.24,0.97,0.46,0.51,0.0,,,,
38517,30.81432342529297,-105.085693359375,76.64,5.35,0.59,0.09,-0.01,0.0,0.03,0.01,0.0,"[80.23,75.41,83.37,68.46,75.21,70.52,86.71,68.83,72.07,85.57]","[0.10,0.11,0.12,0.06,0.01,0.09,0.11,0.11,0.10,0.09]","[0.07,0.07,0.10,-0.05,-0.21,0.07,0.06,0.09,0.05,0.08]",50.73,1202.53,89,425,,,,,,,0.26,0.26,0.97,0.46,0.47,0.0,,,,
38517,30.81432342529297,-105.085693359375,76.64,5.35,0.59,0.09,-0.01,0.0,0.03,0.01,0.0,"[80.23,75.41,83.37,68.46,75.21,70.52,86.71,68.83,72.07,85.57]","[0.10,0.11,0.12,0.06,0.01,0.09,0.11,0.11,0.10,0.09]","[0.07,0.07,0.10,-0.05,-0.21,0.07,0.06,0.09,0.05,0.08]",50.73,1202.53,89,425,,,,,,,0.26,0.26,0.97,0.46,0.47,0.0,,,,
38518,30.81432342529297,-105.08563232421875,76.64,5.34,0.59,0.09,-0.01,0.0,0.03,0.01,0.0,"[80.23,75.42,83.37,68.46,75.21,70.52,86.70,68.82,72.07,85.57]","[0.10,0.11,0.12,0.06,0.01,0.09,0.11,0.11,0.10,0.09]","[0.07,0.07,0.10,-0.05,-0.22,0.07,0.06,0.09,0.05,0.09]",50.0,1201.8,89,426,,,,,,,0.27,0.26,0.97,0.46,0.46,0.0,,,,
38518,30.81432342529297,-105.08563232421875,76.64,5.34,0.59,0.09,-0.01,0.0,0.03,0.01,0.0,"[80.23,75.42,83.37,68.46,75.21,70.52,86.70,68.82,72.07,85.57]","[0.10,0.11,0.12,0.06,0.01,0.09,0.11,0.11,0.10,0.09]","[0.07,0.07,0.10,-0.05,-0.22,0.07,0.06,0.09,0.05,0.09]",50.0,1201.8,89,426,,,,,,,0.27,0.26,0.97,0.46,0.46,0.0,,,,
38519,30.81432342529297,-105.0855941772461,76.64,5.34,0.59,0.09,-0.01,0.0,0.03,0.01,0.0,"[80.23,75.42,83.37,68.46,75.21,70.52,86.70,68.82,72.07,85.57]","[0.10,0.11,0.12,0.06,0.01,0.09,0.11,0.11,0.10,0.09]","[0.07,0.07,0.10,-0.05,-0.22,0.07,0.06,0.09,0.05,0.09]",49.15,1200.95,89,427,,,,,,,0.27,0.26,0.97,0.46,0.46,0.0,,,,
38519,30.81432342529297,-105.0855941772461,76.64,5.34,0.59,0.09,-0.01,0.0,0.03,0.01,0.0,"[80.23,75.42,83.37,68.46,75.21,70.52,86.70,68.82,72.07,85.57]","[0.10,0.11,0.12,0.06,0.01,0.09,0.11,0.11,0.10,0.09]","[0.07,0.07,0.10,-0.05,-0.22,0.07,0.06,0.09,0.05,0.09]",49.15,1200.95,89,427,,,,,,,0.27,0.26,0.97,0.46,0.46,0.0,,,,
38944,30.814281463623047,-105.08573150634766,76.77,5.36,0.6,0.09,-0.01,0.0,0.02,0.02,0.0,"[80.35,75.51,83.51,68.57,75.40,70.63,86.81,68.93,72.25,85.71]","[0.10,0.11,0.12,0.06,0.00,0.09,0.11,0.11,0.10,0.09]","[0.02,0.03,0.06,0.01,-0.09,0.02,0.03,0.05,0.02,0.04]",50.26,1202.06,90,424,,,,,,,0.24,0.17,0.92,0.5,0.64,0.0,,,,
38944,30.814281463623047,-105.08573150634766,76.77,5.36,0.6,0.09,-0.01,0.0,0.02,0.02,0.0,"[80.35,75.51,83.51,68.57,75.40,70.63,86.81,68.93,72.25,85.71]","[0.10,0.11,0.12,0.06,0.00,0.09,0.11,0.11,0.10,0.09]","[0.02,0.03,0.06,0.01,-0.09,0.02,0.03,0.05,0.02,0.04]",50.26,1202.06,90,424,,,,,,,0.24,0.17,0.92,0.5,0.64,0.0,,,,
38945,30.814281463623047,-105.085693359375,76.74,5.29,0.59,0.09,-0.01,0.0,0.03,0.01,0.0,"[80.35,75.54,83.46,68.56,75.32,70.65,86.77,68.88,72.23,85.64]","[0.10,0.11,0.12,0.06,0.00,0.09,0.11,0.11,0.10,0.09]","[0.04,0.04,0.07,-0.01,-0.12,0.04,0.04,0.06,0.03,0.06]",49.61,1201.41,90,425,,,,,,,0.25,0.24,0.96,0.49,0.5,0.0,,,,
38945,30.814281463623047,-105.085693359375,76.74,5.29,0.59,0.09,-0.01,0.0,0.03,0.01,0.0,"[80.35,75.54,83.46,68.56,75.32,70.65,86.77,68.88,72.23,85.64]","[0.10,0.11,0.12,0.06,0.00,0.09,0.11,0.11,0.10,0.09]","[0.04,0.04,0.07,-0.01,-0.12,0.04,0.04,0.06,0.03,0.06]",49.61,1201.41,90,425,,,,,,,0.25,0.24,0.96,0.49,0.5,0.0,,,,
38946,30.814281463623047,-105.08563232421875,76.74,5.28,0.59,0.09,-0.01,0.0,0.03,0.01,0.0,"[80.35,75.54,83.46,68.56,75.32,70.65,86.77,68.87,72.23,85.63]","[0.10,0.11,0.12,0.06,0.00,0.09,0.11,0.11,0.10,0.09]","[0.05,0.05,0.08,-0.01,-0.12,0.04,0.04,0.06,0.03,0.06]",48.92,1200.72,90,426,,,,,,,0.25,0.25,0.96,0.49,0.49,0.0,,,,
38946,30.814281463623047,-105.08563232421875,76.74,5.28,0.59,0.09,-0.01,0.0,0.03,0.01,0.0,"[80.35,75.54,83.46,68.56,75.32,70.65,86.77,68.87,72.23,85.63]","[0.10,0.11,0.12,0.06,0.00,0.09,0.11,0.11,0.10,0.09]","[0.05,0.05,0.08,-0.01,-0.12,0.04,0.04,0.06,0.03,0.06]",48.92,1200.72,90,426,,,,,,,0.25,0.25,0.96,0.49,0.49,0.0,,,,
38947,30.814281463623047,-105.0855941772461,76.74,5.28,0.59,0.09,-0.01,0.0,0.03,0.01,0.0,"[80.35,75.54,83.46,68.56,75.32,70.65,86.77,68.87,72.23,85.63]","[0.10,0.11,0.12,0.06,0.00,0.09,0.11,0.11,0.10,0.09]","[0.05,0.05,0.08,-0.01,-0.12,0.04,0.04,0.06,0.03,0.06]",48.0,1199.8,90,427,,,,,,,0.25,0.25,0.96,0.49,0.49,0.0,,,,
38947,30.814281463623047,-105.0855941772461,76.74,5.28,0.59,0.09,-0.01,0.0,0.03,0.01,0.0,"[80.35,75.54,83.46,68.56,75.32,70.65,86.77,68.87,72.23,85.63]","[0.10,0.11,0.12,0.06,0.00,0.09,0.11,0.11,0.10,0.09]","[0.05,0.05,0.08,-0.01,-0.12,0.04,0.04,0.06,0.03,0.06]",48.0,1199.8,90,427,,,,,,,0.25,0.25,0.96,0.49,0.49,0.0,,,,
39372,30.814233779907227,-105.08573150634766,76.87,5.31,0.59,0.09,-0.01,0.0,0.01,0.02,0.0,"[80.47,75.63,83.60,68.66,75.51,70.76,86.87,68.97,72.41,85.77]","[0.10,0.11,0.12,0.06,0.00,0.10,0.11,0.11,0.10,0.09]","[-0.00,0.00,0.03,0.05,-0.02,-0.00,0.01,0.02,0.01,0.02]",48.99,1200.79,91,424,,,,,,,0.23,-0.1,0.36,0.53,0.7,0.33,,,,
39372,30.814233779907227,-105.08573150634766,76.87,5.31,0.59,0.09,-0.01,0.0,0.01,0.02,0.0,"[80.47,75.63,83.60,68.66,75.51,70.76,86.87,68.97,72.41,85.77]","[0.10,0.11,0.12,0.06,0.00,0.10,0.11,0.11,0.10,0.09]","[-0.00,0.00,0.03,0.05,-0.02,-0.00,0.01,0.02,0.01,0.02]",48.99,1200.79,91,424,,,,,,,0.23,-0.1,0.36,0.53,0.7,0.33,,,,
39373,30.814233779907227,-105.085693359375,76.84,5.23,0.58,0.09,-0.01,0.0,0.02,0.02,0.0,"[80.47,75.66,83.56,68.66,75.44,70.78,86.84,68.93,72.39,85.70]","[0.10,0.11,0.12,0.06,0.00,0.09,0.11,0.11,0.10,0.09]","[0.01,0.01,0.04,0.03,-0.03,0.02,0.02,0.03,0.02,0.03]",48.35,1200.15,91,425,,,,,,,0.23,0.08,0.62,0.53,0.7,0.22,,,,
39373,30.814233779907227,-105.085693359375,76.84,5.23,0.58,0.09,-0.01,0.0,0.02,0.02,0.0,"[80.47,75.66,83.56,68.66,75.44,70.78,86.84,68.93,72.39,85.70]","[0.10,0.11,0.12,0.06,0.00,0.09,0.11,0.11,0.10,0.09]","[0.01,0.01,0.04,0.03,-0.03,0.02,0.02,0.03,0.02,0.03]",48.35,1200.15,91,425,,,,,,,0.23,0.08,0.62,0.53,0.7,0.22,,,,
39374,30.814233779907227,-105.08563232421875,76.84,5.23,0.58,0.09,-0.01,0.0,0.02,0.01,0.0,"[80.47,75.67,83.55,68.66,75.43,70.78,86.83,68.92,72.39,85.70]","[0.10,0.11,0.12,0.06,0.00,0.09,0.11,0.11,0.10,0.09]","[0.02,0.02,0.05,0.03,-0.03,0.02,0.02,0.03,0.02,0.03]",47.77,1199.57,91,426,,,,,,,0.23,0.09,0.65,0.53,0.69,0.22,,,,
39374,30.814233779907227,-105.08563232421875,76.84,5.23,0.58,0.09,-0.01,0.0,0.02,0.01,0.0,"[80.47,75.67,83.55,68.66,75.43,70.78,86.83,68.92,72.39,85.70]","[0.10,0.11,0.12,0.06,0.00,0.09,0.11,0.11,0.10,0.09]","[0.02,0.02,0.05,0.03,-0.03,0.02,0.02,0.03,0.02,0.03]",47.77,1199.57,91,426,,,,,,,0.23,0.09,0.65,0.53,0.69,0.22,,,,
39375,30.814233779907227,-105.0855941772461,76.84,5.23,0.58,0.09,-0.01,0.0,0.02,0.01,0.0,"[80.47,75.67,83.55,68.66,75.43,70.78,86.83,68.92,72.39,85.70]","[0.10,0.11,0.12,0.06,0.00,0.09,0.11,0.11,0.10,0.09]","[0.02,0.02,0.05,0.03,-0.03,0.02,0.02,0.03,0.02,0.03]",47.04,1198.84,91,427,,,,,,,0.23,0.09,0.65,0.53,0.69,0.22,,,,
39375,30.814233779907227,-105.0855941772461,76.84,5.23,0.58,0.09,-0.01,0.0,0.02,0.01,0.0,"[80.47,75.67,83.55,68.66,75.43,70.78,86.83,68.92,72.39,85.70]","[0.10,0.11,0.12,0.06,0.00,0.09,0.11,0.11,0.10,0.09]","[0.02,0.02,0.05,0.03,-0.03,0.02,0.02,0.03,0.02,0.03]",47.04,1198.84,91,427,,,,,,,0.23,0.09,0.65,0.53,0.69,0.22,,,,
39800,30.814189910888672,-105.08573150634766,76.97,5.25,0.58,0.09,-0.01,0.0,0.0,0.02,0.0,"[80.59,75.76,83.69,68.75,75.62,70.88,86.94,69.02,72.57,85.84]","[0.11,0.11,0.12,0.07,0.00,0.10,0.11,0.12,0.10,0.09]","[-0.03,-0.02,0.01,0.08,0.05,-0.02,-0.01,-0.00,-0.00,-0.01]",47.78,1199.58,92,424,,,,,,,0.21,-0.34,-0.64,0.56,0.34,0.07,,,,
39800,30.814189910888672,-105.08573150634766,76.97,5.25,0.58,0.09,-0.01,0.0,0.0,0.02,0.0,"[80.59,75.76,83.69,68.75,75.62,70.88,86.94,69.02,72.57,85.84]","[0.11,0.11,0.12,0.07,0.00,0.10,0.11,0.12,0.10,0.09]","[-0.03,-0.02,0.01,0.08,0.05,-0.02,-0.01,-0.00,-0.00,-0.01]",47.78,1199.58,92,424,,,,,,,0.21,-0.34,-0.64,0.56,0.34,0.07,,,,
39801,30.814189910888672,-105.085693359375,76.94,5.18,0.58,0.09,-0.02,0.0,0.01,0.02,0.0,"[80.59,75.79,83.65,68.75,75.55,70.91,86.90,68.98,72.56,85.77]","[0.11,0.11,0.12,0.07,0.00,0.10,0.11,0.12,0.10,0.09]","[-0.01,-0.01,0.02,0.07,0.06,-0.00,-0.00,-0.00,0.00,0.00]",47.18,1198.98,92,425,,,,,,,0.21,-0.29,-0.74,0.56,0.42,0.04,,,,
39801,30.814189910888672,-105.085693359375,76.94,5.18,0.58,0.09,-0.02,0.0,0.01,0.02,0.0,"[80.59,75.79,83.65,68.75,75.55,70.91,86.90,68.98,72.56,85.77]","[0.11,0.11,0.12,0.07,0.00,0.10,0.11,0.12,0.10,0.09]","[-0.01,-0.01,0.02,0.07,0.06,-0.00,-0.00,-0.00,0.00,0.00]",47.18,1198.98,92,425,,,,,,,0.21,-0.29,-0.74,0.56,0.42,0.04,,,,
39802,30.814189910888672,-105.08563232421875,76.94,5.17,0.57,0.09,-0.02,0.0,0.01,0.02,0.0,"[80.59,75.79,83.64,68.75,75.55,70.91,86.90,68.98,72.55,85.76]","[0.11,0.11,0.12,0.07,0.00,0.10,0.11,0.12,0.10,0.09]","[-0.01,-0.01,0.02,0.07,0.07,-0.00,-0.00,0.00,0.00,0.00]",46.54,1198.34,92,426,,,,,,,0.21,-0.28,-0.75,0.56,0.43,0.03,,,,
39802,30.814189910888672,-105.08563232421875,76.94,5.17,0.57,0.09,-0.02,0.0,0.01,0.02,0.0,"[80.59,75.79,83.64,68.75,75.55,70.91,86.90,68.98,72.55,85.76]","[0.11,0.11,0.12,0.07,0.00,0.10,0.11,0.12,0.10,0.09]","[-0.01,-0.01,0.02,0.07,0.07,-0.00,-0.00,0.00,0.00,0.00]",46.54,1198.34,92,426,,,,,,,0.21,-0.28,-0.75,0.56,0.43,0.03,,,,
39803,30.814189910888672,-105.0855941772461,76.94,5.17,0.57,0.09,-0.02,0.0,0.01,0.02,0.0,"[80.59,75.79,83.64,68.75,75.55,70.91,86.90,68.98,72.55,85.76]","[0.11,0.11,0.12,0.07,0.00,0.10,0.11,0.12,0.10,0.09]","[-0.01,-0.01,0.02,0.07,0.07,-0.00,-0.00,0.00,0.00,0.00]",45.72,1197.52,92,427,,,,,,,0.21,-0.28,-0.75,0.56,0.43,0.03,,,,
39803,30.814189910888672,-105.0855941772461,76.94,5.17,0.57,0.09,-0.02,0.0,0.01,0.02,0.0,"[80.59,75.79,83.64,68.75,75.55,70.91,86.90,68.98,72.55,85.76]","[0.11,0.11,0.12,0.07,0.00,0.10,0.11,0.12,0.10,0.09]","[-0.01,-0.01,0.02,0.07,0.07,-0.00,-0.00,0.00,0.00,0.00]",45.72,1197.52,92,427,,,,,,,0.21,-0.28,-0.75,0.56,0.43,0.03,,,,
40228,30.814146041870117,-105.08573150634766,77.07,5.19,0.58,0.09,-0.02,0.0,-0.0,0.02,0.0,"[80.71,75.88,83.78,68.85,75.73,71.01,87.00,69.07,72.73,85.90]","[0.11,0.11,0.12,0.07,-0.01,0.10,0.11,0.12,0.10,0.09]","[-0.05,-0.04,-0.02,0.11,0.12,-0.04,-0.03,-0.03,-0.01,-0.03]",46.69,1198.49,93,424,,,,,,,0.19,-0.33,-0.84,0.59,0.35,0.0,,,,
40228,30.814146041870117,-105.08573150634766,77.07,5.19,0.58,0.09,-0.02,0.0,-0.0,0.02,0.0,"[80.71,75.88,83.78,68.85,75.73,71.01,87.00,69.07,72.73,85.90]","[0.11,0.11,0.12,0.07,-0.01,0.10,0.11,0.12,0.10,0.09]","[-0.05,-0.04,-0.02,0.11,0.12,-0.04,-0.03,-0.03,-0.01,-0.03]",46.69,1198.49,93,424,,,,,,,0.19,-0.33,-0.84,0.59,0.35,0.0,,,,
40229,30.814146041870117,-105.085693359375,77.04,5.12,0.57,0.09,-0.02,0.0,0.0,0.02,0.0,"[80.72,75.91,83.74,68.85,75.66,71.04,86.96,69.03,72.72,85.83]","[0.11,0.11,0.12,0.07,-0.01,0.10,0.11,0.12,0.10,0.09]","[-0.04,-0.04,-0.01,0.10,0.16,-0.03,-0.02,-0.03,-0.01,-0.03]",46.05,1197.85,93,425,,,,,,,0.19,-0.29,-0.91,0.6,0.41,0.0,,,,
40229,30.814146041870117,-105.085693359375,77.04,5.12,0.57,0.09,-0.02,0.0,0.0,0.02,0.0,"[80.72,75.91,83.74,68.85,75.66,71.04,86.96,69.03,72.72,85.83]","[0.11,0.11,0.12,0.07,-0.01,0.10,0.11,0.12,0.10,0.09]","[-0.04,-0.04,-0.01,0.10,0.16,-0.03,-0.02,-0.03,-0.01,-0.03]",46.05,1197.85,93,425,,,,,,,0.19,-0.29,-0.91,0.6,0.41,0.0,,,,
40230,30.814146041870117,-105.08563232421875,77.04,5.11,0.57,0.09,-0.02,0.0,0.01,0.02,0.0,"[80.72,75.91,83.73,68.85,75.66,71.04,86.96,69.03,72.72,85.83]","[0.11,0.11,0.12,0.07,-0.01,0.10,0.11,0.12,0.10,0.09]","[-0.04,-0.04,-0.01,0.10,0.16,-0.03,-0.02,-0.03,-0.01,-0.03]",45.31,1197.11,93,426,,,,,,,0.19,-0.29,-0.92,0.6,0.42,0.0,,,,
40230,30.814146041870117,-105.08563232421875,77.04,5.11,0.57,0.09,-0.02,0.0,0.01,0.02,0.0,"[80.72,75.91,83.73,68.85,75.66,71.04,86.96,69.03,72.72,85.83]","[0.11,0.11,0.12,0.07,-0.01,0.10,0.11,0.12,0.10,0.09]","[-0.04,-0.04,-0.01,0.10,0.16,-0.03,-0.02,-0.03,-0.01,-0.03]",45.31,1197.11,93,426,,,,,,,0.19,-0.29,-0.92,0.6,0.42,0.0,,,,
40231,30.814146041870117,-105.0855941772461,77.04,5.11,0.57,0.09,-0.02,0.0,0.01,0.02,0.0,"[80.72,75.91,83.73,68.85,75.66,71.04,86.96,69.03,72.72,85.83]","[0.11,0.11,0.12,0.07,-0.01,0.10,0.11,0.12,0.10,0.09]","[-0.04,-0.04,-0.01,0.10,0.16,-0.03,-0.02,-0.03,-0.01,-0.03]",44.51,1196.31,93,427,,,,,,,0.19,-0.29,-0.92,0.6,0.42,0.0,,,,
40231,30.814146041870117,-105.0855941772461,77.04,5.11,0.57,0.09,-0.02,0.0,0.01,0.02,0.0,"[80.72,75.91,83.73,68.85,75.66,71.04,86.96,69.03,72.72,85.83]","[0.11,0.11,0.12,0.07,-0.01,0.10,0.11,0.12,0.10,0.09]","[-0.04,-0.04,-0.01,0.10,0.16,-0.03,-0.02,-0.03,-0.01,-0.03]",44.51,1196.31,93,427,,,,,,,0.19,-0.29,-0.92,0.6,0.42,0.0,,,,
40656,30.814102172851562,-105.08573150634766,77.17,5.13,0.57,0.09,-0.02,0.0,-0.01,0.02,0.0,"[80.83,76.00,83.87,68.94,75.84,71.13,87.06,69.12,72.89,85.96]","[0.11,0.11,0.12,0.07,-0.01,0.10,0.11,0.12,0.10,0.09]","[-0.07,-0.06,-0.04,0.14,0.18,-0.06,-0.05,-0.06,-0.02,-0.05]",45.51,1197.31,94,424,,,,,,,0.18,-0.33,-0.88,0.62,0.36,0.0,,,,
40656,30.814102172851562,-105.08573150634766,77.17,5.13,0.57,0.09,-0.02,0.0,-0.01,0.02,0.0,"[80.83,76.00,83.87,68.94,75.84,71.13,87.06,69.12,72.89,85.96]","[0.11,0.11,0.12,0.07,-0.01,0.10,0.11,0.12,0.10,0.09]","[-0.07,-0.06,-0.04,0.14,0.18,-0.06,-0.05,-0.06,-0.02,-0.05]",45.51,1197.31,94,424,,,,,,,0.18,-0.33,-0.88,0.62,0.36,0.0,,,,
40657,30.814102172851562,-105.085693359375,77.15,5.06,0.56,0.09,-0.02,0.0,-0.0,0.02,0.0,"[80.84,76.03,83.83,68.94,75.78,71.16,87.03,69.08,72.88,85.90]","[0.11,0.11,0.12,0.07,-0.01,0.10,0.11,0.12,0.10,0.09]","[-0.07,-0.07,-0.04,0.14,0.25,-0.05,-0.04,-0.06,-0.03,-0.05]",44.79,1196.58,94,425,,,,,,,0.17,-0.29,-0.93,0.63,0.42,0.0,,,,
40657,30.814102172851562,-105.085693359375,77.15,5.06,0.56,0.09,-0.02,0.0,-0.0,0.02,0.0,"[80.84,76.03,83.83,68.94,75.78,71.16,87.03,69.08,72.88,85.90]","[0.11,0.11,0.12,0.07,-0.01,0.10,0.11,0.12,0.10,0.09]","[-0.07,-0.07,-0.04,0.14,0.25,-0.05,-0.04,-0.06,-0.03,-0.05]",44.79,1196.58,94,425,,,,,,,0.17,-0.29,-0.93,0.63,0.42,0.0,,,,
40658,30.814102172851562,-105.08563232421875,77.15,5.05,0.56,0.09,-0.02,0.0,-0.0,0.02,0.0,"[80.84,76.04,83.83,68.95,75.77,71.17,87.02,69.08,72.88,85.89]","[0.11,0.11,0.12,0.07,-0.01,0.10,0.11,0.12,0.10,0.09]","[-0.07,-0.07,-0.04,0.14,0.25,-0.05,-0.04,-0.06,-0.03,-0.05]",44.11,1195.91,94,426,,,,,,,0.17,-0.29,-0.94,0.63,0.42,0.0,,,,
40658,30.814102172851562,-105.08563232421875,77.15,5.05,0.56,0.09,-0.02,0.0,-0.0,0.02,0.0,"[80.84,76.04,83.83,68.95,75.77,71.17,87.02,69.08,72.88,85.89]","[0.11,0.11,0.12,0.07,-0.01,0.10,0.11,0.12,0.10,0.09]","[-0.07,-0.07,-0.04,0.14,0.25,-0.05,-0.04,-0.06,-0.03,-0.05]",44.11,1195.91,94,426,,,,,,,0.17,-0.29,-0.94,0.63,0.42,0.0,,,,
40659,30.814102172851562,-105.0855941772461,77.15,5.05,0.56,0.09,-0.02,0.0,-0.0,0.02,0.0,"[80.84,76.04,83.83,68.95,75.77,71.17,87.02,69.08,72.88,85.89]","[0.11,0.11,0.12,0.07,-0.01,0.10,0.11,0.12,0.10,0.09]","[-0.07,-0.07,-0.04,0.14,0.25,-0.05,-0.04,-0.06,-0.03,-0.05]",43.52,1195.32,94,427,,,,,,,0.17,-0.29,-0.94,0.63,0.42,0.0,,,,
40659,30.814102172851562,-105.0855941772461,77.15,5.05,0.56,0.09,-0.02,0.0,-0.0,0.02,0.0,"[80.84,76.04,83.83,68.95,75.77,71.17,87.02,69.08,72.88,85.89]","[0.11,0.11,0.12,0.07,-0.01,0.10,0.11,0.12,0.10,0.09]","[-0.07,-0.07,-0.04,0.14,0.25,-0.05,-0.04,-0.06,-0.03,-0.05]",43.52,1195.32,94,427,,,,,,,0.17,-0.29,-0.94,0.63,0.42,0.0,,,,
41084,30.814054489135742,-105.08573150634766,77.24,5.08,0.56,0.09,-0.02,0.0,-0.01,0.02,0.0,"[80.92,76.08,83.93,69.01,75.92,71.22,87.10,69.18,73.01,86.00]","[0.11,0.11,0.12,0.07,-0.01,0.10,0.11,0.12,0.10,0.09]","[-0.08,-0.07,-0.05,0.15,0.19,-0.06,-0.05,-0.06,-0.03,-0.06]",44.47,1196.27,95,424,,,,,,,0.17,-0.33,-0.89,0.63,0.36,0.0,,,,
41084,30.814054489135742,-105.08573150634766,77.24,5.08,0.56,0.09,-0.02,0.0,-0.01,0.02,0.0,"[80.92,76.08,83.93,69.01,75.92,71.22,87.10,69.18,73.01,86.00]","[0.11,0.11,0.12,0.07,-0.01,0.10,0.11,0.12,0.10,0.09]","[-0.08,-0.07,-0.05,0.15,0.19,-0.06,-0.05,-0.06,-0.03,-0.06]",44.47,1196.27,95,424,,,,,,,0.17,-0.33,-0.89,0.63,0.36,0.0,,,,
41085,30.814054489135742,-105.085693359375,77.22,5.01,0.56,0.09,-0.02,0.0,-0.01,0.02,0.0,"[80.93,76.12,83.90,69.02,75.86,71.25,87.06,69.14,73.00,85.93]","[0.11,0.11,0.12,0.07,-0.01,0.10,0.11,0.12,0.10,0.09]","[-0.08,-0.07,-0.05,0.15,0.26,-0.05,-0.05,-0.07,-0.03,-0.06]",43.55,1195.35,95,425,,,,,,,0.17,-0.3,-0.93,0.64,0.41,0.0,,,,
41085,30.814054489135742,-105.085693359375,77.22,5.01,0.56,0.09,-0.02,0.0,-0.01,0.02,0.0,"[80.93,76.12,83.90,69.02,75.86,71.25,87.06,69.14,73.00,85.93]","[0.11,0.11,0.12,0.07,-0.01,0.10,0.11,0.12,0.10,0.09]","[-0.08,-0.07,-0.05,0.15,0.26,-0.05,-0.05,-0.07,-0.03,-0.06]",43.55,1195.35,95,425,,,,,,,0.17,-0.3,-0.93,0.64,0.41,0.0,,,,
41086,30.814054489135742,-105.08563232421875,77.22,5.0,0.55,0.09,-0.02,0.0,-0.01,0.02,0.0,"[80.93,76.12,83.89,69.02,75.85,71.26,87.06,69.13,73.00,85.93]","[0.11,0.11,0.12,0.07,-0.01,0.10,0.11,0.12,0.10,0.09]","[-0.08,-0.08,-0.05,0.15,0.26,-0.05,-0.05,-0.07,-0.03,-0.06]",43.01,1194.81,95,426,,,,,,,0.17,-0.29,-0.93,0.64,0.41,0.0,,,,
41086,30.814054489135742,-105.08563232421875,77.22,5.0,0.55,0.09,-0.02,0.0,-0.01,0.02,0.0,"[80.93,76.12,83.89,69.02,75.85,71.26,87.06,69.13,73.00,85.93]","[0.11,0.11,0.12,0.07,-0.01,0.10,0.11,0.12,0.10,0.09]","[-0.08,-0.08,-0.05,0.15,0.26,-0.05,-0.05,-0.07,-0.03,-0.06]",43.01,1194.81,95,426,,,,,,,0.17,-0.29,-0.93,0.64,0.41,0.0,,,,
41087,30.814054489135742,-105.0855941772461,77.22,5.0,0.55,0.09,-0.02,0.0,-0.01,0.02,0.0,"[80.93,76.12,83.89,69.02,75.85,71.26,87.06,69.13,73.00,85.93]","[0.11,0.11,0.12,0.07,-0.01,0.10,0.11,0.12,0.10,0.09]","[-0.08,-0.08,-0.05,0.15,0.26,-0.05,-0.05,-0.07,-0.03,-0.06]",42.7,1194.5,95,427,,,,,,,0.17,-0.29,-0.93,0.64,0.41,0.0,,,,
41087,30.814054489135742,-105.0855941772461,77.22,5.0,0.55,0.09,-0.02,0.0,-0.01,0.02,0.0,"[80.93,76.12,83.89,69.02,75.85,71.26,87.06,69.13,73.00,85.93]","[0.11,0.11,0.12,0.07,-0.01,0.10,0.11,0.12,0.10,0.09]","[-0.08,-0.08,-0.05,0.15,0.26,-0.05,-0.05,-0.07,-0.03,-0.06]",42.7,1194.5,95,427,,,,,,,0.17,-0.29,-0.93,0.64,0.41,0.0,,,,
41512,30.814010620117188,-105.08573150634766,77.3,5.02,0.56,0.09,-0.02,0.0,-0.01,0.02,0.0,"[80.99,76.15,83.99,69.07,75.98,71.30,87.12,69.23,73.12,86.02]","[0.11,0.11,0.12,0.07,-0.02,0.10,0.11,0.12,0.10,0.09]","[-0.08,-0.06,-0.05,0.14,0.18,-0.06,-0.05,-0.07,-0.04,-0.06]",43.31,1195.11,96,424,,,,,,,0.17,-0.33,-0.88,0.63,0.34,0.0,,,,
41512,30.814010620117188,-105.08573150634766,77.3,5.02,0.56,0.09,-0.02,0.0,-0.01,0.02,0.0,"[80.99,76.15,83.99,69.07,75.98,71.30,87.12,69.23,73.12,86.02]","[0.11,0.11,0.12,0.07,-0.02,0.10,0.11,0.12,0.10,0.09]","[-0.08,-0.06,-0.05,0.14,0.18,-0.06,-0.05,-0.07,-0.04,-0.06]",43.31,1195.11,96,424,,,,,,,0.17,-0.33,-0.88,0.63,0.34,0.0,,,,
41513,30.814010620117188,-105.085693359375,77.28,4.95,0.55,0.09,-0.02,0.0,-0.01,0.02,0.0,"[81.01,76.19,83.95,69.08,75.92,71.33,87.08,69.19,73.11,85.96]","[0.11,0.11,0.12,0.07,-0.02,0.10,0.11,0.12,0.10,0.09]","[-0.07,-0.07,-0.05,0.14,0.23,-0.05,-0.05,-0.07,-0.04,-0.06]",42.61,1194.41,96,425,,,,,,,0.17,-0.31,-0.92,0.64,0.39,0.0,,,,
41513,30.814010620117188,-105.085693359375,77.28,4.95,0.55,0.09,-0.02,0.0,-0.01,0.02,0.0,"[81.01,76.19,83.95,69.08,75.92,71.33,87.08,69.19,73.11,85.96]","[0.11,0.11,0.12,0.07,-0.02,0.10,0.11,0.12,0.10,0.09]","[-0.07,-0.07,-0.05,0.14,0.23,-0.05,-0.05,-0.07,-0.04,-0.06]",42.61,1194.41,96,425,,,,,,,0.17,-0.31,-0.92,0.64,0.39,0.0,,,,
41514,30.814010620117188,-105.08563232421875,77.28,4.95,0.55,0.09,-0.02,0.0,-0.01,0.02,0.0,"[81.01,76.19,83.95,69.08,75.92,71.33,87.08,69.19,73.11,85.95]","[0.11,0.11,0.12,0.07,-0.02,0.10,0.11,0.12,0.10,0.09]","[-0.07,-0.07,-0.05,0.14,0.23,-0.05,-0.05,-0.07,-0.04,-0.06]",42.31,1194.11,96,426,,,,,,,0.17,-0.31,-0.93,0.64,0.39,0.0,,,,
41514,30.814010620117188,-105.08563232421875,77.28,4.95,0.55,0.09,-0.02,0.0,-0.01,0.02,0.0,"[81.01,76.19,83.95,69.08,75.92,71.33,87.08,69.19,73.11,85.95]","[0.11,0.11,0.12,0.07,-0.02,0.10,0.11,0.12,0.10,0.09]","[-0.07,-0.07,-0.05,0.14,0.23,-0.05,-0.05,-0.07,-0.04,-0.06]",42.31,1194.11,96,426,,,,,,,0.17,-0.31,-0.93,0.64,0.39,0.0,,,,
41515,30.814010620117188,-105.0855941772461,77.28,4.95,0.55,0.09,-0.02,0.0,-0.01,0.02,0.0,"[81.01,76.19,83.95,69.08,75.92,71.33,87.08,69.19,73.11,85.95]","[0.11,0.11,0.12,0.07,-0.02,0.10,0.11,0.12,0.10,0.09]","[-0.07,-0.07,-0.05,0.14,0.23,-0.05,-0.05,-0.07,-0.04,-0.06]",41.98,1193.78,96,427,,,,,,,0.17,-0.31,-0.93,0.64,0.39,0.0,,,,
41515,30.814010620117188,-105.0855941772461,77.28,4.95,0.55,0.09,-0.02,0.0,-0.01,0.02,0.0,"[81.01,76.19,83.95,69.08,75.92,71.33,87.08,69.19,73.11,85.95]","[0.11,0.11,0.12,0.07,-0.02,0.10,0.11,0.12,0.10,0.09]","[-0.07,-0.07,-0.05,0.14,0.23,-0.05,-0.05,-0.07,-0.04,-0.06]",41.98,1193.78,96,427,,,,,,,0.17,-0.31,-0.93,0.64,0.39,0.0,,,,
41940,30.81396484375,-105.08573150634766,77.36,4.97,0.55,0.09,-0.01,0.0,-0.02,0.02,0.0,"[81.07,76.22,84.04,69.13,76.04,71.37,87.14,69.29,73.23,86.04]","[0.11,0.11,0.12,0.07,-0.03,0.10,0.11,0.12,0.11,0.10]","[-0.07,-0.06,-0.05,0.14,0.17,-0.05,-0.05,-0.07,-0.04,-0.06]",42.09,1193.89,97,424,,,,,,,0.17,-0.34,-0.87,0.64,0.33,0.0,,,,
41940,30.81396484375,-105.08573150634766,77.36,4.97,0.55,0.09,-0.01,0.0,-0.02,0.02,0.0,"[81.07,76.22,84.04,69.13,76.04,71.37,87.14,69.29,73.23,86.04]","[0.11,0.11,0.12,0.07,-0.03,0.10,0.11,0.12,0.11,0.10]","[-0.07,-0.06,-0.05,0.14,0.17,-0.05,-0.05,-0.07,-0.04,-0.06]",42.09,1193.89,97,424,,,,,,,0.17,-0.34,-0.87,0.64,0.33,0.0,,,,
41941,30.81396484375,-105.085693359375,77.35,4.9,0.54,0.09,-0.02,0.0,-0.01,0.02,0.0,"[81.08,76.25,84.01,69.14,75.99,71.40,87.11,69.25,73.23,85.98]","[0.11,0.11,0.12,0.07,-0.03,0.10,0.11,0.12,0.10,0.09]","[-0.07,-0.06,-0.05,0.14,0.20,-0.04,-0.05,-0.07,-0.05,-0.06]",41.95,1193.75,97,425,,,,,,,0.17,-0.32,-0.91,0.65,0.37,0.0,,,,
41941,30.81396484375,-105.085693359375,77.35,4.9,0.54,0.09,-0.02,0.0,-0.01,0.02,0.0,"[81.08,76.25,84.01,69.14,75.99,71.40,87.11,69.25,73.23,85.98]","[0.11,0.11,0.12,0.07,-0.03,0.10,0.11,0.12,0.10,0.09]","[-0.07,-0.06,-0.05,0.14,0.20,-0.04,-0.05,-0.07,-0.05,-0.06]",41.95,1193.75,97,425,,,,,,,0.17,-0.32,-0.91,0.65,0.37,0.0,,,,
41942,30.81396484375,-105.08563232421875,77.35,4.89,0.54,0.09,-0.02,0.0,-0.01,0.02,0.0,"[81.09,76.26,84.01,69.15,75.98,71.41,87.10,69.25,73.23,85.98]","[0.11,0.11,0.12,0.07,-0.03,0.10,0.11,0.12,0.10,0.09]","[-0.07,-0.06,-0.05,0.14,0.21,-0.04,-0.05,-0.07,-0.05,-0.06]",41.46,1193.26,97,426,,,,,,,0.17,-0.32,-0.92,0.65,0.37,0.0,,,,
41942,30.81396484375,-105.08563232421875,77.35,4.89,0.54,0.09,-0.02,0.0,-0.01,0.02,0.0,"[81.09,76.26,84.01,69.15,75.98,71.41,87.10,69.25,73.23,85.98]","[0.11,0.11,0.12,0.07,-0.03,0.10,0.11,0.12,0.10,0.09]","[-0.07,-0.06,-0.05,0.14,0.21,-0.04,-0.05,-0.07,-0.05,-0.06]",41.46,1193.26,97,426,,,,,,,0.17,-0.32,-0.92,0.65,0.37,0.0,,,,
41943,30.81396484375,-105.0855941772461,77.35,4.89,0.54,0.09,-0.02,0.0,-0.01,0.02,0.0,"[81.09,76.26,84.01,69.15,75.98,71.41,87.10,69.25,73.23,85.98]","[0.11,0.11,0.12,0.07,-0.03,0.10,0.11,0.12,0.10,0.09]","[-0.07,-0.06,-0.05,0.14,0.21,-0.04,-0.05,-0.07,-0.05,-0.06]",41.03,1192.82,97,427,,,,,,,0.17,-0.32,-0.92,0.65,0.37,0.0,,,,
41943,30.81396484375,-105.0855941772461,77.35,4.89,0.54,0.09,-0.02,0.0,-0.01,0.02,0.0,"[81.09,76.26,84.01,69.15,75.98,71.41,87.10,69.25,73.23,85.98]","[0.11,0.11,0.12,0.07,-0.03,0.10,0.11,0.12,0.10,0.09]","[-0.07,-0.06,-0.05,0.14,0.21,-0.04,-0.05,-0.07,-0.05,-0.06]",41.03,1192.82,97,427,,,,,,,0.17,-0.32,-0.92,0.65,0.37,0.0,,,,
42368,30.813920974731445,-105.08573150634766,77.42,4.92,0.55,0.09,-0.01,0.0,-0.02,0.02,0.0,"[81.15,76.28,84.10,69.20,76.11,71.44,87.16,69.34,73.34,86.06]","[0.11,0.11,0.12,0.07,-0.03,0.10,0.11,0.12,0.11,0.10]","[-0.07,-0.06,-0.05,0.13,0.15,-0.04,-0.05,-0.07,-0.05,-0.05]",41.5,1193.3,98,424,,,,,,,0.17,-0.35,-0.86,0.64,0.32,0.0,,,,
42368,30.813920974731445,-105.08573150634766,77.42,4.92,0.55,0.09,-0.01,0.0,-0.02,0.02,0.0,"[81.15,76.28,84.10,69.20,76.11,71.44,87.16,69.34,73.34,86.06]","[0.11,0.11,0.12,0.07,-0.03,0.10,0.11,0.12,0.11,0.10]","[-0.07,-0.06,-0.05,0.13,0.15,-0.04,-0.05,-0.07,-0.05,-0.05]",41.5,1193.3,98,424,,,,,,,0.17,-0.35,-0.86,0.64,0.32,0.0,,,,
42369,30.813920974731445,-105.085693359375,77.41,4.85,0.54,0.09,-0.01,0.0,-0.01,0.01,0.0,"[81.16,76.32,84.07,69.21,76.06,71.48,87.13,69.31,73.34,86.01]","[0.11,0.11,0.12,0.07,-0.03,0.10,0.11,0.12,0.11,0.10]","[-0.07,-0.06,-0.05,0.13,0.18,-0.03,-0.06,-0.08,-0.05,-0.05]",41.22,1193.02,98,425,,,,,,,0.16,-0.33,-0.9,0.65,0.35,0.0,,,,
42369,30.813920974731445,-105.085693359375,77.41,4.85,0.54,0.09,-0.01,0.0,-0.01,0.01,0.0,"[81.16,76.32,84.07,69.21,76.06,71.48,87.13,69.31,73.34,86.01]","[0.11,0.11,0.12,0.07,-0.03,0.10,0.11,0.12,0.11,0.10]","[-0.07,-0.06,-0.05,0.13,0.18,-0.03,-0.06,-0.08,-0.05,-0.05]",41.22,1193.02,98,425,,,,,,,0.16,-0.33,-0.9,0.65,0.35,0.0,,,,
42370,30.813920974731445,-105.08563232421875,77.41,4.84,0.54,0.09,-0.01,0.0,-0.01,0.01,0.0,"[81.16,76.33,84.06,69.21,76.05,71.48,87.13,69.30,73.34,86.00]","[0.11,0.11,0.12,0.07,-0.03,0.10,0.11,0.12,0.11,0.10]","[-0.07,-0.06,-0.05,0.13,0.18,-0.03,-0.06,-0.08,-0.05,-0.05]",40.74,1192.54,98,426,,,,,,,0.16,-0.33,-0.9,0.65,0.35,0.0,,,,
42370,30.813920974731445,-105.08563232421875,77.41,4.84,0.54,0.09,-0.01,0.0,-0.01,0.01,0.0,"[81.16,76.33,84.06,69.21,76.05,71.48,87.13,69.30,73.34,86.00]","[0.11,0.11,0.12,0.07,-0.03,0.10,0.11,0.12,0.11,0.10]","[-0.07,-0.06,-0.05,0.13,0.18,-0.03,-0.06,-0.08,-0.05,-0.05]",40.74,1192.54,98,426,,,,,,,0.16,-0.33,-0.9,0.65,0.35,0.0,,,,
42371,30.813920974731445,-105.0855941772461,77.41,4.84,0.54,0.09,-0.01,0.0,-0.01,0.01,0.0,"[81.16,76.33,84.06,69.21,76.05,71.48,87.13,69.30,73.34,86.00]","[0.11,0.11,0.12,0.07,-0.03,0.10,0.11,0.12,0.11,0.10]","[-0.07,-0.06,-0.05,0.13,0.18,-0.03,-0.06,-0.08,-0.05,-0.05]",40.36,1192.16,98,427,,,,,,,0.16,-0.33,-0.9,0.65,0.35,0.0,,,,
42371,30.813920974731445,-105.0855941772461,77.41,4.84,0.54,0.09,-0.01,0.0,-0.01,0.01,0.0,"[81.16,76.33,84.06,69.21,76.05,71.48,87.13,69.30,73.34,86.00]","[0.11,0.11,0.12,0.07,-0.03,0.10,0.11,0.12,0.11,0.10]","[-0.07,-0.06,-0.05,0.13,0.18,-0.03,-0.06,-0.08,-0.05,-0.05]",40.36,1192.16,98,427,,,,,,,0.16,-0.33,-0.9,0.65,0.35,0.0,,,,
42796,30.81387710571289,-105.08573150634766,77.48,4.86,0.54,0.09,-0.01,0.0,-0.02,0.02,0.0,"[81.22,76.35,84.15,69.26,76.17,71.52,87.18,69.40,73.45,86.09]","[0.11,0.11,0.12,0.07,-0.04,0.10,0.11,0.12,0.11,0.10]","[-0.07,-0.05,-0.05,0.13,0.14,-0.03,-0.06,-0.07,-0.06,-0.05]",40.9,1192.7,99,424,,,,,,,0.17,-0.36,-0.85,0.64,0.31,0.0,,,,
42796,30.81387710571289,-105.08573150634766,77.48,4.86,0.54,0.09,-0.01,0.0,-0.02,0.02,0.0,"[81.22,76.35,84.15,69.26,76.17,71.52,87.18,69.40,73.45,86.09]","[0.11,0.11,0.12,0.07,-0.04,0.10,0.11,0.12,0.11,0.10]","[-0.07,-0.05,-0.05,0.13,0.14,-0.03,-0.06,-0.07,-0.06,-0.05]",40.9,1192.7,99,424,,,,,,,0.17,-0.36,-0.85,0.64,0.31,0.0,,,,
42797,30.81387710571289,-105.085693359375,77.47,4.79,0.53,0.09,-0.01,0.0,-0.02,0.01,0.0,"[81.24,76.39,84.12,69.27,76.12,71.55,87.15,69.36,73.45,86.03]","[0.11,0.11,0.12,0.07,-0.04,0.10,0.11,0.12,0.11,0.10]","[-0.07,-0.05,-0.05,0.13,0.16,-0.02,-0.06,-0.08,-0.06,-0.05]",40.49,1192.29,99,425,,,,,,,0.16,-0.35,-0.87,0.65,0.32,0.0,,,,
42797,30.81387710571289,-105.085693359375,77.47,4.79,0.53,0.09,-0.01,0.0,-0.02,0.01,0.0,"[81.24,76.39,84.12,69.27,76.12,71.55,87.15,69.36,73.45,86.03]","[0.11,0.11,0.12,0.07,-0.04,0.10,0.11,0.12,0.11,0.10]","[-0.07,-0.05,-0.05,0.13,0.16,-0.02,-0.06,-0.08,-0.06,-0.05]",40.49,1192.29,99,425,,,,,,,0.16,-0.35,-0.87,0.65,0.32,0.0,,,,
42798,30.81387710571289,-105.08563232421875,77.47,4.78,0.53,0.09,-0.01,0.0,-0.02,0.01,0.0,"[81.24,76.40,84.12,69.27,76.12,71.56,87.15,69.36,73.45,86.03]","[0.11,0.11,0.12,0.07,-0.04,0.10,0.11,0.12,0.11,0.10]","[-0.06,-0.05,-0.05,0.13,0.16,-0.02,-0.06,-0.08,-0.06,-0.05]",40.18,1191.97,99,426,,,,,,,0.16,-0.35,-0.87,0.65,0.33,0.0,,,,
42798,30.81387710571289,-105.08563232421875,77.47,4.78,0.53,0.09,-0.01,0.0,-0.02,0.01,0.0,"[81.24,76.40,84.12,69.27,76.12,71.56,87.15,69.36,73.45,86.03]","[0.11,0.11,0.12,0.07,-0.04,0.10,0.11,0.12,0.11,0.10]","[-0.06,-0.05,-0.05,0.13,0.16,-0.02,-0.06,-0.08,-0.06,-0.05]",40.18,1191.97,99,426,,,,,,,0.16,-0.35,-0.87,0.65,0.33,0.0,,,,
42799,30.81387710571289,-105.0855941772461,77.47,4.78,0.53,0.09,-0.01,0.0,-0.02,0.01,0.0,"[81.24,76.40,84.12,69.27,76.12,71.56,87.15,69.36,73.45,86.03]","[0.11,0.11,0.12,0.07,-0.04,0.10,0.11,0.12,0.11,0.10]","[-0.06,-0.05,-0.05,0.13,0.16,-0.02,-0.06,-0.08,-0.06,-0.05]",39.79,1191.58,99,427,,,,,,,0.16,-0.35,-0.87,0.65,0.33,0.0,,,,
42799,30.81387710571289,-105.0855941772461,77.47,4.78,0.53,0.09,-0.01,0.0,-0.02,0.01,0.0,"[81.24,76.40,84.12,69.27,76.12,71.56,87.15,69.36,73.45,86.03]","[0.11,0.11,0.12,0.07,-0.04,0.10,0.11,0.12,0.11,0.10]","[-0.06,-0.05,-0.05,0.13,0.16,-0.02,-0.06,-0.08,-0.06,-0.05]",39.79,1191.58,99,427,,,,,,,0.16,-0.35,-0.87,0.65,0.33,0.0,,,,
43224,30.813831329345703,-105.08573150634766,77.54,4.81,0.53,0.09,-0.01,0.0,-0.02,0.02,0.0,"[81.30,76.42,84.21,69.32,76.24,71.59,87.21,69.45,73.56,86.11]","[0.11,0.11,0.12,0.07,-0.05,0.10,0.11,0.12,0.11,0.10]","[-0.07,-0.05,-0.05,0.13,0.13,-0.03,-0.06,-0.07,-0.06,-0.05]",40.34,1192.14,100,424,,,,,,,0.17,-0.36,-0.83,0.64,0.3,0.0,,,,
43224,30.813831329345703,-105.08573150634766,77.54,4.81,0.53,0.09,-0.01,0.0,-0.02,0.02,0.0,"[81.30,76.42,84.21,69.32,76.24,71.59,87.21,69.45,73.56,86.11]","[0.11,0.11,0.12,0.07,-0.05,0.10,0.11,0.12,0.11,0.10]","[-0.07,-0.05,-0.05,0.13,0.13,-0.03,-0.06,-0.07,-0.06,-0.05]",40.34,1192.14,100,424,,,,,,,0.17,-0.36,-0.83,0.64,0.3,0.0,,,,
43225,30.813831329345703,-105.085693359375,77.53,4.74,0.53,0.09,-0.01,0.0,-0.02,0.01,0.0,"[81.32,76.46,84.18,69.33,76.19,71.63,87.17,69.42,73.56,86.06]","[0.11,0.11,0.12,0.07,-0.05,0.10,0.11,0.12,0.11,0.10]","[-0.06,-0.04,-0.05,0.12,0.13,-0.01,-0.06,-0.08,-0.07,-0.05]",40.03,1191.83,100,425,,,,,,,0.16,-0.36,-0.83,0.65,0.3,0.0,,,,
43225,30.813831329345703,-105.085693359375,77.53,4.74,0.53,0.09,-0.01,0.0,-0.02,0.01,0.0,"[81.32,76.46,84.18,69.33,76.19,71.63,87.17,69.42,73.56,86.06]","[0.11,0.11,0.12,0.07,-0.05,0.10,0.11,0.12,0.11,0.10]","[-0.06,-0.04,-0.05,0.12,0.13,-0.01,-0.06,-0.08,-0.07,-0.05]",40.03,1191.83,100,425,,,,,,,0.16,-0.36,-0.83,0.65,0.3,0.0,,,,
43226,30.813831329345703,-105.08563232421875,77.53,4.73,0.53,0.09,-0.01,0.0,-0.02,0.01,0.0,"[81.32,76.46,84.18,69.34,76.19,71.63,87.17,69.42,73.56,86.05]","[0.11,0.11,0.12,0.07,-0.05,0.10,0.11,0.12,0.11,0.10]","[-0.06,-0.04,-0.05,0.12,0.13,-0.01,-0.06,-0.08,-0.07,-0.05]",39.77,1191.57,100,426,,,,,,,0.16,-0.36,-0.83,0.65,0.3,0.0,,,,
43226,30.813831329345703,-105.08563232421875,77.53,4.73,0.53,0.09,-0.01,0.0,-0.02,0.01,0.0,"[81.32,76.46,84.18,69.34,76.19,71.63,87.17,69.42,73.56,86.05]","[0.11,0.11,0.12,0.07,-0.05,0.10,0.11,0.12,0.11,0.10]","[-0.06,-0.04,-0.05,0.12,0.13,-0.01,-0.06,-0.08,-0.07,-0.05]",39.77,1191.57,100,426,,,,,,,0.16,-0.36,-0.83,0.65,0.3,0.0,,,,
43227,30.813831329345703,-105.0855941772461,77.53,4.73,0.53,0.09,-0.01,0.0,-0.02,0.01,0.0,"[81.32,76.46,84.18,69.34,76.19,71.63,87.17,69.42,73.56,86.05]","[0.11,0.11,0.12,0.07,-0.05,0.10,0.11,0.12,0.11,0.10]","[-0.06,-0.04,-0.05,0.12,0.13,-0.01,-0.06,-0.08,-0.07,-0.05]",39.41,1191.21,100,427,,,,,,,0.16,-0.36,-0.83,0.65,0.3,0.0,,,,
43227,30.813831329345703,-105.0855941772461,77.53,4.73,0.53,0.09,-0.01,0.0,-0.02,0.01,0.0,"[81.32,76.46,84.18,69.34,76.19,71.63,87.17,69.42,73.56,86.05]","[0.11,0.11,0.12,0.07,-0.05,0.10,0.11,0.12,0.11,0.10]","[-0.06,-0.04,-0.05,0.12,0.13,-0.01,-0.06,-0.08,-0.07,-0.05]",39.41,1191.21,100,427,,,,,,,0.16,-0.36,-0.83,0.65,0.3,0.0,,,,
43652,30.81378746032715,-105.08573150634766,77.59,4.77,0.53,0.09,-0.01,0.0,-0.02,0.02,0.0,"[81.36,76.48,84.25,69.37,76.28,71.66,87.23,69.52,73.63,86.13]","[0.11,0.11,0.12,0.07,-0.05,0.10,0.11,0.12,0.11,0.10]","[-0.07,-0.05,-0.05,0.12,0.12,-0.03,-0.06,-0.07,-0.07,-0.05]",39.87,1191.66,101,424,,,,,,,0.17,-0.36,-0.82,0.63,0.3,0.0,,,,
43652,30.81378746032715,-105.08573150634766,77.59,4.77,0.53,0.09,-0.01,0.0,-0.02,0.02,0.0,"[81.36,76.48,84.25,69.37,76.28,71.66,87.23,69.52,73.63,86.13]","[0.11,0.11,0.12,0.07,-0.05,0.10,0.11,0.12,0.11,0.10]","[-0.07,-0.05,-0.05,0.12,0.12,-0.03,-0.06,-0.07,-0.07,-0.05]",39.87,1191.66,101,424,,,,,,,0.17,-0.36,-0.82,0.63,0.3,0.0,,,,
43653,30.81378746032715,-105.085693359375,77.58,4.7,0.52,0.09,-0.01,0.0,-0.02,0.01,0.0,"[81.38,76.52,84.22,69.38,76.23,71.70,87.20,69.49,73.64,86.08]","[0.11,0.11,0.12,0.07,-0.05,0.10,0.11,0.12,0.11,0.10]","[-0.06,-0.04,-0.05,0.12,0.12,-0.02,-0.06,-0.08,-0.07,-0.05]",39.65,1191.45,101,425,,,,,,,0.17,-0.37,-0.82,0.64,0.29,0.0,,,,
43653,30.81378746032715,-105.085693359375,77.58,4.7,0.52,0.09,-0.01,0.0,-0.02,0.01,0.0,"[81.38,76.52,84.22,69.38,76.23,71.70,87.20,69.49,73.64,86.08]","[0.11,0.11,0.12,0.07,-0.05,0.10,0.11,0.12,0.11,0.10]","[-0.06,-0.04,-0.05,0.12,0.12,-0.02,-0.06,-0.08,-0.07,-0.05]",39.65,1191.45,101,425,,,,,,,0.17,-0.37,-0.82,0.64,0.29,0.0,,,,
43654,30.81378746032715,-105.08563232421875,77.58,4.7,0.52,0.09,-0.01,0.0,-0.02,0.01,0.0,"[81.38,76.52,84.22,69.38,76.23,71.70,87.20,69.49,73.64,86.08]","[0.11,0.11,0.12,0.07,-0.05,0.10,0.11,0.12,0.11,0.10]","[-0.06,-0.04,-0.05,0.12,0.12,-0.02,-0.06,-0.08,-0.07,-0.05]",39.45,1191.24,101,426,,,,,,,0.17,-0.37,-0.82,0.64,0.29,0.0,,,,
43654,30.81378746032715,-105.08563232421875,77.58,4.7,0.52,0.09,-0.01,0.0,-0.02,0.01,0.0,"[81.38,76.52,84.22,69.38,76.23,71.70,87.20,69.49,73.64,86.08]","[0.11,0.11,0.12,0.07,-0.05,0.10,0.11,0.12,0.11,0.10]","[-0.06,-0.04,-0.05,0.12,0.12,-0.02,-0.06,-0.08,-0.07,-0.05]",39.45,1191.24,101,426,,,,,,,0.17,-0.37,-0.82,0.64,0.29,0.0,,,,
43655,30.81378746032715,-105.0855941772461,77.58,4.7,0.52,0.09,-0.01,0.0,-0.02,0.01,0.0,"[81.38,76.52,84.22,69.38,76.23,71.70,87.20,69.49,73.64,86.08]","[0.11,0.11,0.12,0.07,-0.05,0.10,0.11,0.12,0.11,0.10]","[-0.06,-0.04,-0.05,0.12,0.12,-0.02,-0.06,-0.08,-0.07,-0.05]",39.11,1190.91,101,427,,,,,,,0.17,-0.37,-0.82,0.64,0.29,0.0,,,,
43655,30.81378746032715,-105.0855941772461,77.58,4.7,0.52,0.09,-0.01,0.0,-0.02,0.01,0.0,"[81.38,76.52,84.22,69.38,76.23,71.70,87.20,69.49,73.64,86.08]","[0.11,0.11,0.12,0.07,-0.05,0.10,0.11,0.12,0.11,0.10]","[-0.06,-0.04,-0.05,0.12,0.12,-0.02,-0.06,-0.08,-0.07,-0.05]",39.11,1190.91,101,427,,,,,,,0.17,-0.37,-0.82,0.64,0.29,0.0,,,,
44080,30.813739776611328,-105.08573150634766,77.64,4.75,0.53,0.09,-0.01,0.0,-0.02,0.01,0.0,"[81.42,76.53,84.28,69.40,76.30,71.72,87.25,69.60,73.69,86.16]","[0.11,0.11,0.12,0.07,-0.05,0.10,0.11,0.12,0.11,0.10]","[-0.07,-0.05,-0.05,0.12,0.12,-0.04,-0.06,-0.07,-0.07,-0.06]",39.45,1191.25,102,424,,,,,,,0.19,-0.36,-0.82,0.61,0.3,0.0,,,,
44080,30.813739776611328,-105.08573150634766,77.64,4.75,0.53,0.09,-0.01,0.0,-0.02,0.01,0.0,"[81.42,76.53,84.28,69.40,76.30,71.72,87.25,69.60,73.69,86.16]","[0.11,0.11,0.12,0.07,-0.05,0.10,0.11,0.12,0.11,0.10]","[-0.07,-0.05,-0.05,0.12,0.12,-0.04,-0.06,-0.07,-0.07,-0.06]",39.45,1191.25,102,424,,,,,,,0.19,-0.36,-0.82,0.61,0.3,0.0,,,,
44081,30.813739776611328,-105.085693359375,77.63,4.68,0.52,0.09,-0.01,0.0,-0.02,0.01,0.0,"[81.44,76.57,84.26,69.42,76.26,71.76,87.23,69.57,73.70,86.11]","[0.11,0.11,0.12,0.07,-0.05,0.10,0.11,0.12,0.11,0.10]","[-0.06,-0.05,-0.06,0.12,0.11,-0.03,-0.06,-0.08,-0.07,-0.06]",39.32,1191.12,102,425,,,,,,,0.18,-0.37,-0.82,0.61,0.29,0.0,,,,
44081,30.813739776611328,-105.085693359375,77.63,4.68,0.52,0.09,-0.01,0.0,-0.02,0.01,0.0,"[81.44,76.57,84.26,69.42,76.26,71.76,87.23,69.57,73.70,86.11]","[0.11,0.11,0.12,0.07,-0.05,0.10,0.11,0.12,0.11,0.10]","[-0.06,-0.05,-0.06,0.12,0.11,-0.03,-0.06,-0.08,-0.07,-0.06]",39.32,1191.12,102,425,,,,,,,0.18,-0.37,-0.82,0.61,0.29,0.0,,,,
44082,30.813739776611328,-105.08563232421875,77.63,4.67,0.52,0.09,-0.01,0.0,-0.02,0.01,0.0,"[81.44,76.58,84.25,69.42,76.25,71.76,87.22,69.57,73.70,86.11]","[0.11,0.11,0.12,0.07,-0.05,0.10,0.11,0.12,0.11,0.10]","[-0.06,-0.05,-0.06,0.12,0.11,-0.03,-0.06,-0.08,-0.07,-0.06]",39.12,1190.92,102,426,,,,,,,0.18,-0.37,-0.82,0.61,0.29,0.0,,,,
44082,30.813739776611328,-105.08563232421875,77.63,4.67,0.52,0.09,-0.01,0.0,-0.02,0.01,0.0,"[81.44,76.58,84.25,69.42,76.25,71.76,87.22,69.57,73.70,86.11]","[0.11,0.11,0.12,0.07,-0.05,0.10,0.11,0.12,0.11,0.10]","[-0.06,-0.05,-0.06,0.12,0.11,-0.03,-0.06,-0.08,-0.07,-0.06]",39.12,1190.92,102,426,,,,,,,0.18,-0.37,-0.82,0.61,0.29,0.0,,,,
44083,30.813739776611328,-105.0855941772461,77.63,4.67,0.52,0.09,-0.01,0.0,-0.02,0.01,0.0,"[81.44,76.58,84.25,69.42,76.25,71.76,87.22,69.57,73.70,86.11]","[0.11,0.11,0.12,0.07,-0.05,0.10,0.11,0.12,0.11,0.10]","[-0.06,-0.05,-0.06,0.12,0.11,-0.03,-0.06,-0.08,-0.07,-0.06]",38.79,1190.59,102,427,,,,,,,0.18,-0.37,-0.82,0.61,0.29,0.0,,,,
44083,30.813739776611328,-105.0855941772461,77.63,4.67,0.52,0.09,-0.01,0.0,-0.02,0.01,0.0,"[81.44,76.58,84.25,69.42,76.25,71.76,87.22,69.57,73.70,86.11]","[0.11,0.11,0.12,0.07,-0.05,0.10,0.11,0.12,0.11,0.10]","[-0.06,-0.05,-0.06,0.12,0.11,-0.03,-0.06,-0.08,-0.07,-0.06]",38.79,1190.59,102,427,,,,,,,0.18,-0.37,-0.82,0.61,0.29,0.0,,,,
44508,30.813695907592773,-105.08573150634766,77.68,4.72,0.52,0.09,-0.0,0.0,-0.02,0.01,0.0,"[81.47,76.58,84.31,69.44,76.32,71.78,87.28,69.68,73.75,86.19]","[0.11,0.12,0.13,0.07,-0.05,0.10,0.12,0.12,0.11,0.11]","[-0.07,-0.05,-0.05,0.12,0.11,-0.05,-0.06,-0.07,-0.07,-0.06]",39.13,1190.93,103,424,,,,,,,0.2,-0.36,-0.81,0.59,0.31,0.0,,,,
44508,30.813695907592773,-105.08573150634766,77.68,4.72,0.52,0.09,-0.0,0.0,-0.02,0.01,0.0,"[81.47,76.58,84.31,69.44,76.32,71.78,87.28,69.68,73.75,86.19]","[0.11,0.12,0.13,0.07,-0.05,0.10,0.12,0.12,0.11,0.11]","[-0.07,-0.05,-0.05,0.12,0.11,-0.05,-0.06,-0.07,-0.07,-0.06]",39.13,1190.93,103,424,,,,,,,0.2,-0.36,-0.81,0.59,0.31,0.0,,,,
44509,30.813695907592773,-105.085693359375,77.68,4.66,0.52,0.09,-0.01,0.0,-0.02,0.01,0.0,"[81.49,76.62,84.29,69.46,76.28,71.82,87.25,69.65,73.76,86.15]","[0.11,0.11,0.12,0.07,-0.05,0.10,0.11,0.12,0.11,0.10]","[-0.06,-0.05,-0.06,0.12,0.11,-0.04,-0.06,-0.08,-0.07,-0.06]",39.03,1190.83,103,425,,,,,,,0.2,-0.37,-0.81,0.59,0.29,0.0,,,,
44509,30.813695907592773,-105.085693359375,77.68,4.66,0.52,0.09,-0.01,0.0,-0.02,0.01,0.0,"[81.49,76.62,84.29,69.46,76.28,71.82,87.25,69.65,73.76,86.15]","[0.11,0.11,0.12,0.07,-0.05,0.10,0.11,0.12,0.11,0.10]","[-0.06,-0.05,-0.06,0.12,0.11,-0.04,-0.06,-0.08,-0.07,-0.06]",39.03,1190.83,103,425,,,,,,,0.2,-0.37,-0.81,0.59,0.29,0.0,,,,
44510,30.813695907592773,-105.08563232421875,77.68,4.65,0.52,0.09,-0.01,0.0,-0.02,0.01,0.0,"[81.49,76.63,84.29,69.46,76.28,71.82,87.25,69.65,73.76,86.14]","[0.11,0.11,0.12,0.07,-0.05,0.10,0.11,0.12,0.11,0.10]","[-0.06,-0.05,-0.06,0.12,0.11,-0.04,-0.06,-0.08,-0.07,-0.06]",38.86,1190.65,103,426,,,,,,,0.2,-0.37,-0.81,0.59,0.29,0.0,,,,
44510,30.813695907592773,-105.08563232421875,77.68,4.65,0.52,0.09,-0.01,0.0,-0.02,0.01,0.0,"[81.49,76.63,84.29,69.46,76.28,71.82,87.25,69.65,73.76,86.14]","[0.11,0.11,0.12,0.07,-0.05,0.10,0.11,0.12,0.11,0.10]","[-0.06,-0.05,-0.06,0.12,0.11,-0.04,-0.06,-0.08,-0.07,-0.06]",38.86,1190.65,103,426,,,,,,,0.2,-0.37,-0.81,0.59,0.29,0.0,,,,
44511,30.813695907592773,-105.0855941772461,77.68,4.65,0.52,0.09,-0.01,0.0,-0.02,0.01,0.0,"[81.49,76.63,84.29,69.46,76.28,71.82,87.25,69.65,73.76,86.14]","[0.11,0.11,0.12,0.07,-0.05,0.10,0.11,0.12,0.11,0.10]","[-0.06,-0.05,-0.06,0.12,0.11,-0.04,-0.06,-0.08,-0.07,-0.06]",38.59,1190.39,103,427,,,,,,,0.2,-0.37,-0.81,0.59,0.29,0.0,,,,
44511,30.813695907592773,-105.0855941772461,77.68,4.65,0.52,0.09,-0.01,0.0,-0.02,0.01,0.0,"[81.49,76.63,84.29,69.46,76.28,71.82,87.25,69.65,73.76,86.14]","[0.11,0.11,0.12,0.07,-0.05,0.10,0.11,0.12,0.11,0.10]","[-0.06,-0.05,-0.06,0.12,0.11,-0.04,-0.06,-0.08,-0.07,-0.06]",38.59,1190.39,103,427,,,,,,,0.2,-0.37,-0.81,0.59,0.29,0.0,,,,
44936,30.81365203857422,-105.08573150634766,77.72,4.7,0.52,0.09,0.0,0.0,-0.03,0.01,0.0,"[81.52,76.63,84.34,69.48,76.35,71.84,87.30,69.76,73.81,86.22]","[0.11,0.12,0.13,0.07,-0.05,0.10,0.12,0.12,0.11,0.11]","[-0.07,-0.06,-0.06,0.12,0.10,-0.06,-0.06,-0.07,-0.07,-0.06]",38.92,1190.71,104,424,,,,,,,0.21,-0.36,-0.8,0.56,0.31,0.01,,,,
44936,30.81365203857422,-105.08573150634766,77.72,4.7,0.52,0.09,0.0,0.0,-0.03,0.01,0.0,"[81.52,76.63,84.34,69.48,76.35,71.84,87.30,69.76,73.81,86.22]","[0.11,0.12,0.13,0.07,-0.05,0.10,0.12,0.12,0.11,0.11]","[-0.07,-0.06,-0.06,0.12,0.10,-0.06,-0.06,-0.07,-0.07,-0.06]",38.92,1190.71,104,424,,,,,,,0.21,-0.36,-0.8,0.56,0.31,0.01,,,,
44937,30.81365203857422,-105.085693359375,77.72,4.63,0.51,0.09,0.0,0.0,-0.03,0.0,0.0,"[81.55,76.68,84.32,69.49,76.31,71.88,87.28,69.73,73.82,86.18]","[0.11,0.12,0.13,0.07,-0.05,0.10,0.12,0.12,0.11,0.11]","[-0.07,-0.06,-0.06,0.11,0.10,-0.05,-0.07,-0.07,-0.08,-0.06]",38.82,1190.62,104,425,,,,,,,0.21,-0.37,-0.81,0.56,0.29,0.0,,,,
44937,30.81365203857422,-105.085693359375,77.72,4.63,0.51,0.09,0.0,0.0,-0.03,0.0,0.0,"[81.55,76.68,84.32,69.49,76.31,71.88,87.28,69.73,73.82,86.18]","[0.11,0.12,0.13,0.07,-0.05,0.10,0.12,0.12,0.11,0.11]","[-0.07,-0.06,-0.06,0.11,0.10,-0.05,-0.07,-0.07,-0.08,-0.06]",38.82,1190.62,104,425,,,,,,,0.21,-0.37,-0.81,0.56,0.29,0.0,,,,
44938,30.81365203857422,-105.08563232421875,77.72,4.63,0.51,0.09,0.0,0.0,-0.03,0.0,0.0,"[81.55,76.68,84.32,69.50,76.31,71.89,87.28,69.73,73.82,86.17]","[0.11,0.12,0.13,0.07,-0.05,0.10,0.12,0.12,0.11,0.11]","[-0.07,-0.06,-0.06,0.11,0.10,-0.05,-0.07,-0.07,-0.08,-0.06]",38.66,1190.46,104,426,,,,,,,0.21,-0.37,-0.81,0.56,0.29,0.0,,,,
44938,30.81365203857422,-105.08563232421875,77.72,4.63,0.51,0.09,0.0,0.0,-0.03,0.0,0.0,"[81.55,76.68,84.32,69.50,76.31,71.89,87.28,69.73,73.82,86.17]","[0.11,0.12,0.13,0.07,-0.05,0.10,0.12,0.12,0.11,0.11]","[-0.07,-0.06,-0.06,0.11,0.10,-0.05,-0.07,-0.07,-0.08,-0.06]",38.66,1190.46,104,426,,,,,,,0.21,-0.37,-0.81,0.56,0.29,0.0,,,,
44939,30.81365203857422,-105.0855941772461,77.72,4.63,0.51,0.09,0.0,0.0,-0.03,0.0,0.0,"[81.55,76.68,84.32,69.50,76.31,71.89,87.28,69.73,73.82,86.17]","[0.11,0.12,0.13,0.07,-0.05,0.10,0.12,0.12,0.11,0.11]","[-0.07,-0.06,-0.06,0.11,0.10,-0.05,-0.07,-0.07,-0.08,-0.06]",38.42,1190.22,104,427,,,,,,,0.21,-0.37,-0.81,0.56,0.29,0.0,,,,
44939,30.81365203857422,-105.0855941772461,77.72,4.63,0.51,0.09,0.0,0.0,-0.03,0.0,0.0,"[81.55,76.68,84.32,69.50,76.31,71.89,87.28,69.73,73.82,86.17]","[0.11,0.12,0.13,0.07,-0.05,0.10,0.12,0.12,0.11,0.11]","[-0.07,-0.06,-0.06,0.11,0.10,-0.05,-0.07,-0.07,-0.08,-0.06]",38.42,1190.22,104,427,,,,,,,0.21,-0.37,-0.81,0.56,0.29,0.0,,,,
45364,30.81360626220703,-105.08573150634766,77.77,4.68,0.52,0.09,0.0,0.0,-0.03,0.0,0.0,"[81.57,76.68,84.37,69.52,76.37,71.90,87.33,69.83,73.86,86.25]","[0.11,0.12,0.13,0.07,-0.05,0.10,0.12,0.12,0.11,0.11]","[-0.07,-0.06,-0.06,0.12,0.10,-0.07,-0.06,-0.07,-0.08,-0.06]",38.7,1190.5,105,424,,,,,,,0.22,-0.35,-0.79,0.54,0.32,0.01,,,,
45364,30.81360626220703,-105.08573150634766,77.77,4.68,0.52,0.09,0.0,0.0,-0.03,0.0,0.0,"[81.57,76.68,84.37,69.52,76.37,71.90,87.33,69.83,73.86,86.25]","[0.11,0.12,0.13,0.07,-0.05,0.10,0.12,0.12,0.11,0.11]","[-0.07,-0.06,-0.06,0.12,0.10,-0.07,-0.06,-0.07,-0.08,-0.06]",38.7,1190.5,105,424,,,,,,,0.22,-0.35,-0.79,0.54,0.32,0.01,,,,
45365,30.81360626220703,-105.085693359375,77.77,4.61,0.51,0.09,0.0,0.0,-0.03,0.0,0.0,"[81.60,76.73,84.35,69.53,76.33,71.94,87.30,69.81,73.88,86.21]","[0.11,0.12,0.13,0.07,-0.05,0.10,0.12,0.12,0.11,0.11]","[-0.07,-0.06,-0.06,0.11,0.10,-0.06,-0.07,-0.07,-0.08,-0.06]",38.64,1190.44,105,425,,,,,,,0.22,-0.37,-0.8,0.54,0.29,0.01,,,,
45365,30.81360626220703,-105.085693359375,77.77,4.61,0.51,0.09,0.0,0.0,-0.03,0.0,0.0,"[81.60,76.73,84.35,69.53,76.33,71.94,87.30,69.81,73.88,86.21]","[0.11,0.12,0.13,0.07,-0.05,0.10,0.12,0.12,0.11,0.11]","[-0.07,-0.06,-0.06,0.11,0.10,-0.06,-0.07,-0.07,-0.08,-0.06]",38.64,1190.44,105,425,,,,,,,0.22,-0.37,-0.8,0.54,0.29,0.01,,,,
45366,30.81360626220703,-105.08563232421875,77.77,4.6,0.51,0.09,0.0,0.0,-0.03,0.0,0.0,"[81.60,76.73,84.35,69.53,76.33,71.95,87.30,69.81,73.88,86.20]","[0.11,0.12,0.13,0.07,-0.05,0.10,0.12,0.12,0.11,0.11]","[-0.07,-0.06,-0.07,0.11,0.10,-0.06,-0.07,-0.07,-0.08,-0.07]",38.54,1190.33,105,426,,,,,,,0.22,-0.37,-0.8,0.54,0.29,0.01,,,,
45366,30.81360626220703,-105.08563232421875,77.77,4.6,0.51,0.09,0.0,0.0,-0.03,0.0,0.0,"[81.60,76.73,84.35,69.53,76.33,71.95,87.30,69.81,73.88,86.20]","[0.11,0.12,0.13,0.07,-0.05,0.10,0.12,0.12,0.11,0.11]","[-0.07,-0.06,-0.07,0.11,0.10,-0.06,-0.07,-0.07,-0.08,-0.07]",38.54,1190.33,105,426,,,,,,,0.22,-0.37,-0.8,0.54,0.29,0.01,,,,
45367,30.81360626220703,-105.0855941772461,77.77,4.6,0.51,0.09,0.0,0.0,-0.03,0.0,0.0,"[81.60,76.73,84.35,69.53,76.33,71.95,87.30,69.81,73.88,86.20]","[0.11,0.12,0.13,0.07,-0.05,0.10,0.12,0.12,0.11,0.11]","[-0.07,-0.06,-0.07,0.11,0.10,-0.06,-0.07,-0.07,-0.08,-0.07]",38.32,1190.12,105,427,,,,,,,0.22,-0.37,-0.8,0.54,0.29,0.01,,,,
45367,30.81360626220703,-105.0855941772461,77.77,4.6,0.51,0.09,0.0,0.0,-0.03,0.0,0.0,"[81.60,76.73,84.35,69.53,76.33,71.95,87.30,69.81,73.88,86.20]","[0.11,0.12,0.13,0.07,-0.05,0.10,0.12,0.12,0.11,0.11]","[-0.07,-0.06,-0.07,0.11,0.10,-0.06,-0.07,-0.07,-0.08,-0.07]",38.32,1190.12,105,427,,,,,,,0.22,-0.37,-0.8,0.54,0.29,0.01,,,,
45792,30.813560485839844,-105.08573150634766,77.81,4.65,0.52,0.09,0.0,0.0,-0.03,0.0,0.0,"[81.63,76.73,84.40,69.56,76.40,71.96,87.35,69.91,73.92,86.28]","[0.11,0.12,0.13,0.07,-0.05,0.10,0.12,0.12,0.11,0.11]","[-0.07,-0.06,-0.06,0.12,0.09,-0.08,-0.06,-0.07,-0.08,-0.06]",38.49,1190.28,106,424,,,,,,,0.23,-0.35,-0.78,0.52,0.32,0.01,,,,
45792,30.813560485839844,-105.08573150634766,77.81,4.65,0.52,0.09,0.0,0.0,-0.03,0.0,0.0,"[81.63,76.73,84.40,69.56,76.40,71.96,87.35,69.91,73.92,86.28]","[0.11,0.12,0.13,0.07,-0.05,0.10,0.12,0.12,0.11,0.11]","[-0.07,-0.06,-0.06,0.12,0.09,-0.08,-0.06,-0.07,-0.08,-0.06]",38.49,1190.28,106,424,,,,,,,0.23,-0.35,-0.78,0.52,0.32,0.01,,,,
45793,30.813560485839844,-105.085693359375,77.82,4.59,0.51,0.09,0.0,0.0,-0.04,0.0,0.0,"[81.65,76.78,84.39,69.57,76.36,72.01,87.33,69.89,73.94,86.24]","[0.11,0.12,0.13,0.07,-0.05,0.10,0.12,0.12,0.11,0.11]","[-0.07,-0.07,-0.07,0.11,0.09,-0.07,-0.07,-0.07,-0.08,-0.07]",38.43,1190.23,106,425,,,,,,,0.23,-0.37,-0.79,0.52,0.29,0.01,,,,
45793,30.813560485839844,-105.085693359375,77.82,4.59,0.51,0.09,0.0,0.0,-0.04,0.0,0.0,"[81.65,76.78,84.39,69.57,76.36,72.01,87.33,69.89,73.94,86.24]","[0.11,0.12,0.13,0.07,-0.05,0.10,0.12,0.12,0.11,0.11]","[-0.07,-0.07,-0.07,0.11,0.09,-0.07,-0.07,-0.07,-0.08,-0.07]",38.43,1190.23,106,425,,,,,,,0.23,-0.37,-0.79,0.52,0.29,0.01,,,,
45794,30.813560485839844,-105.08563232421875,77.82,4.58,0.51,0.09,0.0,0.0,-0.04,0.0,0.0,"[81.65,76.78,84.38,69.57,76.36,72.01,87.33,69.89,73.94,86.23]","[0.11,0.12,0.13,0.07,-0.05,0.10,0.12,0.12,0.11,0.11]","[-0.07,-0.07,-0.07,0.11,0.09,-0.07,-0.07,-0.07,-0.08,-0.07]",38.34,1190.14,106,426,,,,,,,0.23,-0.37,-0.79,0.52,0.29,0.01,,,,
45794,30.813560485839844,-105.08563232421875,77.82,4.58,0.51,0.09,0.0,0.0,-0.04,0.0,0.0,"[81.65,76.78,84.38,69.57,76.36,72.01,87.33,69.89,73.94,86.23]","[0.11,0.12,0.13,0.07,-0.05,0.10,0.12,0.12,0.11,0.11]","[-0.07,-0.07,-0.07,0.11,0.09,-0.07,-0.07,-0.07,-0.08,-0.07]",38.34,1190.14,106,426,,,,,,,0.23,-0.37,-0.79,0.52,0.29,0.01,,,,
45795,30.813560485839844,-105.0855941772461,77.82,4.58,0.51,0.09,0.0,0.0,-0.04,0.0,0.0,"[81.65,76.78,84.38,69.57,76.36,72.01,87.33,69.89,73.94,86.23]","[0.11,0.12,0.13,0.07,-0.05,0.10,0.12,0.12,0.11,0.11]","[-0.07,-0.07,-0.07,0.11,0.09,-0.07,-0.07,-0.07,-0.08,-0.07]",38.14,1189.94,106,427,,,,,,,0.23,-0.37,-0.79,0.52,0.29,0.01,,,,
45795,30.813560485839844,-105.0855941772461,77.82,4.58,0.51,0.09,0.0,0.0,-0.04,0.0,0.0,"[81.65,76.78,84.38,69.57,76.36,72.01,87.33,69.89,73.94,86.23]","[0.11,0.12,0.13,0.07,-0.05,0.10,0.12,0.12,0.11,0.11]","[-0.07,-0.07,-0.07,0.11,0.09,-0.07,-0.07,-0.07,-0.08,-0.07]",38.14,1189.94,106,427,,,,,,,0.23,-0.37,-0.79,0.52,0.29,0.01,,,,
46220,30.813514709472656,-105.08573150634766,77.86,4.65,0.52,0.09,0.0,0.0,-0.03,0.0,0.0,"[81.67,76.78,84.42,69.72,76.41,72.02,87.38,69.98,73.95,86.31]","[0.11,0.12,0.13,0.07,-0.05,0.10,0.12,0.12,0.11,0.11]","[-0.07,-0.06,-0.06,0.11,0.09,-0.08,-0.06,-0.07,-0.08,-0.06]",38.29,1190.09,107,424,,,,,,,0.23,-0.34,-0.78,0.52,0.33,0.01,,,,
46220,30.813514709472656,-105.08573150634766,77.86,4.65,0.52,0.09,0.0,0.0,-0.03,0.0,0.0,"[81.67,76.78,84.42,69.72,76.41,72.02,87.38,69.98,73.95,86.31]","[0.11,0.12,0.13,0.07,-0.05,0.10,0.12,0.12,0.11,0.11]","[-0.07,-0.06,-0.06,0.11,0.09,-0.08,-0.06,-0.07,-0.08,-0.06]",38.29,1190.09,107,424,,,,,,,0.23,-0.34,-0.78,0.52,0.33,0.01,,,,
46221,30.813514709472656,-105.085693359375,77.87,4.58,0.51,0.09,0.0,0.0,-0.04,0.0,0.0,"[81.69,76.82,84.41,69.74,76.38,72.06,87.36,69.97,73.97,86.28]","[0.11,0.12,0.13,0.07,-0.05,0.10,0.12,0.12,0.11,0.11]","[-0.07,-0.07,-0.07,0.11,0.09,-0.08,-0.07,-0.07,-0.08,-0.07]",38.22,1190.02,107,425,,,,,,,0.24,-0.36,-0.79,0.51,0.31,0.01,,,,
46221,30.813514709472656,-105.085693359375,77.87,4.58,0.51,0.09,0.0,0.0,-0.04,0.0,0.0,"[81.69,76.82,84.41,69.74,76.38,72.06,87.36,69.97,73.97,86.28]","[0.11,0.12,0.13,0.07,-0.05,0.10,0.12,0.12,0.11,0.11]","[-0.07,-0.07,-0.07,0.11,0.09,-0.08,-0.07,-0.07,-0.08,-0.07]",38.22,1190.02,107,425,,,,,,,0.24,-0.36,-0.79,0.51,0.31,0.01,,,,
46222,30.813514709472656,-105.08563232421875,77.87,4.58,0.51,0.09,0.0,0.0,-0.04,0.0,0.0,"[81.70,76.83,84.40,69.74,76.37,72.07,87.36,69.97,73.97,86.27]","[0.11,0.12,0.13,0.07,-0.05,0.10,0.12,0.12,0.11,0.11]","[-0.07,-0.07,-0.07,0.11,0.09,-0.08,-0.07,-0.07,-0.08,-0.07]",38.1,1189.89,107,426,,,,,,,0.24,-0.36,-0.79,0.51,0.31,0.01,,,,
46222,30.813514709472656,-105.08563232421875,77.87,4.58,0.51,0.09,0.0,0.0,-0.04,0.0,0.0,"[81.70,76.83,84.40,69.74,76.37,72.07,87.36,69.97,73.97,86.27]","[0.11,0.12,0.13,0.07,-0.05,0.10,0.12,0.12,0.11,0.11]","[-0.07,-0.07,-0.07,0.11,0.09,-0.08,-0.07,-0.07,-0.08,-0.07]",38.1,1189.89,107,426,,,,,,,0.24,-0.36,-0.79,0.51,0.31,0.01,,,,
46223,30.813514709472656,-105.0855941772461,77.87,4.58,0.51,0.09,0.0,0.0,-0.04,0.0,0.0,"[81.70,76.83,84.40,69.74,76.37,72.07,87.36,69.97,73.97,86.27]","[0.11,0.12,0.13,0.07,-0.05,0.10,0.12,0.12,0.11,0.11]","[-0.07,-0.07,-0.07,0.11,0.09,-0.08,-0.07,-0.07,-0.08,-0.07]",37.86,1189.65,107,427,,,,,,,0.24,-0.36,-0.79,0.51,0.31,0.01,,,,
46223,30.813514709472656,-105.0855941772461,77.87,4.58,0.51,0.09,0.0,0.0,-0.04,0.0,0.0,"[81.70,76.83,84.40,69.74,76.37,72.07,87.36,69.97,73.97,86.27]","[0.11,0.12,0.13,0.07,-0.05,0.10,0.12,0.12,0.11,0.11]","[-0.07,-0.07,-0.07,0.11,0.09,-0.08,-0.07,-0.07,-0.08,-0.07]",37.86,1189.65,107,427,,,,,,,0.24,-0.36,-0.79,0.51,0.31,0.01,,,,
46648,30.8134708404541,-105.08573150634766,77.92,4.66,0.52,0.09,0.0,0.0,-0.04,0.01,0.0,"[81.70,76.82,84.43,70.02,76.42,72.07,87.41,70.05,73.96,86.36]","[0.11,0.12,0.13,0.07,-0.05,0.10,0.12,0.12,0.11,0.11]","[-0.07,-0.06,-0.06,0.10,0.09,-0.08,-0.06,-0.07,-0.08,-0.06]",38.08,1189.88,108,424,,,,,,,0.23,-0.33,-0.79,0.52,0.35,0.01,,,,
46648,30.8134708404541,-105.08573150634766,77.92,4.66,0.52,0.09,0.0,0.0,-0.04,0.01,0.0,"[81.70,76.82,84.43,70.02,76.42,72.07,87.41,70.05,73.96,86.36]","[0.11,0.12,0.13,0.07,-0.05,0.10,0.12,0.12,0.11,0.11]","[-0.07,-0.06,-0.06,0.10,0.09,-0.08,-0.06,-0.07,-0.08,-0.06]",38.08,1189.88,108,424,,,,,,,0.23,-0.33,-0.79,0.52,0.35,0.01,,,,
46649,30.8134708404541,-105.085693359375,77.93,4.59,0.51,0.09,0.0,0.0,-0.04,0.01,0.0,"[81.73,76.86,84.41,70.03,76.38,72.12,87.39,70.04,73.98,86.32]","[0.11,0.12,0.13,0.07,-0.05,0.10,0.12,0.12,0.11,0.11]","[-0.08,-0.07,-0.07,0.10,0.09,-0.08,-0.07,-0.07,-0.08,-0.07]",38.01,1189.8,108,425,,,,,,,0.23,-0.34,-0.8,0.51,0.33,0.01,,,,
46649,30.8134708404541,-105.085693359375,77.93,4.59,0.51,0.09,0.0,0.0,-0.04,0.01,0.0,"[81.73,76.86,84.41,70.03,76.38,72.12,87.39,70.04,73.98,86.32]","[0.11,0.12,0.13,0.07,-0.05,0.10,0.12,0.12,0.11,0.11]","[-0.08,-0.07,-0.07,0.10,0.09,-0.08,-0.07,-0.07,-0.08,-0.07]",38.01,1189.8,108,425,,,,,,,0.23,-0.34,-0.8,0.51,0.33,0.01,,,,
46650,30.8134708404541,-105.08563232421875,77.93,4.59,0.51,0.09,0.0,0.0,-0.04,0.01,0.0,"[81.73,76.87,84.41,70.03,76.38,72.12,87.39,70.03,73.98,86.32]","[0.11,0.12,0.13,0.07,-0.05,0.10,0.12,0.12,0.11,0.11]","[-0.08,-0.07,-0.07,0.10,0.09,-0.08,-0.07,-0.07,-0.08,-0.07]",37.84,1189.64,108,426,,,,,,,0.24,-0.34,-0.8,0.51,0.33,0.01,,,,
46650,30.8134708404541,-105.08563232421875,77.93,4.59,0.51,0.09,0.0,0.0,-0.04,0.01,0.0,"[81.73,76.87,84.41,70.03,76.38,72.12,87.39,70.03,73.98,86.32]","[0.11,0.12,0.13,0.07,-0.05,0.10,0.12,0.12,0.11,0.11]","[-0.08,-0.07,-0.07,0.10,0.09,-0.08,-0.07,-0.07,-0.08,-0.07]",37.84,1189.64,108,426,,,,,,,0.24,-0.34,-0.8,0.51,0.33,0.01,,,,
46651,30.8134708404541,-105.0855941772461,77.93,4.59,0.51,0.09,0.0,0.0,-0.04,0.01,0.0,"[81.73,76.87,84.41,70.03,76.38,72.12,87.39,70.03,73.98,86.32]","[0.11,0.12,0.13,0.07,-0.05,0.10,0.12,0.12,0.11,0.11]","[-0.08,-0.07,-0.07,0.10,0.09,-0.08,-0.07,-0.07,-0.08,-0.07]",37.62,1189.42,108,427,,,,,,,0.24,-0.34,-0.8,0.51,0.33,0.01,,,,
46651,30.8134708404541,-105.0855941772461,77.93,4.59,0.51,0.09,0.0,0.0,-0.04,0.01,0.0,"[81.73,76.87,84.41,70.03,76.38,72.12,87.39,70.03,73.98,86.32]","[0.11,0.12,0.13,0.07,-0.05,0.10,0.12,0.12,0.11,0.11]","[-0.08,-0.07,-0.07,0.10,0.09,-0.08,-0.07,-0.07,-0.08,-0.07]",37.62,1189.42,108,427,,,,,,,0.24,-0.34,-0.8,0.51,0.33,0.01,,,,
47076,30.813426971435547,-105.08573150634766,77.98,4.67,0.52,0.09,0.0,0.0,-0.04,0.01,0.0,"[81.73,76.85,84.43,70.31,76.42,72.12,87.44,70.11,73.96,86.40]","[0.11,0.12,0.13,0.07,-0.05,0.10,0.12,0.12,0.11,0.11]","[-0.08,-0.07,-0.06,0.10,0.09,-0.08,-0.06,-0.07,-0.08,-0.06]",37.87,1189.67,109,424,,,,,,,0.23,-0.32,-0.8,0.53,0.37,0.01,,,,
47076,30.813426971435547,-105.08573150634766,77.98,4.67,0.52,0.09,0.0,0.0,-0.04,0.01,0.0,"[81.73,76.85,84.43,70.31,76.42,72.12,87.44,70.11,73.96,86.40]","[0.11,0.12,0.13,0.07,-0.05,0.10,0.12,0.12,0.11,0.11]","[-0.08,-0.07,-0.06,0.10,0.09,-0.08,-0.06,-0.07,-0.08,-0.06]",37.87,1189.67,109,424,,,,,,,0.23,-0.32,-0.8,0.53,0.37,0.01,,,,
47077,30.813426971435547,-105.085693359375,77.98,4.6,0.51,0.09,0.0,0.0,-0.04,0.02,0.0,"[81.76,76.90,84.42,70.31,76.39,72.17,87.42,70.10,73.98,86.36]","[0.11,0.12,0.13,0.07,-0.05,0.10,0.12,0.12,0.11,0.11]","[-0.08,-0.07,-0.07,0.09,0.08,-0.08,-0.07,-0.07,-0.08,-0.07]",37.79,1189.59,109,425,,,,,,,0.23,-0.32,-0.81,0.52,0.36,0.0,,,,
47077,30.813426971435547,-105.085693359375,77.98,4.6,0.51,0.09,0.0,0.0,-0.04,0.02,0.0,"[81.76,76.90,84.42,70.31,76.39,72.17,87.42,70.10,73.98,86.36]","[0.11,0.12,0.13,0.07,-0.05,0.10,0.12,0.12,0.11,0.11]","[-0.08,-0.07,-0.07,0.09,0.08,-0.08,-0.07,-0.07,-0.08,-0.07]",37.79,1189.59,109,425,,,,,,,0.23,-0.32,-0.81,0.52,0.36,0.0,,,,
47078,30.813426971435547,-105.08563232421875,77.98,4.6,0.51,0.09,0.0,0.0,-0.04,0.02,0.0,"[81.76,76.90,84.42,70.31,76.39,72.18,87.42,70.10,73.98,86.36]","[0.11,0.12,0.13,0.07,-0.05,0.10,0.12,0.12,0.11,0.11]","[-0.08,-0.07,-0.07,0.09,0.08,-0.08,-0.07,-0.07,-0.08,-0.07]",37.66,1189.46,109,426,,,,,,,0.23,-0.33,-0.81,0.52,0.36,0.0,,,,
47078,30.813426971435547,-105.08563232421875,77.98,4.6,0.51,0.09,0.0,0.0,-0.04,0.02,0.0,"[81.76,76.90,84.42,70.31,76.39,72.18,87.42,70.10,73.98,86.36]","[0.11,0.12,0.13,0.07,-0.05,0.10,0.12,0.12,0.11,0.11]","[-0.08,-0.07,-0.07,0.09,0.08,-0.08,-0.07,-0.07,-0.08,-0.07]",37.66,1189.46,109,426,,,,,,,0.23,-0.33,-0.81,0.52,0.36,0.0,,,,
47079,30.813426971435547,-105.0855941772461,77.98,4.6,0.51,0.09,0.0,0.0,-0.04,0.02,0.0,"[81.76,76.90,84.42,70.31,76.39,72.18,87.42,70.10,73.98,86.36]","[0.11,0.12,0.13,0.07,-0.05,0.10,0.12,0.12,0.11,0.11]","[-0.08,-0.07,-0.07,0.09,0.08,-0.08,-0.07,-0.07,-0.08,-0.07]",37.44,1189.24,109,427,,,,,,,0.23,-0.33,-0.81,0.52,0.36,0.0,,,,
47079,30.813426971435547,-105.0855941772461,77.98,4.6,0.51,0.09,0.0,0.0,-0.04,0.02,0.0,"[81.76,76.90,84.42,70.31,76.39,72.18,87.42,70.10,73.98,86.36]","[0.11,0.12,0.13,0.07,-0.05,0.10,0.12,0.12,0.11,0.11]","[-0.08,-0.07,-0.07,0.09,0.08,-0.08,-0.07,-0.07,-0.08,-0.07]",37.44,1189.24,109,427,,,,,,,0.23,-0.33,-0.81,0.52,0.36,0.0,,,,
47504,30.81338119506836,-105.08573150634766,78.04,4.68,0.52,0.1,-0.01,0.0,-0.04,0.02,0.0,"[81.76,76.89,84.44,70.60,76.43,72.18,87.47,70.18,73.96,86.44]","[0.12,0.12,0.13,0.07,-0.05,0.11,0.12,0.13,0.12,0.11]","[-0.08,-0.07,-0.06,0.09,0.08,-0.08,-0.06,-0.07,-0.08,-0.06]",37.65,1189.45,110,424,,,,,,,0.23,-0.3,-0.82,0.53,0.39,0.0,,,,
47504,30.81338119506836,-105.08573150634766,78.04,4.68,0.52,0.1,-0.01,0.0,-0.04,0.02,0.0,"[81.76,76.89,84.44,70.60,76.43,72.18,87.47,70.18,73.96,86.44]","[0.12,0.12,0.13,0.07,-0.05,0.11,0.12,0.13,0.12,0.11]","[-0.08,-0.07,-0.06,0.09,0.08,-0.08,-0.06,-0.07,-0.08,-0.06]",37.65,1189.45,110,424,,,,,,,0.23,-0.3,-0.82,0.53,0.39,0.0,,,,
47505,30.81338119506836,-105.085693359375,78.04,4.62,0.51,0.1,-0.01,0.0,-0.04,0.02,0.0,"[81.79,76.94,84.43,70.60,76.39,72.22,87.45,70.17,73.99,86.41]","[0.12,0.12,0.13,0.07,-0.04,0.11,0.13,0.13,0.12,0.11]","[-0.09,-0.08,-0.06,0.09,0.08,-0.09,-0.06,-0.07,-0.08,-0.06]",37.64,1189.44,110,425,,,,,,,0.23,-0.31,-0.81,0.52,0.39,0.0,,,,
47505,30.81338119506836,-105.085693359375,78.04,4.62,0.51,0.1,-0.01,0.0,-0.04,0.02,0.0,"[81.79,76.94,84.43,70.60,76.39,72.22,87.45,70.17,73.99,86.41]","[0.12,0.12,0.13,0.07,-0.04,0.11,0.13,0.13,0.12,0.11]","[-0.09,-0.08,-0.06,0.09,0.08,-0.09,-0.06,-0.07,-0.08,-0.06]",37.64,1189.44,110,425,,,,,,,0.23,-0.31,-0.81,0.52,0.39,0.0,,,,
47506,30.81338119506836,-105.08563232421875,78.04,4.61,0.51,0.1,-0.01,0.0,-0.04,0.02,0.0,"[81.80,76.94,84.43,70.60,76.39,72.23,87.45,70.17,73.99,86.41]","[0.12,0.12,0.13,0.07,-0.04,0.11,0.13,0.13,0.12,0.11]","[-0.09,-0.08,-0.06,0.09,0.08,-0.09,-0.06,-0.07,-0.08,-0.06]",37.53,1189.33,110,426,,,,,,,0.23,-0.31,-0.81,0.52,0.39,0.0,,,,
47506,30.81338119506836,-105.08563232421875,78.04,4.61,0.51,0.1,-0.01,0.0,-0.04,0.02,0.0,"[81.80,76.94,84.43,70.60,76.39,72.23,87.45,70.17,73.99,86.41]","[0.12,0.12,0.13,0.07,-0.04,0.11,0.13,0.13,0.12,0.11]","[-0.09,-0.08,-0.06,0.09,0.08,-0.09,-0.06,-0.07,-0.08,-0.06]",37.53,1189.33,110,426,,,,,,,0.23,-0.31,-0.81,0.52,0.39,0.0,,,,
47507,30.81338119506836,-105.0855941772461,78.04,4.61,0.51,0.1,-0.01,0.0,-0.04,0.02,0.0,"[81.80,76.94,84.43,70.60,76.39,72.23,87.45,70.17,73.99,86.41]","[0.12,0.12,0.13,0.07,-0.04,0.11,0.13,0.13,0.12,0.11]","[-0.09,-0.08,-0.06,0.09,0.08,-0.09,-0.06,-0.07,-0.08,-0.06]",37.35,1189.15,110,427,,,,,,,0.23,-0.31,-0.81,0.52,0.39,0.0,,,,
47507,30.81338119506836,-105.0855941772461,78.04,4.61,0.51,0.1,-0.01,0.0,-0.04,0.02,0.0,"[81.80,76.94,84.43,70.60,76.39,72.23,87.45,70.17,73.99,86.41]","[0.12,0.12,0.13,0.07,-0.04,0.11,0.13,0.13,0.12,0.11]","[-0.09,-0.08,-0.06,0.09,0.08,-0.09,-0.06,-0.07,-0.08,-0.06]",37.35,1189.15,110,427,,,,,,,0.23,-0.31,-0.81,0.52,0.39,0.0,,,,
47932,30.813337326049805,-105.08573150634766,78.09,4.69,0.52,0.1,-0.01,0.0,-0.04,0.03,0.0,"[81.80,76.93,84.45,70.89,76.43,72.23,87.50,70.25,73.97,86.48]","[0.12,0.12,0.13,0.07,-0.04,0.11,0.13,0.13,0.12,0.11]","[-0.08,-0.07,-0.06,0.09,0.08,-0.08,-0.06,-0.07,-0.08,-0.06]",37.37,1189.17,111,424,,,,,,,0.22,-0.29,-0.83,0.54,0.42,0.0,,,,
47932,30.813337326049805,-105.08573150634766,78.09,4.69,0.52,0.1,-0.01,0.0,-0.04,0.03,0.0,"[81.80,76.93,84.45,70.89,76.43,72.23,87.50,70.25,73.97,86.48]","[0.12,0.12,0.13,0.07,-0.04,0.11,0.13,0.13,0.12,0.11]","[-0.08,-0.07,-0.06,0.09,0.08,-0.08,-0.06,-0.07,-0.08,-0.06]",37.37,1189.17,111,424,,,,,,,0.22,-0.29,-0.83,0.54,0.42,0.0,,,,
47933,30.813337326049805,-105.085693359375,78.1,4.63,0.51,0.1,-0.01,0.0,-0.04,0.03,0.0,"[81.82,76.97,84.44,70.89,76.40,72.28,87.48,70.24,73.99,86.45]","[0.12,0.12,0.13,0.07,-0.04,0.11,0.13,0.13,0.12,0.11]","[-0.09,-0.08,-0.06,0.08,0.08,-0.09,-0.06,-0.07,-0.08,-0.06]",37.49,1189.29,111,425,,,,,,,0.23,-0.29,-0.82,0.53,0.42,0.0,,,,
47933,30.813337326049805,-105.085693359375,78.1,4.63,0.51,0.1,-0.01,0.0,-0.04,0.03,0.0,"[81.82,76.97,84.44,70.89,76.40,72.28,87.48,70.24,73.99,86.45]","[0.12,0.12,0.13,0.07,-0.04,0.11,0.13,0.13,0.12,0.11]","[-0.09,-0.08,-0.06,0.08,0.08,-0.09,-0.06,-0.07,-0.08,-0.06]",37.49,1189.29,111,425,,,,,,,0.23,-0.29,-0.82,0.53,0.42,0.0,,,,
47934,30.813337326049805,-105.08563232421875,78.1,4.62,0.51,0.1,-0.01,0.0,-0.04,0.03,0.0,"[81.83,76.98,84.44,70.89,76.40,72.28,87.48,70.24,73.99,86.45]","[0.12,0.12,0.13,0.07,-0.04,0.11,0.13,0.13,0.12,0.11]","[-0.09,-0.08,-0.06,0.08,0.08,-0.09,-0.06,-0.07,-0.08,-0.06]",37.48,1189.28,111,426,,,,,,,0.23,-0.29,-0.82,0.53,0.42,0.0,,,,
47934,30.813337326049805,-105.08563232421875,78.1,4.62,0.51,0.1,-0.01,0.0,-0.04,0.03,0.0,"[81.83,76.98,84.44,70.89,76.40,72.28,87.48,70.24,73.99,86.45]","[0.12,0.12,0.13,0.07,-0.04,0.11,0.13,0.13,0.12,0.11]","[-0.09,-0.08,-0.06,0.08,0.08,-0.09,-0.06,-0.07,-0.08,-0.06]",37.48,1189.28,111,426,,,,,,,0.23,-0.29,-0.82,0.53,0.42,0.0,,,,
47935,30.813337326049805,-105.0855941772461,78.1,4.62,0.51,0.1,-0.01,0.0,-0.04,0.03,0.0,"[81.83,76.98,84.44,70.89,76.40,72.28,87.48,70.24,73.99,86.45]","[0.12,0.12,0.13,0.07,-0.04,0.11,0.13,0.13,0.12,0.11]","[-0.09,-0.08,-0.06,0.08,0.08,-0.09,-0.06,-0.07,-0.08,-0.06]",37.33,1189.13,111,427,,,,,,,0.23,-0.29,-0.82,0.53,0.42,0.0,,,,
47935,30.813337326049805,-105.0855941772461,78.1,4.62,0.51,0.1,-0.01,0.0,-0.04,0.03,0.0,"[81.83,76.98,84.44,70.89,76.40,72.28,87.48,70.24,73.99,86.45]","[0.12,0.12,0.13,0.07,-0.04,0.11,0.13,0.13,0.12,0.11]","[-0.09,-0.08,-0.06,0.08,0.08,-0.09,-0.06,-0.07,-0.08,-0.06]",37.33,1189.13,111,427,,,,,,,0.23,-0.29,-0.82,0.53,0.42,0.0,,,,
48360,30.813291549682617,-105.08573150634766,78.15,4.7,0.52,0.1,-0.01,0.0,-0.04,0.03,0.0,"[81.83,76.96,84.46,71.19,76.44,72.28,87.53,70.31,73.97,86.53]","[0.12,0.12,0.13,0.07,-0.04,0.11,0.13,0.13,0.12,0.11]","[-0.09,-0.07,-0.06,0.08,0.08,-0.08,-0.06,-0.07,-0.08,-0.06]",37.04,1188.84,112,424,,,,,,,0.22,-0.28,-0.84,0.54,0.44,0.0,,,,
48360,30.813291549682617,-105.08573150634766,78.15,4.7,0.52,0.1,-0.01,0.0,-0.04,0.03,0.0,"[81.83,76.96,84.46,71.19,76.44,72.28,87.53,70.31,73.97,86.53]","[0.12,0.12,0.13,0.07,-0.04,0.11,0.13,0.13,0.12,0.11]","[-0.09,-0.07,-0.06,0.08,0.08,-0.08,-0.06,-0.07,-0.08,-0.06]",37.04,1188.84,112,424,,,,,,,0.22,-0.28,-0.84,0.54,0.44,0.0,,,,
48361,30.813291549682617,-105.085693359375,78.16,4.64,0.52,0.1,-0.01,0.0,-0.05,0.04,0.0,"[81.86,77.01,84.45,71.18,76.41,72.33,87.51,70.31,74.00,86.50]","[0.12,0.12,0.13,0.07,-0.04,0.11,0.13,0.13,0.12,0.11]","[-0.10,-0.08,-0.06,0.07,0.07,-0.09,-0.06,-0.07,-0.08,-0.06]",37.35,1189.15,112,425,,,,,,,0.23,-0.26,-0.82,0.53,0.46,0.0,,,,
48361,30.813291549682617,-105.085693359375,78.16,4.64,0.52,0.1,-0.01,0.0,-0.05,0.04,0.0,"[81.86,77.01,84.45,71.18,76.41,72.33,87.51,70.31,74.00,86.50]","[0.12,0.12,0.13,0.07,-0.04,0.11,0.13,0.13,0.12,0.11]","[-0.10,-0.08,-0.06,0.07,0.07,-0.09,-0.06,-0.07,-0.08,-0.06]",37.35,1189.15,112,425,,,,,,,0.23,-0.26,-0.82,0.53,0.46,0.0,,,,
48362,30.813291549682617,-105.08563232421875,78.16,4.63,0.51,0.1,-0.01,0.0,-0.05,0.04,0.0,"[81.86,77.02,84.45,71.18,76.41,72.34,87.51,70.31,74.00,86.49]","[0.12,0.12,0.13,0.07,-0.04,0.11,0.13,0.13,0.12,0.11]","[-0.10,-0.08,-0.06,0.07,0.07,-0.09,-0.06,-0.07,-0.08,-0.06]",37.43,1189.23,112,426,,,,,,,0.23,-0.26,-0.82,0.53,0.46,0.0,,,,
48362,30.813291549682617,-105.08563232421875,78.16,4.63,0.51,0.1,-0.01,0.0,-0.05,0.04,0.0,"[81.86,77.02,84.45,71.18,76.41,72.34,87.51,70.31,74.00,86.49]","[0.12,0.12,0.13,0.07,-0.04,0.11,0.13,0.13,0.12,0.11]","[-0.10,-0.08,-0.06,0.07,0.07,-0.09,-0.06,-0.07,-0.08,-0.06]",37.43,1189.23,112,426,,,,,,,0.23,-0.26,-0.82,0.53,0.46,0.0,,,,
48363,30.813291549682617,-105.0855941772461,78.16,4.63,0.51,0.1,-0.01,0.0,-0.05,0.04,0.0,"[81.86,77.02,84.45,71.18,76.41,72.34,87.51,70.31,74.00,86.49]","[0.12,0.12,0.13,0.07,-0.04,0.11,0.13,0.13,0.12,0.11]","[-0.10,-0.08,-0.06,0.07,0.07,-0.09,-0.06,-0.07,-0.08,-0.06]",37.31,1189.1,112,427,,,,,,,0.23,-0.26,-0.82,0.53,0.46,0.0,,,,
48363,30.813291549682617,-105.0855941772461,78.16,4.63,0.51,0.1,-0.01,0.0,-0.05,0.04,0.0,"[81.86,77.02,84.45,71.18,76.41,72.34,87.51,70.31,74.00,86.49]","[0.12,0.12,0.13,0.07,-0.04,0.11,0.13,0.13,0.12,0.11]","[-0.10,-0.08,-0.06,0.07,0.07,-0.09,-0.06,-0.07,-0.08,-0.06]",37.31,1189.1,112,427,,,,,,,0.23,-0.26,-0.82,0.53,0.46,0.0,,,,
48788,30.813247680664062,-105.08573150634766,78.21,4.71,0.52,0.1,-0.01,0.0,-0.04,0.03,0.0,"[81.85,76.99,84.46,71.55,76.44,72.33,87.55,70.37,73.95,86.57]","[0.12,0.12,0.13,0.07,-0.04,0.11,0.13,0.13,0.12,0.11]","[-0.09,-0.07,-0.06,0.07,0.08,-0.08,-0.06,-0.07,-0.07,-0.06]",36.93,1188.73,113,424,,,,,,,0.22,-0.26,-0.86,0.55,0.47,0.0,,,,
48788,30.813247680664062,-105.08573150634766,78.21,4.71,0.52,0.1,-0.01,0.0,-0.04,0.03,0.0,"[81.85,76.99,84.46,71.55,76.44,72.33,87.55,70.37,73.95,86.57]","[0.12,0.12,0.13,0.07,-0.04,0.11,0.13,0.13,0.12,0.11]","[-0.09,-0.07,-0.06,0.07,0.08,-0.08,-0.06,-0.07,-0.07,-0.06]",36.93,1188.73,113,424,,,,,,,0.22,-0.26,-0.86,0.55,0.47,0.0,,,,
48789,30.813247680664062,-105.085693359375,78.21,4.65,0.52,0.1,-0.01,0.0,-0.05,0.04,0.0,"[81.88,77.04,84.45,71.54,76.41,72.38,87.54,70.36,73.98,86.54]","[0.12,0.12,0.13,0.07,-0.04,0.11,0.13,0.13,0.12,0.11]","[-0.10,-0.08,-0.06,0.07,0.07,-0.09,-0.06,-0.07,-0.08,-0.06]",37.28,1189.08,113,425,,,,,,,0.22,-0.24,-0.84,0.54,0.5,0.0,,,,
48789,30.813247680664062,-105.085693359375,78.21,4.65,0.52,0.1,-0.01,0.0,-0.05,0.04,0.0,"[81.88,77.04,84.45,71.54,76.41,72.38,87.54,70.36,73.98,86.54]","[0.12,0.12,0.13,0.07,-0.04,0.11,0.13,0.13,0.12,0.11]","[-0.10,-0.08,-0.06,0.07,0.07,-0.09,-0.06,-0.07,-0.08,-0.06]",37.28,1189.08,113,425,,,,,,,0.22,-0.24,-0.84,0.54,0.5,0.0,,,,
48790,30.813247680664062,-105.08563232421875,78.21,4.65,0.52,0.1,-0.01,0.0,-0.05,0.04,0.0,"[81.89,77.04,84.45,71.54,76.41,72.38,87.54,70.36,73.98,86.54]","[0.12,0.12,0.13,0.07,-0.04,0.11,0.13,0.13,0.12,0.11]","[-0.10,-0.08,-0.06,0.07,0.07,-0.09,-0.06,-0.07,-0.08,-0.06]",37.34,1189.14,113,426,,,,,,,0.22,-0.24,-0.84,0.54,0.5,0.0,,,,
48790,30.813247680664062,-105.08563232421875,78.21,4.65,0.52,0.1,-0.01,0.0,-0.05,0.04,0.0,"[81.89,77.04,84.45,71.54,76.41,72.38,87.54,70.36,73.98,86.54]","[0.12,0.12,0.13,0.07,-0.04,0.11,0.13,0.13,0.12,0.11]","[-0.10,-0.08,-0.06,0.07,0.07,-0.09,-0.06,-0.07,-0.08,-0.06]",37.34,1189.14,113,426,,,,,,,0.22,-0.24,-0.84,0.54,0.5,0.0,,,,
48791,30.813247680664062,-105.0855941772461,78.21,4.65,0.52,0.1,-0.01,0.0,-0.05,0.04,0.0,"[81.89,77.04,84.45,71.54,76.41,72.38,87.54,70.36,73.98,86.54]","[0.12,0.12,0.13,0.07,-0.04,0.11,0.13,0.13,0.12,0.11]","[-0.10,-0.08,-0.06,0.07,0.07,-0.09,-0.06,-0.07,-0.08,-0.06]",37.23,1189.03,113,427,,,,,,,0.22,-0.24,-0.84,0.54,0.5,0.0,,,,
48791,30.813247680664062,-105.0855941772461,78.21,4.65,0.52,0.1,-0.01,0.0,-0.05,0.04,0.0,"[81.89,77.04,84.45,71.54,76.41,72.38,87.54,70.36,73.98,86.54]","[0.12,0.12,0.13,0.07,-0.04,0.11,0.13,0.13,0.12,0.11]","[-0.10,-0.08,-0.06,0.07,0.07,-0.09,-0.06,-0.07,-0.08,-0.06]",37.23,1189.03,113,427,,,,,,,0.22,-0.24,-0.84,0.54,0.5,0.0,,,,
49216,30.813203811645508,-105.08573150634766,78.26,4.74,0.53,0.1,-0.01,0.0,-0.04,0.03,0.0,"[81.87,76.99,84.44,72.03,76.44,72.35,87.57,70.40,73.91,86.60]","[0.12,0.12,0.13,0.07,-0.04,0.11,0.13,0.13,0.12,0.11]","[-0.08,-0.07,-0.06,0.06,0.09,-0.07,-0.05,-0.06,-0.07,-0.06]",36.65,1188.45,114,424,,,,,,,0.21,-0.25,-0.89,0.56,0.49,0.0,,,,
49216,30.813203811645508,-105.08573150634766,78.26,4.74,0.53,0.1,-0.01,0.0,-0.04,0.03,0.0,"[81.87,76.99,84.44,72.03,76.44,72.35,87.57,70.40,73.91,86.60]","[0.12,0.12,0.13,0.07,-0.04,0.11,0.13,0.13,0.12,0.11]","[-0.08,-0.07,-0.06,0.06,0.09,-0.07,-0.05,-0.06,-0.07,-0.06]",36.65,1188.45,114,424,,,,,,,0.21,-0.25,-0.89,0.56,0.49,0.0,,,,
49217,30.813203811645508,-105.085693359375,78.27,4.68,0.52,0.1,-0.01,0.0,-0.04,0.03,0.0,"[81.90,77.04,84.43,72.02,76.41,72.40,87.56,70.40,73.93,86.58]","[0.12,0.12,0.13,0.07,-0.04,0.11,0.13,0.13,0.12,0.11]","[-0.09,-0.07,-0.06,0.05,0.08,-0.08,-0.06,-0.07,-0.08,-0.06]",37.13,1188.93,114,425,,,,,,,0.22,-0.22,-0.87,0.55,0.53,0.0,,,,
49217,30.813203811645508,-105.085693359375,78.27,4.68,0.52,0.1,-0.01,0.0,-0.04,0.03,0.0,"[81.90,77.04,84.43,72.02,76.41,72.40,87.56,70.40,73.93,86.58]","[0.12,0.12,0.13,0.07,-0.04,0.11,0.13,0.13,0.12,0.11]","[-0.09,-0.07,-0.06,0.05,0.08,-0.08,-0.06,-0.07,-0.08,-0.06]",37.13,1188.93,114,425,,,,,,,0.22,-0.22,-0.87,0.55,0.53,0.0,,,,
49218,30.813203811645508,-105.08563232421875,78.27,4.67,0.52,0.1,-0.01,0.0,-0.04,0.03,0.0,"[81.90,77.05,84.43,72.02,76.41,72.41,87.56,70.40,73.93,86.57]","[0.12,0.12,0.13,0.07,-0.04,0.11,0.13,0.13,0.12,0.11]","[-0.09,-0.08,-0.06,0.05,0.07,-0.08,-0.06,-0.07,-0.08,-0.06]",37.21,1189.01,114,426,,,,,,,0.22,-0.22,-0.87,0.55,0.54,0.0,,,,
49218,30.813203811645508,-105.08563232421875,78.27,4.67,0.52,0.1,-0.01,0.0,-0.04,0.03,0.0,"[81.90,77.05,84.43,72.02,76.41,72.41,87.56,70.40,73.93,86.57]","[0.12,0.12,0.13,0.07,-0.04,0.11,0.13,0.13,0.12,0.11]","[-0.09,-0.08,-0.06,0.05,0.07,-0.08,-0.06,-0.07,-0.08,-0.06]",37.21,1189.01,114,426,,,,,,,0.22,-0.22,-0.87,0.55,0.54,0.0,,,,
49219,30.813203811645508,-105.0855941772461,78.27,4.67,0.52,0.1,-0.01,0.0,-0.04,0.03,0.0,"[81.90,77.05,84.43,72.02,76.41,72.41,87.56,70.40,73.93,86.57]","[0.12,0.12,0.13,0.07,-0.04,0.11,0.13,0.13,0.12,0.11]","[-0.09,-0.08,-0.06,0.05,0.07,-0.08,-0.06,-0.07,-0.08,-0.06]",37.0,1188.8,114,427,,,,,,,0.22,-0.22,-0.87,0.55,0.54,0.0,,,,
49219,30.813203811645508,-105.0855941772461,78.27,4.67,0.52,0.1,-0.01,0.0,-0.04,0.03,0.0,"[81.90,77.05,84.43,72.02,76.41,72.41,87.56,70.40,73.93,86.57]","[0.12,0.12,0.13,0.07,-0.04,0.11,0.13,0.13,0.12,0.11]","[-0.09,-0.08,-0.06,0.05,0.07,-0.08,-0.06,-0.07,-0.08,-0.06]",37.0,1188.8,114,427,,,,,,,0.22,-0.22,-0.87,0.55,0.54,0.0,,,,
49644,30.813156127929688,-105.08573150634766,78.32,4.76,0.53,0.1,-0.01,0.0,-0.04,0.02,0.0,"[81.88,77.00,84.43,72.51,76.44,72.38,87.59,70.43,73.86,86.64]","[0.12,0.12,0.13,0.07,-0.04,0.11,0.13,0.13,0.12,0.11]","[-0.08,-0.07,-0.05,0.05,0.09,-0.07,-0.05,-0.06,-0.07,-0.06]",36.68,1188.48,115,424,,,,,,,0.21,-0.23,-0.91,0.56,0.52,0.0,,,,
49644,30.813156127929688,-105.08573150634766,78.32,4.76,0.53,0.1,-0.01,0.0,-0.04,0.02,0.0,"[81.88,77.00,84.43,72.51,76.44,72.38,87.59,70.43,73.86,86.64]","[0.12,0.12,0.13,0.07,-0.04,0.11,0.13,0.13,0.12,0.11]","[-0.08,-0.07,-0.05,0.05,0.09,-0.07,-0.05,-0.06,-0.07,-0.06]",36.68,1188.48,115,424,,,,,,,0.21,-0.23,-0.91,0.56,0.52,0.0,,,,
49645,30.813156127929688,-105.085693359375,78.32,4.7,0.52,0.1,-0.01,0.0,-0.04,0.02,0.0,"[81.91,77.05,84.42,72.49,76.41,72.43,87.57,70.43,73.88,86.61]","[0.12,0.12,0.13,0.07,-0.04,0.11,0.13,0.13,0.12,0.11]","[-0.08,-0.07,-0.06,0.04,0.08,-0.08,-0.06,-0.07,-0.08,-0.06]",37.02,1188.82,115,425,,,,,,,0.21,-0.21,-0.9,0.56,0.57,0.0,,,,
49645,30.813156127929688,-105.085693359375,78.32,4.7,0.52,0.1,-0.01,0.0,-0.04,0.02,0.0,"[81.91,77.05,84.42,72.49,76.41,72.43,87.57,70.43,73.88,86.61]","[0.12,0.12,0.13,0.07,-0.04,0.11,0.13,0.13,0.12,0.11]","[-0.08,-0.07,-0.06,0.04,0.08,-0.08,-0.06,-0.07,-0.08,-0.06]",37.02,1188.82,115,425,,,,,,,0.21,-0.21,-0.9,0.56,0.57,0.0,,,,
49646,30.813156127929688,-105.08563232421875,78.32,4.7,0.52,0.1,-0.01,0.0,-0.04,0.02,0.0,"[81.91,77.05,84.42,72.49,76.41,72.43,87.57,70.43,73.89,86.61]","[0.12,0.12,0.13,0.07,-0.04,0.11,0.13,0.13,0.12,0.11]","[-0.08,-0.07,-0.06,0.04,0.08,-0.08,-0.06,-0.07,-0.08,-0.06]",37.03,1188.83,115,426,,,,,,,0.21,-0.2,-0.9,0.56,0.57,0.0,,,,
49646,30.813156127929688,-105.08563232421875,78.32,4.7,0.52,0.1,-0.01,0.0,-0.04,0.02,0.0,"[81.91,77.05,84.42,72.49,76.41,72.43,87.57,70.43,73.89,86.61]","[0.12,0.12,0.13,0.07,-0.04,0.11,0.13,0.13,0.12,0.11]","[-0.08,-0.07,-0.06,0.04,0.08,-0.08,-0.06,-0.07,-0.08,-0.06]",37.03,1188.83,115,426,,,,,,,0.21,-0.2,-0.9,0.56,0.57,0.0,,,,
49647,30.813156127929688,-105.0855941772461,78.32,4.7,0.52,0.1,-0.01,0.0,-0.04,0.02,0.0,"[81.91,77.05,84.42,72.49,76.41,72.43,87.57,70.43,73.89,86.61]","[0.12,0.12,0.13,0.07,-0.04,0.11,0.13,0.13,0.12,0.11]","[-0.08,-0.07,-0.06,0.04,0.08,-0.08,-0.06,-0.07,-0.08,-0.06]",36.73,1188.53,115,427,,,,,,,0.21,-0.2,-0.9,0.56,0.57,0.0,,,,
49647,30.813156127929688,-105.0855941772461,78.32,4.7,0.52,0.1,-0.01,0.0,-0.04,0.02,0.0,"[81.91,77.05,84.42,72.49,76.41,72.43,87.57,70.43,73.89,86.61]","[0.12,0.12,0.13,0.07,-0.04,0.11,0.13,0.13,0.12,0.11]","[-0.08,-0.07,-0.06,0.04,0.08,-0.08,-0.06,-0.07,-0.08,-0.06]",36.73,1188.53,115,427,,,,,,,0.21,-0.2,-0.9,0.56,0.57,0.0,,,,
50072,30.813112258911133,-105.08573150634766,78.37,4.78,0.53,0.1,-0.0,0.0,-0.04,0.01,0.0,"[81.89,77.01,84.42,72.99,76.44,72.41,87.61,70.46,73.81,86.67]","[0.12,0.12,0.13,0.07,-0.04,0.11,0.13,0.13,0.13,0.12]","[-0.07,-0.07,-0.05,0.04,0.09,-0.06,-0.05,-0.06,-0.06,-0.06]",36.32,1188.12,116,424,,,,,,,0.2,-0.22,-0.94,0.57,0.55,0.0,,,,
50072,30.813112258911133,-105.08573150634766,78.37,4.78,0.53,0.1,-0.0,0.0,-0.04,0.01,0.0,"[81.89,77.01,84.42,72.99,76.44,72.41,87.61,70.46,73.81,86.67]","[0.12,0.12,0.13,0.07,-0.04,0.11,0.13,0.13,0.13,0.12]","[-0.07,-0.07,-0.05,0.04,0.09,-0.06,-0.05,-0.06,-0.06,-0.06]",36.32,1188.12,116,424,,,,,,,0.2,-0.22,-0.94,0.57,0.55,0.0,,,,
50073,30.813112258911133,-105.085693359375,78.38,4.73,0.53,0.1,-0.0,0.0,-0.04,0.01,0.0,"[81.92,77.05,84.41,72.97,76.42,72.45,87.59,70.47,73.84,86.65]","[0.12,0.12,0.13,0.07,-0.03,0.11,0.13,0.14,0.13,0.12]","[-0.08,-0.07,-0.05,0.03,0.08,-0.07,-0.05,-0.07,-0.07,-0.07]",36.66,1188.46,116,425,,,,,,,0.21,-0.19,-0.93,0.57,0.61,0.0,,,,
50073,30.813112258911133,-105.085693359375,78.38,4.73,0.53,0.1,-0.0,0.0,-0.04,0.01,0.0,"[81.92,77.05,84.41,72.97,76.42,72.45,87.59,70.47,73.84,86.65]","[0.12,0.12,0.13,0.07,-0.03,0.11,0.13,0.14,0.13,0.12]","[-0.08,-0.07,-0.05,0.03,0.08,-0.07,-0.05,-0.07,-0.07,-0.07]",36.66,1188.46,116,425,,,,,,,0.21,-0.19,-0.93,0.57,0.61,0.0,,,,
50074,30.813112258911133,-105.08563232421875,78.38,4.72,0.52,0.1,-0.0,0.0,-0.04,0.01,0.0,"[81.92,77.06,84.41,72.96,76.42,72.46,87.59,70.47,73.84,86.65]","[0.12,0.12,0.13,0.07,-0.03,0.11,0.13,0.14,0.13,0.12]","[-0.08,-0.07,-0.05,0.03,0.08,-0.07,-0.05,-0.07,-0.07,-0.07]",36.55,1188.35,116,426,,,,,,,0.21,-0.18,-0.93,0.57,0.61,0.0,,,,
50074,30.813112258911133,-105.08563232421875,78.38,4.72,0.52,0.1,-0.0,0.0,-0.04,0.01,0.0,"[81.92,77.06,84.41,72.96,76.42,72.46,87.59,70.47,73.84,86.65]","[0.12,0.12,0.13,0.07,-0.03,0.11,0.13,0.14,0.13,0.12]","[-0.08,-0.07,-0.05,0.03,0.08,-0.07,-0.05,-0.07,-0.07,-0.07]",36.55,1188.35,116,426,,,,,,,0.21,-0.18,-0.93,0.57,0.61,0.0,,,,
50075,30.813112258911133,-105.0855941772461,78.38,4.72,0.52,0.1,-0.0,0.0,-0.04,0.01,0.0,"[81.92,77.06,84.41,72.96,76.42,72.46,87.59,70.47,73.84,86.65]","[0.12,0.12,0.13,0.07,-0.03,0.11,0.13,0.14,0.13,0.12]","[-0.08,-0.07,-0.05,0.03,0.08,-0.07,-0.05,-0.07,-0.07,-0.07]",36.33,1188.13,116,427,,,,,,,0.21,-0.18,-0.93,0.57,0.61,0.0,,,,
50075,30.813112258911133,-105.0855941772461,78.38,4.72,0.52,0.1,-0.0,0.0,-0.04,0.01,0.0,"[81.92,77.06,84.41,72.96,76.42,72.46,87.59,70.47,73.84,86.65]","[0.12,0.12,0.13,0.07,-0.03,0.11,0.13,0.14,0.13,0.12]","[-0.08,-0.07,-0.05,0.03,0.08,-0.07,-0.05,-0.07,-0.07,-0.07]",36.33,1188.13,116,427,,,,,,,0.21,-0.18,-0.93,0.57,0.61,0.0,,,,
50500,30.813066482543945,-105.08573150634766,78.43,4.8,0.53,0.1,0.0,0.0,-0.03,0.01,0.0,"[81.91,77.01,84.41,73.47,76.44,72.43,87.62,70.50,73.76,86.71]","[0.12,0.12,0.13,0.07,-0.03,0.11,0.13,0.14,0.13,0.12]","[-0.07,-0.06,-0.05,0.03,0.10,-0.06,-0.05,-0.06,-0.06,-0.06]",35.68,1187.48,117,424,,,,,,,0.2,-0.21,-0.96,0.58,0.57,0.0,,,,
50500,30.813066482543945,-105.08573150634766,78.43,4.8,0.53,0.1,0.0,0.0,-0.03,0.01,0.0,"[81.91,77.01,84.41,73.47,76.44,72.43,87.62,70.50,73.76,86.71]","[0.12,0.12,0.13,0.07,-0.03,0.11,0.13,0.14,0.13,0.12]","[-0.07,-0.06,-0.05,0.03,0.10,-0.06,-0.05,-0.06,-0.06,-0.06]",35.68,1187.48,117,424,,,,,,,0.2,-0.21,-0.96,0.58,0.57,0.0,,,,
50501,30.813066482543945,-105.085693359375,78.43,4.75,0.53,0.1,0.0,0.0,-0.04,0.0,0.0,"[81.93,77.06,84.40,73.44,76.42,72.48,87.61,70.50,73.79,86.69]","[0.12,0.12,0.13,0.07,-0.03,0.11,0.13,0.14,0.13,0.12]","[-0.07,-0.07,-0.05,0.02,0.09,-0.07,-0.05,-0.07,-0.07,-0.07]",36.02,1187.81,117,425,,,,,,,0.2,-0.17,-0.95,0.58,0.64,0.0,,,,
50501,30.813066482543945,-105.085693359375,78.43,4.75,0.53,0.1,0.0,0.0,-0.04,0.0,0.0,"[81.93,77.06,84.40,73.44,76.42,72.48,87.61,70.50,73.79,86.69]","[0.12,0.12,0.13,0.07,-0.03,0.11,0.13,0.14,0.13,0.12]","[-0.07,-0.07,-0.05,0.02,0.09,-0.07,-0.05,-0.07,-0.07,-0.07]",36.02,1187.81,117,425,,,,,,,0.2,-0.17,-0.95,0.58,0.64,0.0,,,,
50502,30.813066482543945,-105.08563232421875,78.43,4.75,0.53,0.1,0.0,0.0,-0.04,0.0,0.0,"[81.94,77.06,84.40,73.44,76.42,72.49,87.61,70.50,73.79,86.69]","[0.12,0.12,0.13,0.07,-0.03,0.11,0.13,0.14,0.13,0.12]","[-0.07,-0.07,-0.05,0.02,0.08,-0.07,-0.05,-0.07,-0.07,-0.07]",35.83,1187.63,117,426,,,,,,,0.2,-0.16,-0.95,0.58,0.65,0.0,,,,
50502,30.813066482543945,-105.08563232421875,78.43,4.75,0.53,0.1,0.0,0.0,-0.04,0.0,0.0,"[81.94,77.06,84.40,73.44,76.42,72.49,87.61,70.50,73.79,86.69]","[0.12,0.12,0.13,0.07,-0.03,0.11,0.13,0.14,0.13,0.12]","[-0.07,-0.07,-0.05,0.02,0.08,-0.07,-0.05,-0.07,-0.07,-0.07]",35.83,1187.63,117,426,,,,,,,0.2,-0.16,-0.95,0.58,0.65,0.0,,,,
50503,30.813066482543945,-105.0855941772461,78.43,4.75,0.53,0.1,0.0,0.0,-0.04,0.0,0.0,"[81.94,77.06,84.40,73.44,76.42,72.49,87.61,70.50,73.79,86.69]","[0.12,0.12,0.13,0.07,-0.03,0.11,0.13,0.14,0.13,0.12]","[-0.07,-0.07,-0.05,0.02,0.08,-0.07,-0.05,-0.07,-0.07,-0.07]",35.52,1187.32,117,427,,,,,,,0.2,-0.16,-0.95,0.58,0.65,0.0,,,,
50503,30.813066482543945,-105.0855941772461,78.43,4.75,0.53,0.1,0.0,0.0,-0.04,0.0,0.0,"[81.94,77.06,84.40,73.44,76.42,72.49,87.61,70.50,73.79,86.69]","[0.12,0.12,0.13,0.07,-0.03,0.11,0.13,0.14,0.13,0.12]","[-0.07,-0.07,-0.05,0.02,0.08,-0.07,-0.05,-0.07,-0.07,-0.07]",35.52,1187.32,117,427,,,,,,,0.2,-0.16,-0.95,0.58,0.65,0.0,,,,
50928,30.81302261352539,-105.08573150634766,78.48,4.83,0.54,0.1,0.0,0.0,-0.03,0.0,0.0,"[81.92,77.02,84.40,73.95,76.44,72.46,87.64,70.53,73.72,86.74]","[0.12,0.12,0.13,0.07,-0.03,0.11,0.13,0.14,0.13,0.12]","[-0.06,-0.06,-0.05,0.02,0.10,-0.05,-0.05,-0.06,-0.06,-0.06]",34.95,1186.75,118,424,,,,,,,0.19,-0.19,-0.97,0.59,0.59,0.0,,,,
50928,30.81302261352539,-105.08573150634766,78.48,4.83,0.54,0.1,0.0,0.0,-0.03,0.0,0.0,"[81.92,77.02,84.40,73.95,76.44,72.46,87.64,70.53,73.72,86.74]","[0.12,0.12,0.13,0.07,-0.03,0.11,0.13,0.14,0.13,0.12]","[-0.06,-0.06,-0.05,0.02,0.10,-0.05,-0.05,-0.06,-0.06,-0.06]",34.95,1186.75,118,424,,,,,,,0.19,-0.19,-0.97,0.59,0.59,0.0,,,,
50929,30.81302261352539,-105.085693359375,78.49,4.78,0.53,0.1,0.0,0.0,-0.04,-0.0,0.0,"[81.95,77.06,84.39,73.92,76.42,72.51,87.63,70.54,73.74,86.73]","[0.12,0.12,0.13,0.07,-0.03,0.11,0.13,0.14,0.13,0.12]","[-0.06,-0.06,-0.05,0.01,0.09,-0.06,-0.05,-0.07,-0.07,-0.07]",35.2,1187.0,118,425,,,,,,,0.19,-0.15,-0.97,0.59,0.68,0.0,,,,
50929,30.81302261352539,-105.085693359375,78.49,4.78,0.53,0.1,0.0,0.0,-0.04,-0.0,0.0,"[81.95,77.06,84.39,73.92,76.42,72.51,87.63,70.54,73.74,86.73]","[0.12,0.12,0.13,0.07,-0.03,0.11,0.13,0.14,0.13,0.12]","[-0.06,-0.06,-0.05,0.01,0.09,-0.06,-0.05,-0.07,-0.07,-0.07]",35.2,1187.0,118,425,,,,,,,0.19,-0.15,-0.97,0.59,0.68,0.0,,,,
50930,30.81302261352539,-105.08563232421875,78.49,4.77,0.53,0.1,0.0,0.0,-0.04,-0.0,0.0,"[81.95,77.07,84.39,73.91,76.42,72.51,87.63,70.54,73.74,86.72]","[0.12,0.12,0.13,0.07,-0.03,0.11,0.13,0.14,0.13,0.12]","[-0.06,-0.06,-0.05,0.01,0.09,-0.06,-0.05,-0.07,-0.07,-0.07]",34.79,1186.59,118,426,,,,,,,0.19,-0.15,-0.97,0.59,0.69,0.0,,,,
50930,30.81302261352539,-105.08563232421875,78.49,4.77,0.53,0.1,0.0,0.0,-0.04,-0.0,0.0,"[81.95,77.07,84.39,73.91,76.42,72.51,87.63,70.54,73.74,86.72]","[0.12,0.12,0.13,0.07,-0.03,0.11,0.13,0.14,0.13,0.12]","[-0.06,-0.06,-0.05,0.01,0.09,-0.06,-0.05,-0.07,-0.07,-0.07]",34.79,1186.59,118,426,,,,,,,0.19,-0.15,-0.97,0.59,0.69,0.0,,,,
50931,30.81302261352539,-105.0855941772461,78.49,4.77,0.53,0.1,0.0,0.0,-0.04,-0.0,0.0,"[81.95,77.07,84.39,73.91,76.42,72.51,87.63,70.54,73.74,86.72]","[0.12,0.12,0.13,0.07,-0.03,0.11,0.13,0.14,0.13,0.12]","[-0.06,-0.06,-0.05,0.01,0.09,-0.06,-0.05,-0.07,-0.07,-0.07]",33.93,1185.72,118,427,,,,,,,0.19,-0.15,-0.97,0.59,0.69,0.0,,,,
50931,30.81302261352539,-105.0855941772461,78.49,4.77,0.53,0.1,0.0,0.0,-0.04,-0.0,0.0,"[81.95,77.07,84.39,73.91,76.42,72.51,87.63,70.54,73.74,86.72]","[0.12,0.12,0.13,0.07,-0.03,0.11,0.13,0.14,0.13,0.12]","[-0.06,-0.06,-0.05,0.01,0.09,-0.06,-0.05,-0.07,-0.07,-0.07]",33.93,1185.72,118,427,,,,,,,0.19,-0.15,-0.97,0.59,0.69,0.0,,,,
51356,30.812978744506836,-105.08573150634766,78.51,4.85,0.54,0.1,0.0,0.0,-0.03,-0.0,0.0,"[81.92,77.01,84.38,74.31,76.43,72.47,87.65,70.55,73.63,86.77]","[0.12,0.12,0.13,0.07,-0.03,0.11,0.13,0.14,0.13,0.12]","[-0.06,-0.06,-0.05,0.01,0.10,-0.05,-0.04,-0.06,-0.06,-0.06]",34.09,1185.89,119,424,,,,,,,0.19,-0.19,-0.98,0.6,0.61,0.0,,,,
51356,30.812978744506836,-105.08573150634766,78.51,4.85,0.54,0.1,0.0,0.0,-0.03,-0.0,0.0,"[81.92,77.01,84.38,74.31,76.43,72.47,87.65,70.55,73.63,86.77]","[0.12,0.12,0.13,0.07,-0.03,0.11,0.13,0.14,0.13,0.12]","[-0.06,-0.06,-0.05,0.01,0.10,-0.05,-0.04,-0.06,-0.06,-0.06]",34.09,1185.89,119,424,,,,,,,0.19,-0.19,-0.98,0.6,0.61,0.0,,,,
51357,30.812978744506836,-105.085693359375,78.52,4.8,0.53,0.1,0.0,0.0,-0.04,-0.01,0.0,"[81.95,77.05,84.37,74.27,76.41,72.52,87.63,70.55,73.65,86.75]","[0.12,0.12,0.13,0.07,-0.03,0.11,0.13,0.14,0.13,0.12]","[-0.06,-0.06,-0.05,0.00,0.09,-0.06,-0.05,-0.07,-0.07,-0.07]",34.21,1186.01,119,425,,,,,,,0.19,-0.14,-0.98,0.6,0.7,0.0,,,,
51357,30.812978744506836,-105.085693359375,78.52,4.8,0.53,0.1,0.0,0.0,-0.04,-0.01,0.0,"[81.95,77.05,84.37,74.27,76.41,72.52,87.63,70.55,73.65,86.75]","[0.12,0.12,0.13,0.07,-0.03,0.11,0.13,0.14,0.13,0.12]","[-0.06,-0.06,-0.05,0.00,0.09,-0.06,-0.05,-0.07,-0.07,-0.07]",34.21,1186.01,119,425,,,,,,,0.19,-0.14,-0.98,0.6,0.7,0.0,,,,
51358,30.812978744506836,-105.08563232421875,78.52,4.8,0.53,0.1,0.0,0.0,-0.04,-0.01,0.0,"[81.95,77.06,84.37,74.27,76.41,72.52,87.63,70.55,73.65,86.75]","[0.12,0.12,0.13,0.07,-0.03,0.11,0.13,0.14,0.13,0.12]","[-0.06,-0.06,-0.05,0.00,0.09,-0.06,-0.05,-0.07,-0.07,-0.07]",33.64,1185.44,119,426,,,,,,,0.19,-0.14,-0.98,0.6,0.71,0.0,,,,
51358,30.812978744506836,-105.08563232421875,78.52,4.8,0.53,0.1,0.0,0.0,-0.04,-0.01,0.0,"[81.95,77.06,84.37,74.27,76.41,72.52,87.63,70.55,73.65,86.75]","[0.12,0.12,0.13,0.07,-0.03,0.11,0.13,0.14,0.13,0.12]","[-0.06,-0.06,-0.05,0.00,0.09,-0.06,-0.05,-0.07,-0.07,-0.07]",33.64,1185.44,119,426,,,,,,,0.19,-0.14,-0.98,0.6,0.71,0.0,,,,
51359,30.812978744506836,-105.0855941772461,78.52,4.8,0.53,0.1,0.0,0.0,-0.04,-0.01,0.0,"[81.95,77.06,84.37,74.27,76.41,72.52,87.63,70.55,73.65,86.75]","[0.12,0.12,0.13,0.07,-0.03,0.11,0.13,0.14,0.13,0.12]","[-0.06,-0.06,-0.05,0.00,0.09,-0.06,-0.05,-0.07,-0.07,-0.07]",31.96,1183.75,119,427,,,,,,,0.19,-0.14,-0.98,0.6,0.71,0.0,,,,
51359,30.812978744506836,-105.0855941772461,78.52,4.8,0.53,0.1,0.0,0.0,-0.04,-0.01,0.0,"[81.95,77.06,84.37,74.27,76.41,72.52,87.63,70.55,73.65,86.75]","[0.12,0.12,0.13,0.07,-0.03,0.11,0.13,0.14,0.13,0.12]","[-0.06,-0.06,-0.05,0.00,0.09,-0.06,-0.05,-0.07,-0.07,-0.07]",31.96,1183.75,119,427,,,,,,,0.19,-0.14,-0.98,0.6,0.71,0.0,,,,
51784,30.81293296813965,-105.08573150634766,78.48,4.87,0.54,0.1,0.0,0.0,-0.03,0.0,0.0,"[81.88,76.96,84.33,74.44,76.40,72.45,87.61,70.52,73.45,86.75]","[0.12,0.12,0.13,0.07,-0.03,0.11,0.13,0.14,0.13,0.12]","[-0.06,-0.06,-0.05,0.01,0.10,-0.05,-0.04,-0.06,-0.06,-0.06]",33.01,1184.8,120,424,,,,,,,0.18,-0.18,-0.98,0.61,0.62,0.0,,,,
51784,30.81293296813965,-105.08573150634766,78.48,4.87,0.54,0.1,0.0,0.0,-0.03,0.0,0.0,"[81.88,76.96,84.33,74.44,76.40,72.45,87.61,70.52,73.45,86.75]","[0.12,0.12,0.13,0.07,-0.03,0.11,0.13,0.14,0.13,0.12]","[-0.06,-0.06,-0.05,0.01,0.10,-0.05,-0.04,-0.06,-0.06,-0.06]",33.01,1184.8,120,424,,,,,,,0.18,-0.18,-0.98,0.61,0.62,0.0,,,,
51785,30.81293296813965,-105.085693359375,78.48,4.83,0.54,0.1,0.0,0.0,-0.04,0.0,0.0,"[81.91,77.00,84.31,74.39,76.38,72.49,87.60,70.53,73.47,86.74]","[0.12,0.12,0.13,0.07,-0.03,0.11,0.13,0.14,0.13,0.12]","[-0.07,-0.06,-0.05,-0.00,0.09,-0.06,-0.05,-0.07,-0.07,-0.07]",32.84,1184.64,120,425,,,,,,,0.18,-0.14,-0.98,0.61,0.7,0.0,,,,
51785,30.81293296813965,-105.085693359375,78.48,4.83,0.54,0.1,0.0,0.0,-0.04,0.0,0.0,"[81.91,77.00,84.31,74.39,76.38,72.49,87.60,70.53,73.47,86.74]","[0.12,0.12,0.13,0.07,-0.03,0.11,0.13,0.14,0.13,0.12]","[-0.07,-0.06,-0.05,-0.00,0.09,-0.06,-0.05,-0.07,-0.07,-0.07]",32.84,1184.64,120,425,,,,,,,0.18,-0.14,-0.98,0.61,0.7,0.0,,,,
51786,30.81293296813965,-105.08563232421875,78.48,4.82,0.54,0.1,0.0,0.0,-0.04,0.0,0.0,"[81.91,77.01,84.31,74.38,76.38,72.49,87.60,70.53,73.47,86.73]","[0.12,0.12,0.13,0.07,-0.03,0.11,0.13,0.14,0.13,0.12]","[-0.07,-0.06,-0.05,-0.00,0.09,-0.06,-0.05,-0.07,-0.07,-0.07]",32.03,1183.83,120,426,,,,,,,0.18,-0.14,-0.98,0.61,0.7,0.0,,,,
51786,30.81293296813965,-105.08563232421875,78.48,4.82,0.54,0.1,0.0,0.0,-0.04,0.0,0.0,"[81.91,77.01,84.31,74.38,76.38,72.49,87.60,70.53,73.47,86.73]","[0.12,0.12,0.13,0.07,-0.03,0.11,0.13,0.14,0.13,0.12]","[-0.07,-0.06,-0.05,-0.00,0.09,-0.06,-0.05,-0.07,-0.07,-0.07]",32.03,1183.83,120,426,,,,,,,0.18,-0.14,-0.98,0.61,0.7,0.0,,,,
51787,30.81293296813965,-105.0855941772461,78.48,4.82,0.54,0.1,0.0,0.0,-0.04,0.0,0.0,"[81.91,77.01,84.31,74.38,76.38,72.49,87.60,70.53,73.47,86.73]","[0.12,0.12,0.13,0.07,-0.03,0.11,0.13,0.14,0.13,0.12]","[-0.07,-0.06,-0.05,-0.00,0.09,-0.06,-0.05,-0.07,-0.07,-0.07]",30.3,1182.09,120,427,,,,,,,0.18,-0.14,-0.98,0.61,0.7,0.0,,,,
51787,30.81293296813965,-105.0855941772461,78.48,4.82,0.54,0.1,0.0,0.0,-0.04,0.0,0.0,"[81.91,77.01,84.31,74.38,76.38,72.49,87.60,70.53,73.47,86.73]","[0.12,0.12,0.13,0.07,-0.03,0.11,0.13,0.14,0.13,0.12]","[-0.07,-0.06,-0.05,-0.00,0.09,-0.06,-0.05,-0.07,-0.07,-0.07]",30.3,1182.09,120,427,,,,,,,0.18,-0.14,-0.98,0.61,0.7,0.0,,,,
52212,30.812889099121094,-105.08573150634766,78.45,4.89,0.54,0.1,0.0,0.0,-0.04,0.01,0.0,"[81.85,76.92,84.28,74.56,76.37,72.42,87.58,70.50,73.27,86.74]","[0.12,0.12,0.13,0.07,-0.03,0.11,0.13,0.14,0.13,0.12]","[-0.07,-0.06,-0.05,0.00,0.10,-0.06,-0.04,-0.06,-0.05,-0.06]",31.16,1182.96,121,424,,,,,,,0.18,-0.17,-0.97,0.61,0.63,0.0,,,,
52212,30.812889099121094,-105.08573150634766,78.45,4.89,0.54,0.1,0.0,0.0,-0.04,0.01,0.0,"[81.85,76.92,84.28,74.56,76.37,72.42,87.58,70.50,73.27,86.74]","[0.12,0.12,0.13,0.07,-0.03,0.11,0.13,0.14,0.13,0.12]","[-0.07,-0.06,-0.05,0.00,0.10,-0.06,-0.04,-0.06,-0.05,-0.06]",31.16,1182.96,121,424,,,,,,,0.18,-0.17,-0.97,0.61,0.63,0.0,,,,
52213,30.812889099121094,-105.085693359375,78.45,4.85,0.54,0.1,0.0,0.0,-0.04,0.0,0.0,"[81.87,76.95,84.26,74.49,76.35,72.46,87.57,70.50,73.29,86.72]","[0.12,0.12,0.13,0.07,-0.03,0.11,0.13,0.14,0.13,0.12]","[-0.07,-0.07,-0.06,-0.01,0.09,-0.06,-0.05,-0.07,-0.07,-0.07]",30.71,1182.51,121,425,,,,,,,0.18,-0.14,-0.97,0.61,0.69,0.0,,,,
52213,30.812889099121094,-105.085693359375,78.45,4.85,0.54,0.1,0.0,0.0,-0.04,0.0,0.0,"[81.87,76.95,84.26,74.49,76.35,72.46,87.57,70.50,73.29,86.72]","[0.12,0.12,0.13,0.07,-0.03,0.11,0.13,0.14,0.13,0.12]","[-0.07,-0.07,-0.06,-0.01,0.09,-0.06,-0.05,-0.07,-0.07,-0.07]",30.71,1182.51,121,425,,,,,,,0.18,-0.14,-0.97,0.61,0.69,0.0,,,,
52214,30.812889099121094,-105.08563232421875,78.45,4.85,0.54,0.1,0.0,0.0,-0.04,0.0,0.0,"[81.87,76.96,84.26,74.48,76.35,72.46,87.57,70.50,73.29,86.72]","[0.12,0.12,0.13,0.07,-0.03,0.11,0.13,0.14,0.13,0.12]","[-0.07,-0.07,-0.06,-0.01,0.09,-0.06,-0.05,-0.07,-0.07,-0.07]",29.81,1181.61,121,426,,,,,,,0.18,-0.14,-0.97,0.61,0.7,0.0,,,,
52214,30.812889099121094,-105.08563232421875,78.45,4.85,0.54,0.1,0.0,0.0,-0.04,0.0,0.0,"[81.87,76.96,84.26,74.48,76.35,72.46,87.57,70.50,73.29,86.72]","[0.12,0.12,0.13,0.07,-0.03,0.11,0.13,0.14,0.13,0.12]","[-0.07,-0.07,-0.06,-0.01,0.09,-0.06,-0.05,-0.07,-0.07,-0.07]",29.81,1181.61,121,426,,,,,,,0.18,-0.14,-0.97,0.61,0.7,0.0,,,,
52215,30.812889099121094,-105.0855941772461,78.45,4.85,0.54,0.1,0.0,0.0,-0.04,0.0,0.0,"[81.87,76.96,84.26,74.48,76.35,72.46,87.57,70.50,73.29,86.72]","[0.12,0.12,0.13,0.07,-0.03,0.11,0.13,0.14,0.13,0.12]","[-0.07,-0.07,-0.06,-0.01,0.09,-0.06,-0.05,-0.07,-0.07,-0.07]",28.42,1180.22,121,427,,,,,,,0.18,-0.14,-0.97,0.61,0.7,0.0,,,,
52215,30.812889099121094,-105.0855941772461,78.45,4.85,0.54,0.1,0.0,0.0,-0.04,0.0,0.0,"[81.87,76.96,84.26,74.48,76.35,72.46,87.57,70.50,73.29,86.72]","[0.12,0.12,0.13,0.07,-0.03,0.11,0.13,0.14,0.13,0.12]","[-0.07,-0.07,-0.06,-0.01,0.09,-0.06,-0.05,-0.07,-0.07,-0.07]",28.42,1180.22,121,427,,,,,,,0.18,-0.14,-0.97,0.61,0.7,0.0,,,,
52640,30.812841415405273,-105.08573150634766,78.42,4.92,0.55,0.11,-0.01,0.0,-0.04,0.01,0.0,"[81.81,76.87,84.23,74.69,76.34,72.39,87.55,70.47,73.08,86.73]","[0.13,0.13,0.14,0.07,-0.03,0.12,0.14,0.14,0.13,0.12]","[-0.07,-0.07,-0.06,-0.00,0.10,-0.06,-0.04,-0.06,-0.05,-0.06]",29.33,1181.13,122,424,,,,,,,0.18,-0.17,-0.97,0.62,0.64,0.0,,,,
52640,30.812841415405273,-105.08573150634766,78.42,4.92,0.55,0.11,-0.01,0.0,-0.04,0.01,0.0,"[81.81,76.87,84.23,74.69,76.34,72.39,87.55,70.47,73.08,86.73]","[0.13,0.13,0.14,0.07,-0.03,0.12,0.14,0.14,0.13,0.12]","[-0.07,-0.07,-0.06,-0.00,0.10,-0.06,-0.04,-0.06,-0.05,-0.06]",29.33,1181.13,122,424,,,,,,,0.18,-0.17,-0.97,0.62,0.64,0.0,,,,
52641,30.812841415405273,-105.085693359375,78.41,4.88,0.54,0.11,-0.01,0.0,-0.04,0.01,0.0,"[81.83,76.91,84.21,74.59,76.32,72.43,87.53,70.48,73.10,86.71]","[0.13,0.13,0.14,0.07,-0.02,0.12,0.14,0.15,0.13,0.12]","[-0.08,-0.07,-0.06,-0.01,0.09,-0.07,-0.05,-0.06,-0.06,-0.06]",28.89,1180.69,122,425,,,,,,,0.18,-0.14,-0.97,0.62,0.69,0.0,,,,
52641,30.812841415405273,-105.085693359375,78.41,4.88,0.54,0.11,-0.01,0.0,-0.04,0.01,0.0,"[81.83,76.91,84.21,74.59,76.32,72.43,87.53,70.48,73.10,86.71]","[0.13,0.13,0.14,0.07,-0.02,0.12,0.14,0.15,0.13,0.12]","[-0.08,-0.07,-0.06,-0.01,0.09,-0.07,-0.05,-0.06,-0.06,-0.06]",28.89,1180.69,122,425,,,,,,,0.18,-0.14,-0.97,0.62,0.69,0.0,,,,
52642,30.812841415405273,-105.08563232421875,78.41,4.87,0.54,0.11,-0.01,0.0,-0.04,0.01,0.0,"[81.84,76.91,84.21,74.58,76.32,72.43,87.53,70.48,73.11,86.71]","[0.13,0.13,0.14,0.07,-0.02,0.12,0.14,0.15,0.13,0.12]","[-0.08,-0.07,-0.06,-0.01,0.09,-0.07,-0.05,-0.06,-0.06,-0.06]",27.39,1179.19,122,426,,,,,,,0.18,-0.14,-0.97,0.62,0.69,0.0,,,,
52642,30.812841415405273,-105.08563232421875,78.41,4.87,0.54,0.11,-0.01,0.0,-0.04,0.01,0.0,"[81.84,76.91,84.21,74.58,76.32,72.43,87.53,70.48,73.11,86.71]","[0.13,0.13,0.14,0.07,-0.02,0.12,0.14,0.15,0.13,0.12]","[-0.08,-0.07,-0.06,-0.01,0.09,-0.07,-0.05,-0.06,-0.06,-0.06]",27.39,1179.19,122,426,,,,,,,0.18,-0.14,-0.97,0.62,0.69,0.0,,,,
52643,30.812841415405273,-105.0855941772461,78.41,4.87,0.54,0.11,-0.01,0.0,-0.04,0.01,0.0,"[81.84,76.91,84.21,74.58,76.32,72.43,87.53,70.48,73.11,86.71]","[0.13,0.13,0.14,0.07,-0.02,0.12,0.14,0.15,0.13,0.12]","[-0.08,-0.07,-0.06,-0.01,0.09,-0.07,-0.05,-0.06,-0.06,-0.06]",24.15,1175.94,122,427,,,,,,,0.18,-0.14,-0.97,0.62,0.69,0.0,,,,
52643,30.812841415405273,-105.0855941772461,78.41,4.87,0.54,0.11,-0.01,0.0,-0.04,0.01,0.0,"[81.84,76.91,84.21,74.58,76.32,72.43,87.53,70.48,73.11,86.71]","[0.13,0.13,0.14,0.07,-0.02,0.12,0.14,0.15,0.13,0.12]","[-0.08,-0.07,-0.06,-0.01,0.09,-0.07,-0.05,-0.06,-0.06,-0.06]",24.15,1175.94,122,427,,,,,,,0.18,-0.14,-0.97,0.62,0.69,0.0,,,,
53068,30.81279754638672,-105.08573150634766,78.38,4.94,0.55,0.11,-0.01,0.0,-0.04,0.02,0.0,"[81.77,76.82,84.18,74.81,76.31,72.36,87.52,70.45,72.90,86.71]","[0.13,0.13,0.14,0.07,-0.02,0.12,0.14,0.15,0.13,0.12]","[-0.08,-0.07,-0.06,-0.01,0.10,-0.06,-0.04,-0.05,-0.05,-0.06]",28.55,1180.35,123,424,,,,,,,0.18,-0.16,-0.96,0.63,0.65,0.0,,,,
53068,30.81279754638672,-105.08573150634766,78.38,4.94,0.55,0.11,-0.01,0.0,-0.04,0.02,0.0,"[81.77,76.82,84.18,74.81,76.31,72.36,87.52,70.45,72.90,86.71]","[0.13,0.13,0.14,0.07,-0.02,0.12,0.14,0.15,0.13,0.12]","[-0.08,-0.07,-0.06,-0.01,0.10,-0.06,-0.04,-0.05,-0.05,-0.06]",28.55,1180.35,123,424,,,,,,,0.18,-0.16,-0.96,0.63,0.65,0.0,,,,
53069,30.81279754638672,-105.085693359375,78.38,4.9,0.55,0.11,-0.01,0.0,-0.04,0.02,0.0,"[81.80,76.86,84.16,74.70,76.29,72.40,87.50,70.45,72.92,86.70]","[0.13,0.13,0.14,0.07,-0.02,0.12,0.14,0.15,0.13,0.12]","[-0.08,-0.07,-0.06,-0.01,0.09,-0.07,-0.05,-0.06,-0.06,-0.06]",28.11,1179.91,123,425,,,,,,,0.18,-0.15,-0.96,0.63,0.69,0.0,,,,
53069,30.81279754638672,-105.085693359375,78.38,4.9,0.55,0.11,-0.01,0.0,-0.04,0.02,0.0,"[81.80,76.86,84.16,74.70,76.29,72.40,87.50,70.45,72.92,86.70]","[0.13,0.13,0.14,0.07,-0.02,0.12,0.14,0.15,0.13,0.12]","[-0.08,-0.07,-0.06,-0.01,0.09,-0.07,-0.05,-0.06,-0.06,-0.06]",28.11,1179.91,123,425,,,,,,,0.18,-0.15,-0.96,0.63,0.69,0.0,,,,
53070,30.81279754638672,-105.08563232421875,78.38,4.9,0.54,0.11,-0.01,0.0,-0.04,0.02,0.0,"[81.80,76.86,84.16,74.69,76.29,72.40,87.50,70.45,72.92,86.69]","[0.13,0.13,0.14,0.07,-0.02,0.12,0.14,0.15,0.13,0.12]","[-0.08,-0.07,-0.06,-0.01,0.09,-0.07,-0.05,-0.06,-0.06,-0.06]",26.07,1177.87,123,426,,,,,,,0.18,-0.14,-0.96,0.63,0.69,0.0,,,,
53070,30.81279754638672,-105.08563232421875,78.38,4.9,0.54,0.11,-0.01,0.0,-0.04,0.02,0.0,"[81.80,76.86,84.16,74.69,76.29,72.40,87.50,70.45,72.92,86.69]","[0.13,0.13,0.14,0.07,-0.02,0.12,0.14,0.15,0.13,0.12]","[-0.08,-0.07,-0.06,-0.01,0.09,-0.07,-0.05,-0.06,-0.06,-0.06]",26.07,1177.87,123,426,,,,,,,0.18,-0.14,-0.96,0.63,0.69,0.0,,,,
53071,30.81279754638672,-105.0855941772461,78.38,4.9,0.54,0.11,-0.01,0.0,-0.04,0.02,0.0,"[81.80,76.86,84.16,74.69,76.29,72.40,87.50,70.45,72.92,86.69]","[0.13,0.13,0.14,0.07,-0.02,0.12,0.14,0.15,0.13,0.12]","[-0.08,-0.07,-0.06,-0.01,0.09,-0.07,-0.05,-0.06,-0.06,-0.06]",21.06,1172.86,123,427,,,,,,,0.18,-0.14,-0.96,0.63,0.69,0.0,,,,
53071,30.81279754638672,-105.0855941772461,78.38,4.9,0.54,0.11,-0.01,0.0,-0.04,0.02,0.0,"[81.80,76.86,84.16,74.69,76.29,72.40,87.50,70.45,72.92,86.69]","[0.13,0.13,0.14,0.07,-0.02,0.12,0.14,0.15,0.13,0.12]","[-0.08,-0.07,-0.06,-0.01,0.09,-0.07,-0.05,-0.06,-0.06,-0.06]",21.06,1172.86,123,427,,,,,,,0.18,-0.14,-0.96,0.63,0.69,0.0,,,,
53496,30.812753677368164,-105.08573150634766,78.35,4.96,0.55,0.11,-0.01,0.0,-0.04,0.03,0.0,"[81.74,76.78,84.13,74.93,76.28,72.34,87.49,70.42,72.72,86.70]","[0.13,0.13,0.14,0.07,-0.02,0.12,0.14,0.15,0.13,0.12]","[-0.08,-0.07,-0.06,-0.01,0.10,-0.06,-0.04,-0.05,-0.05,-0.06]",28.06,1179.86,124,424,,,,,,,0.17,-0.16,-0.95,0.63,0.67,0.0,,,,
53496,30.812753677368164,-105.08573150634766,78.35,4.96,0.55,0.11,-0.01,0.0,-0.04,0.03,0.0,"[81.74,76.78,84.13,74.93,76.28,72.34,87.49,70.42,72.72,86.70]","[0.13,0.13,0.14,0.07,-0.02,0.12,0.14,0.15,0.13,0.12]","[-0.08,-0.07,-0.06,-0.01,0.10,-0.06,-0.04,-0.05,-0.05,-0.06]",28.06,1179.86,124,424,,,,,,,0.17,-0.16,-0.95,0.63,0.67,0.0,,,,
53497,30.812753677368164,-105.085693359375,78.34,4.92,0.55,0.11,-0.01,0.0,-0.05,0.02,0.0,"[81.76,76.81,84.11,74.80,76.26,72.37,87.47,70.43,72.74,86.68]","[0.13,0.13,0.14,0.07,-0.02,0.12,0.14,0.15,0.13,0.12]","[-0.09,-0.08,-0.07,-0.02,0.09,-0.07,-0.05,-0.06,-0.06,-0.06]",27.09,1178.89,124,425,,,,,,,0.17,-0.15,-0.95,0.63,0.68,0.0,,,,
53497,30.812753677368164,-105.085693359375,78.34,4.92,0.55,0.11,-0.01,0.0,-0.05,0.02,0.0,"[81.76,76.81,84.11,74.80,76.26,72.37,87.47,70.43,72.74,86.68]","[0.13,0.13,0.14,0.07,-0.02,0.12,0.14,0.15,0.13,0.12]","[-0.09,-0.08,-0.07,-0.02,0.09,-0.07,-0.05,-0.06,-0.06,-0.06]",27.09,1178.89,124,425,,,,,,,0.17,-0.15,-0.95,0.63,0.68,0.0,,,,
53498,30.812753677368164,-105.08563232421875,78.34,4.92,0.55,0.11,-0.01,0.0,-0.05,0.02,0.0,"[81.76,76.81,84.11,74.79,76.26,72.37,87.47,70.43,72.74,86.68]","[0.13,0.13,0.14,0.07,-0.02,0.12,0.14,0.15,0.13,0.12]","[-0.09,-0.08,-0.07,-0.02,0.09,-0.07,-0.05,-0.06,-0.06,-0.06]",25.45,1177.25,124,426,,,,,,,0.17,-0.15,-0.95,0.63,0.69,0.0,,,,
53498,30.812753677368164,-105.08563232421875,78.34,4.92,0.55,0.11,-0.01,0.0,-0.05,0.02,0.0,"[81.76,76.81,84.11,74.79,76.26,72.37,87.47,70.43,72.74,86.68]","[0.13,0.13,0.14,0.07,-0.02,0.12,0.14,0.15,0.13,0.12]","[-0.09,-0.08,-0.07,-0.02,0.09,-0.07,-0.05,-0.06,-0.06,-0.06]",25.45,1177.25,124,426,,,,,,,0.17,-0.15,-0.95,0.63,0.69,0.0,,,,
53499,30.812753677368164,-105.0855941772461,78.34,4.92,0.55,0.11,-0.01,0.0,-0.05,0.02,0.0,"[81.76,76.81,84.11,74.79,76.26,72.37,87.47,70.43,72.74,86.68]","[0.13,0.13,0.14,0.07,-0.02,0.12,0.14,0.15,0.13,0.12]","[-0.09,-0.08,-0.07,-0.02,0.09,-0.07,-0.05,-0.06,-0.06,-0.06]",21.81,1173.61,124,427,,,,,,,0.17,-0.15,-0.95,0.63,0.69,0.0,,,,
53499,30.812753677368164,-105.0855941772461,78.34,4.92,0.55,0.11,-0.01,0.0,-0.05,0.02,0.0,"[81.76,76.81,84.11,74.79,76.26,72.37,87.47,70.43,72.74,86.68]","[0.13,0.13,0.14,0.07,-0.02,0.12,0.14,0.15,0.13,0.12]","[-0.09,-0.08,-0.07,-0.02,0.09,-0.07,-0.05,-0.06,-0.06,-0.06]",21.81,1173.61,124,427,,,,,,,0.17,-0.15,-0.95,0.63,0.69,0.0,,,,
53924,30.81270980834961,-105.08573150634766,78.31,4.98,0.55,0.11,-0.01,0.0,-0.04,0.03,0.0,"[81.69,76.72,84.08,75.00,76.24,72.30,87.45,70.39,72.53,86.68]","[0.13,0.13,0.14,0.07,-0.02,0.12,0.14,0.15,0.13,0.12]","[-0.08,-0.07,-0.06,-0.02,0.10,-0.06,-0.04,-0.05,-0.05,-0.05]",27.21,1179.01,125,424,,,,,,,0.17,-0.15,-0.94,0.64,0.68,0.0,,,,
53924,30.81270980834961,-105.08573150634766,78.31,4.98,0.55,0.11,-0.01,0.0,-0.04,0.03,0.0,"[81.69,76.72,84.08,75.00,76.24,72.30,87.45,70.39,72.53,86.68]","[0.13,0.13,0.14,0.07,-0.02,0.12,0.14,0.15,0.13,0.12]","[-0.08,-0.07,-0.06,-0.02,0.10,-0.06,-0.04,-0.05,-0.05,-0.05]",27.21,1179.01,125,424,,,,,,,0.17,-0.15,-0.94,0.64,0.68,0.0,,,,
53925,30.81270980834961,-105.085693359375,78.3,4.95,0.55,0.11,-0.01,0.0,-0.05,0.03,0.0,"[81.71,76.75,84.06,74.86,76.22,72.33,87.43,70.40,72.54,86.66]","[0.13,0.13,0.14,0.07,-0.02,0.12,0.14,0.15,0.13,0.12]","[-0.09,-0.08,-0.07,-0.02,0.09,-0.07,-0.05,-0.06,-0.06,-0.06]",25.33,1177.13,125,425,,,,,,,0.17,-0.14,-0.94,0.64,0.69,0.0,,,,
53925,30.81270980834961,-105.085693359375,78.3,4.95,0.55,0.11,-0.01,0.0,-0.05,0.03,0.0,"[81.71,76.75,84.06,74.86,76.22,72.33,87.43,70.40,72.54,86.66]","[0.13,0.13,0.14,0.07,-0.02,0.12,0.14,0.15,0.13,0.12]","[-0.09,-0.08,-0.07,-0.02,0.09,-0.07,-0.05,-0.06,-0.06,-0.06]",25.33,1177.13,125,425,,,,,,,0.17,-0.14,-0.94,0.64,0.69,0.0,,,,
53926,30.81270980834961,-105.08563232421875,78.29,4.94,0.55,0.11,-0.01,0.0,-0.05,0.03,0.0,"[81.72,76.75,84.05,74.85,76.22,72.34,87.43,70.40,72.54,86.66]","[0.13,0.13,0.14,0.07,-0.02,0.12,0.14,0.15,0.13,0.12]","[-0.09,-0.08,-0.07,-0.02,0.09,-0.07,-0.05,-0.06,-0.06,-0.06]",23.53,1175.33,125,426,,,,,,,0.17,-0.14,-0.94,0.64,0.69,0.0,,,,
53926,30.81270980834961,-105.08563232421875,78.29,4.94,0.55,0.11,-0.01,0.0,-0.05,0.03,0.0,"[81.72,76.75,84.05,74.85,76.22,72.34,87.43,70.40,72.54,86.66]","[0.13,0.13,0.14,0.07,-0.02,0.12,0.14,0.15,0.13,0.12]","[-0.09,-0.08,-0.07,-0.02,0.09,-0.07,-0.05,-0.06,-0.06,-0.06]",23.53,1175.33,125,426,,,,,,,0.17,-0.14,-0.94,0.64,0.69,0.0,,,,
53927,30.81270980834961,-105.0855941772461,78.29,4.94,0.55,0.11,-0.01,0.0,-0.05,0.03,0.0,"[81.72,76.75,84.05,74.85,76.22,72.34,87.43,70.40,72.54,86.66]","[0.13,0.13,0.14,0.07,-0.02,0.12,0.14,0.15,0.13,0.12]","[-0.09,-0.08,-0.07,-0.02,0.09,-0.07,-0.05,-0.06,-0.06,-0.06]",18.96,1170.76,125,427,,,,,,,0.17,-0.14,-0.94,0.64,0.69,0.0,,,,
53927,30.81270980834961,-105.0855941772461,78.29,4.94,0.55,0.11,-0.01,0.0,-0.05,0.03,0.0,"[81.72,76.75,84.05,74.85,76.22,72.34,87.43,70.40,72.54,86.66]","[0.13,0.13,0.14,0.07,-0.02,0.12,0.14,0.15,0.13,0.12]","[-0.09,-0.08,-0.07,-0.02,0.09,-0.07,-0.05,-0.06,-0.06,-0.06]",18.96,1170.76,125,427,,,,,,,0.17,-0.14,-0.94,0.64,0.69,0.0,,,,
54352,30.812664031982422,-105.08573150634766,78.23,5.0,0.56,0.11,-0.01,0.0,-0.04,0.03,0.0,"[81.63,76.65,84.00,74.93,76.19,72.24,87.39,70.33,72.30,86.63]","[0.13,0.13,0.14,0.07,-0.02,0.12,0.14,0.15,0.13,0.12]","[-0.08,-0.07,-0.06,-0.02,0.10,-0.06,-0.04,-0.05,-0.05,-0.05]",25.85,1177.64,126,424,,,,,,,0.16,-0.13,-0.94,0.66,0.72,0.0,,,,
54352,30.812664031982422,-105.08573150634766,78.23,5.0,0.56,0.11,-0.01,0.0,-0.04,0.03,0.0,"[81.63,76.65,84.00,74.93,76.19,72.24,87.39,70.33,72.30,86.63]","[0.13,0.13,0.14,0.07,-0.02,0.12,0.14,0.15,0.13,0.12]","[-0.08,-0.07,-0.06,-0.02,0.10,-0.06,-0.04,-0.05,-0.05,-0.05]",25.85,1177.64,126,424,,,,,,,0.16,-0.13,-0.94,0.66,0.72,0.0,,,,
54353,30.812664031982422,-105.085693359375,78.21,4.97,0.55,0.11,-0.01,0.0,-0.05,0.03,0.0,"[81.65,76.67,83.98,74.78,76.17,72.27,87.37,70.34,72.31,86.61]","[0.13,0.13,0.14,0.07,-0.02,0.12,0.14,0.15,0.13,0.12]","[-0.09,-0.08,-0.06,-0.03,0.09,-0.07,-0.05,-0.06,-0.06,-0.06]",23.46,1175.25,126,425,,,,,,,0.16,-0.12,-0.94,0.66,0.73,0.0,,,,
54353,30.812664031982422,-105.085693359375,78.21,4.97,0.55,0.11,-0.01,0.0,-0.05,0.03,0.0,"[81.65,76.67,83.98,74.78,76.17,72.27,87.37,70.34,72.31,86.61]","[0.13,0.13,0.14,0.07,-0.02,0.12,0.14,0.15,0.13,0.12]","[-0.09,-0.08,-0.06,-0.03,0.09,-0.07,-0.05,-0.06,-0.06,-0.06]",23.46,1175.25,126,425,,,,,,,0.16,-0.12,-0.94,0.66,0.73,0.0,,,,
54354,30.812664031982422,-105.08563232421875,78.21,4.96,0.55,0.11,-0.01,0.0,-0.05,0.03,0.0,"[81.65,76.68,83.98,74.76,76.16,72.27,87.37,70.34,72.31,86.61]","[0.13,0.13,0.14,0.07,-0.02,0.12,0.14,0.15,0.13,0.12]","[-0.09,-0.08,-0.06,-0.03,0.09,-0.07,-0.05,-0.06,-0.06,-0.06]",20.07,1171.87,126,426,,,,,,,0.16,-0.12,-0.94,0.66,0.74,0.0,,,,
54354,30.812664031982422,-105.08563232421875,78.21,4.96,0.55,0.11,-0.01,0.0,-0.05,0.03,0.0,"[81.65,76.68,83.98,74.76,76.16,72.27,87.37,70.34,72.31,86.61]","[0.13,0.13,0.14,0.07,-0.02,0.12,0.14,0.15,0.13,0.12]","[-0.09,-0.08,-0.06,-0.03,0.09,-0.07,-0.05,-0.06,-0.06,-0.06]",20.07,1171.87,126,426,,,,,,,0.16,-0.12,-0.94,0.66,0.74,0.0,,,,
54355,30.812664031982422,-105.0855941772461,78.21,4.96,0.55,0.11,-0.01,0.0,-0.05,0.03,0.0,"[81.65,76.68,83.98,74.76,76.16,72.27,87.37,70.34,72.31,86.61]","[0.13,0.13,0.14,0.07,-0.02,0.12,0.14,0.15,0.13,0.12]","[-0.09,-0.08,-0.06,-0.03,0.09,-0.07,-0.05,-0.06,-0.06,-0.06]",15.89,1167.69,126,427,,,,,,,0.16,-0.12,-0.94,0.66,0.74,0.0,,,,
54355,30.812664031982422,-105.0855941772461,78.21,4.96,0.55,0.11,-0.01,0.0,-0.05,0.03,0.0,"[81.65,76.68,83.98,74.76,76.16,72.27,87.37,70.34,72.31,86.61]","[0.13,0.13,0.14,0.07,-0.02,0.12,0.14,0.15,0.13,0.12]","[-0.09,-0.08,-0.06,-0.03,0.09,-0.07,-0.05,-0.06,-0.06,-0.06]",15.89,1167.69,126,427,,,,,,,0.16,-0.12,-0.94,0.66,0.74,0.0,,,,
54780,30.812620162963867,-105.08573150634766,78.15,5.02,0.56,0.11,-0.01,0.0,-0.04,0.03,0.0,"[81.56,76.57,83.92,74.85,76.14,72.17,87.33,70.28,72.06,86.58]","[0.13,0.13,0.14,0.08,-0.02,0.12,0.14,0.15,0.13,0.12]","[-0.08,-0.07,-0.06,-0.03,0.10,-0.06,-0.04,-0.05,-0.05,-0.05]",24.2,1176.0,127,424,,,,,,,0.15,-0.11,-0.94,0.67,0.77,0.0,,,,
54780,30.812620162963867,-105.08573150634766,78.15,5.02,0.56,0.11,-0.01,0.0,-0.04,0.03,0.0,"[81.56,76.57,83.92,74.85,76.14,72.17,87.33,70.28,72.06,86.58]","[0.13,0.13,0.14,0.08,-0.02,0.12,0.14,0.15,0.13,0.12]","[-0.08,-0.07,-0.06,-0.03,0.10,-0.06,-0.04,-0.05,-0.05,-0.05]",24.2,1176.0,127,424,,,,,,,0.15,-0.11,-0.94,0.67,0.77,0.0,,,,
54781,30.812620162963867,-105.085693359375,78.13,4.99,0.55,0.11,-0.01,0.0,-0.04,0.03,0.0,"[81.58,76.59,83.90,74.69,76.11,72.20,87.31,70.28,72.08,86.56]","[0.13,0.13,0.14,0.08,-0.02,0.12,0.14,0.15,0.13,0.12]","[-0.08,-0.07,-0.06,-0.03,0.09,-0.07,-0.05,-0.06,-0.06,-0.05]",21.04,1172.83,127,425,,,,,,,0.15,-0.1,-0.94,0.68,0.78,0.0,,,,
54781,30.812620162963867,-105.085693359375,78.13,4.99,0.55,0.11,-0.01,0.0,-0.04,0.03,0.0,"[81.58,76.59,83.90,74.69,76.11,72.20,87.31,70.28,72.08,86.56]","[0.13,0.13,0.14,0.08,-0.02,0.12,0.14,0.15,0.13,0.12]","[-0.08,-0.07,-0.06,-0.03,0.09,-0.07,-0.05,-0.06,-0.06,-0.05]",21.04,1172.83,127,425,,,,,,,0.15,-0.1,-0.94,0.68,0.78,0.0,,,,
54782,30.812620162963867,-105.08563232421875,78.13,4.98,0.55,0.11,-0.01,0.0,-0.04,0.03,0.0,"[81.58,76.60,83.90,74.67,76.11,72.20,87.30,70.28,72.08,86.56]","[0.13,0.13,0.14,0.08,-0.02,0.12,0.14,0.15,0.13,0.12]","[-0.08,-0.07,-0.06,-0.03,0.09,-0.07,-0.05,-0.06,-0.06,-0.05]",17.04,1168.84,127,426,,,,,,,0.15,-0.1,-0.94,0.68,0.78,0.0,,,,
54782,30.812620162963867,-105.08563232421875,78.13,4.98,0.55,0.11,-0.01,0.0,-0.04,0.03,0.0,"[81.58,76.60,83.90,74.67,76.11,72.20,87.30,70.28,72.08,86.56]","[0.13,0.13,0.14,0.08,-0.02,0.12,0.14,0.15,0.13,0.12]","[-0.08,-0.07,-0.06,-0.03,0.09,-0.07,-0.05,-0.06,-0.06,-0.05]",17.04,1168.84,127,426,,,,,,,0.15,-0.1,-0.94,0.68,0.78,0.0,,,,
54783,30.812620162963867,-105.0855941772461,78.13,4.98,0.55,0.11,-0.01,0.0,-0.04,0.03,0.0,"[81.58,76.60,83.90,74.67,76.11,72.20,87.30,70.28,72.08,86.56]","[0.13,0.13,0.14,0.08,-0.02,0.12,0.14,0.15,0.13,0.12]","[-0.08,-0.07,-0.06,-0.03,0.09,-0.07,-0.05,-0.06,-0.06,-0.05]",15.01,1166.81,127,427,,,,,,,0.15,-0.1,-0.94,0.68,0.78,0.0,,,,
54783,30.812620162963867,-105.0855941772461,78.13,4.98,0.55,0.11,-0.01,0.0,-0.04,0.03,0.0,"[81.58,76.60,83.90,74.67,76.11,72.20,87.30,70.28,72.08,86.56]","[0.13,0.13,0.14,0.08,-0.02,0.12,0.14,0.15,0.13,0.12]","[-0.08,-0.07,-0.06,-0.03,0.09,-0.07,-0.05,-0.06,-0.06,-0.05]",15.01,1166.81,127,427,,,,,,,0.15,-0.1,-0.94,0.68,0.78,0.0,,,,
55208,30.812572479248047,-105.08573150634766,78.06,5.04,0.56,0.11,-0.01,0.0,-0.04,0.03,0.0,"[81.50,76.49,83.84,74.77,76.09,72.11,87.26,70.22,71.83,86.54]","[0.13,0.13,0.14,0.08,-0.03,0.12,0.14,0.15,0.13,0.12]","[-0.08,-0.07,-0.05,-0.03,0.10,-0.06,-0.04,-0.05,-0.05,-0.05]",22.73,1174.53,128,424,,,,,,,0.14,-0.09,-0.94,0.69,0.81,0.0,,,,
55208,30.812572479248047,-105.08573150634766,78.06,5.04,0.56,0.11,-0.01,0.0,-0.04,0.03,0.0,"[81.50,76.49,83.84,74.77,76.09,72.11,87.26,70.22,71.83,86.54]","[0.13,0.13,0.14,0.08,-0.03,0.12,0.14,0.15,0.13,0.12]","[-0.08,-0.07,-0.05,-0.03,0.10,-0.06,-0.04,-0.05,-0.05,-0.05]",22.73,1174.53,128,424,,,,,,,0.14,-0.09,-0.94,0.69,0.81,0.0,,,,
55209,30.812572479248047,-105.085693359375,78.04,5.01,0.56,0.11,-0.01,0.0,-0.04,0.03,0.0,"[81.51,76.51,83.82,74.60,76.06,72.13,87.24,70.22,71.84,86.51]","[0.13,0.13,0.14,0.08,-0.03,0.12,0.14,0.15,0.14,0.12]","[-0.08,-0.07,-0.05,-0.04,0.10,-0.06,-0.04,-0.05,-0.05,-0.05]",19.38,1171.18,128,425,,,,,,,0.14,-0.08,-0.93,0.69,0.83,0.0,,,,
55209,30.812572479248047,-105.085693359375,78.04,5.01,0.56,0.11,-0.01,0.0,-0.04,0.03,0.0,"[81.51,76.51,83.82,74.60,76.06,72.13,87.24,70.22,71.84,86.51]","[0.13,0.13,0.14,0.08,-0.03,0.12,0.14,0.15,0.14,0.12]","[-0.08,-0.07,-0.05,-0.04,0.10,-0.06,-0.04,-0.05,-0.05,-0.05]",19.38,1171.18,128,425,,,,,,,0.14,-0.08,-0.93,0.69,0.83,0.0,,,,
55210,30.812572479248047,-105.08563232421875,78.04,5.0,0.56,0.11,-0.01,0.0,-0.04,0.03,0.0,"[81.51,76.52,83.82,74.58,76.05,72.14,87.24,70.22,71.84,86.51]","[0.13,0.13,0.14,0.08,-0.03,0.12,0.14,0.15,0.14,0.12]","[-0.08,-0.07,-0.05,-0.04,0.10,-0.06,-0.04,-0.05,-0.05,-0.05]",15.65,1167.45,128,426,,,,,,,0.14,-0.08,-0.93,0.7,0.83,0.0,,,,
55210,30.812572479248047,-105.08563232421875,78.04,5.0,0.56,0.11,-0.01,0.0,-0.04,0.03,0.0,"[81.51,76.52,83.82,74.58,76.05,72.14,87.24,70.22,71.84,86.51]","[0.13,0.13,0.14,0.08,-0.03,0.12,0.14,0.15,0.14,0.12]","[-0.08,-0.07,-0.05,-0.04,0.10,-0.06,-0.04,-0.05,-0.05,-0.05]",15.65,1167.45,128,426,,,,,,,0.14,-0.08,-0.93,0.7,0.83,0.0,,,,
55211,30.812572479248047,-105.0855941772461,78.04,5.0,0.56,0.11,-0.01,0.0,-0.04,0.03,0.0,"[81.51,76.52,83.82,74.58,76.05,72.14,87.24,70.22,71.84,86.51]","[0.13,0.13,0.14,0.08,-0.03,0.12,0.14,0.15,0.14,0.12]","[-0.08,-0.07,-0.05,-0.04,0.10,-0.06,-0.04,-0.05,-0.05,-0.05]",14.56,1166.36,128,427,,,,,,,0.14,-0.08,-0.93,0.7,0.83,0.0,,,,
55211,30.812572479248047,-105.0855941772461,78.04,5.0,0.56,0.11,-0.01,0.0,-0.04,0.03,0.0,"[81.51,76.52,83.82,74.58,76.05,72.14,87.24,70.22,71.84,86.51]","[0.13,0.13,0.14,0.08,-0.03,0.12,0.14,0.15,0.14,0.12]","[-0.08,-0.07,-0.05,-0.04,0.10,-0.06,-0.04,-0.05,-0.05,-0.05]",14.56,1166.36,128,427,,,,,,,0.14,-0.08,-0.93,0.7,0.83,0.0,,,,
55636,30.81252670288086,-105.08573150634766,77.98,5.06,0.56,0.11,-0.01,0.0,-0.04,0.03,0.0,"[81.43,76.41,83.76,74.69,76.03,72.05,87.20,70.16,71.60,86.49]","[0.13,0.13,0.14,0.08,-0.03,0.12,0.14,0.15,0.14,0.12]","[-0.07,-0.06,-0.05,-0.04,0.10,-0.06,-0.04,-0.05,-0.05,-0.04]",20.42,1172.22,129,424,,,,,,,0.14,-0.07,-0.93,0.71,0.86,0.0,,,,
55636,30.81252670288086,-105.08573150634766,77.98,5.06,0.56,0.11,-0.01,0.0,-0.04,0.03,0.0,"[81.43,76.41,83.76,74.69,76.03,72.05,87.20,70.16,71.60,86.49]","[0.13,0.13,0.14,0.08,-0.03,0.12,0.14,0.15,0.14,0.12]","[-0.07,-0.06,-0.05,-0.04,0.10,-0.06,-0.04,-0.05,-0.05,-0.04]",20.42,1172.22,129,424,,,,,,,0.14,-0.07,-0.93,0.71,0.86,0.0,,,,
55637,30.81252670288086,-105.085693359375,77.96,5.03,0.56,0.11,-0.01,0.0,-0.04,0.03,0.0,"[81.44,76.43,83.74,74.50,76.00,72.07,87.18,70.16,71.61,86.47]","[0.13,0.13,0.14,0.08,-0.03,0.12,0.14,0.15,0.14,0.12]","[-0.08,-0.07,-0.05,-0.05,0.10,-0.06,-0.04,-0.05,-0.05,-0.05]",17.08,1168.88,129,425,,,,,,,0.13,-0.05,-0.92,0.71,0.88,0.0,,,,
55637,30.81252670288086,-105.085693359375,77.96,5.03,0.56,0.11,-0.01,0.0,-0.04,0.03,0.0,"[81.44,76.43,83.74,74.50,76.00,72.07,87.18,70.16,71.61,86.47]","[0.13,0.13,0.14,0.08,-0.03,0.12,0.14,0.15,0.14,0.12]","[-0.08,-0.07,-0.05,-0.05,0.10,-0.06,-0.04,-0.05,-0.05,-0.05]",17.08,1168.88,129,425,,,,,,,0.13,-0.05,-0.92,0.71,0.88,0.0,,,,
55638,30.81252670288086,-105.08563232421875,77.96,5.02,0.56,0.11,-0.01,0.0,-0.04,0.03,0.0,"[81.44,76.44,83.74,74.49,76.00,72.07,87.18,70.16,71.61,86.47]","[0.13,0.13,0.14,0.08,-0.03,0.12,0.14,0.15,0.14,0.12]","[-0.08,-0.07,-0.05,-0.05,0.10,-0.06,-0.04,-0.05,-0.05,-0.05]",14.9,1166.69,129,426,,,,,,,0.13,-0.05,-0.92,0.71,0.89,0.0,,,,
55638,30.81252670288086,-105.08563232421875,77.96,5.02,0.56,0.11,-0.01,0.0,-0.04,0.03,0.0,"[81.44,76.44,83.74,74.49,76.00,72.07,87.18,70.16,71.61,86.47]","[0.13,0.13,0.14,0.08,-0.03,0.12,0.14,0.15,0.14,0.12]","[-0.08,-0.07,-0.05,-0.05,0.10,-0.06,-0.04,-0.05,-0.05,-0.05]",14.9,1166.69,129,426,,,,,,,0.13,-0.05,-0.92,0.71,0.89,0.0,,,,
55639,30.81252670288086,-105.0855941772461,77.96,5.02,0.56,0.11,-0.01,0.0,-0.04,0.03,0.0,"[81.44,76.44,83.74,74.49,76.00,72.07,87.18,70.16,71.61,86.47]","[0.13,0.13,0.14,0.08,-0.03,0.12,0.14,0.15,0.14,0.12]","[-0.08,-0.07,-0.05,-0.05,0.10,-0.06,-0.04,-0.05,-0.05,-0.05]",14.35,1166.15,129,427,,,,,,,0.13,-0.05,-0.92,0.71,0.89,0.0,,,,
55639,30.81252670288086,-105.0855941772461,77.96,5.02,0.56,0.11,-0.01,0.0,-0.04,0.03,0.0,"[81.44,76.44,83.74,74.49,76.00,72.07,87.18,70.16,71.61,86.47]","[0.13,0.13,0.14,0.08,-0.03,0.12,0.14,0.15,0.14,0.12]","[-0.08,-0.07,-0.05,-0.05,0.10,-0.06,-0.04,-0.05,-0.05,-0.05]",14.35,1166.15,129,427,,,,,,,0.13,-0.05,-0.92,0.71,0.89,0.0,,,,
56064,30.812482833862305,-105.08573150634766,77.9,5.08,0.56,0.11,-0.01,0.0,-0.04,0.03,0.0,"[81.36,76.34,83.68,74.60,75.98,71.98,87.14,70.10,71.36,86.44]","[0.13,0.13,0.14,0.09,-0.03,0.12,0.14,0.15,0.14,0.12]","[-0.07,-0.06,-0.04,-0.04,0.10,-0.06,-0.04,-0.05,-0.05,-0.04]",17.85,1169.65,130,424,,,,,,,0.13,-0.04,-0.92,0.73,0.91,0.0,,,,
56064,30.812482833862305,-105.08573150634766,77.9,5.08,0.56,0.11,-0.01,0.0,-0.04,0.03,0.0,"[81.36,76.34,83.68,74.60,75.98,71.98,87.14,70.10,71.36,86.44]","[0.13,0.13,0.14,0.09,-0.03,0.12,0.14,0.15,0.14,0.12]","[-0.07,-0.06,-0.04,-0.04,0.10,-0.06,-0.04,-0.05,-0.05,-0.04]",17.85,1169.65,130,424,,,,,,,0.13,-0.04,-0.92,0.73,0.91,0.0,,,,
56065,30.812482833862305,-105.085693359375,77.88,5.05,0.56,0.11,-0.01,0.0,-0.04,0.03,0.0,"[81.37,76.35,83.66,74.41,75.94,72.00,87.12,70.10,71.37,86.42]","[0.13,0.13,0.14,0.09,-0.03,0.12,0.14,0.15,0.14,0.12]","[-0.07,-0.06,-0.04,-0.05,0.10,-0.06,-0.04,-0.05,-0.05,-0.04]",15.32,1167.12,130,425,,,,,,,0.12,-0.03,-0.91,0.73,0.94,0.0,,,,
56065,30.812482833862305,-105.085693359375,77.88,5.05,0.56,0.11,-0.01,0.0,-0.04,0.03,0.0,"[81.37,76.35,83.66,74.41,75.94,72.00,87.12,70.10,71.37,86.42]","[0.13,0.13,0.14,0.09,-0.03,0.12,0.14,0.15,0.14,0.12]","[-0.07,-0.06,-0.04,-0.05,0.10,-0.06,-0.04,-0.05,-0.05,-0.04]",15.32,1167.12,130,425,,,,,,,0.12,-0.03,-0.91,0.73,0.94,0.0,,,,
56066,30.812482833862305,-105.08563232421875,77.87,5.04,0.56,0.11,-0.01,0.0,-0.04,0.03,0.0,"[81.37,76.36,83.66,74.40,75.94,72.00,87.12,70.10,71.37,86.42]","[0.13,0.13,0.14,0.09,-0.03,0.12,0.14,0.15,0.14,0.12]","[-0.07,-0.06,-0.04,-0.05,0.10,-0.06,-0.04,-0.05,-0.05,-0.04]",14.44,1166.23,130,426,,,,,,,0.12,-0.03,-0.91,0.73,0.94,0.0,,,,
56066,30.812482833862305,-105.08563232421875,77.87,5.04,0.56,0.11,-0.01,0.0,-0.04,0.03,0.0,"[81.37,76.36,83.66,74.40,75.94,72.00,87.12,70.10,71.37,86.42]","[0.13,0.13,0.14,0.09,-0.03,0.12,0.14,0.15,0.14,0.12]","[-0.07,-0.06,-0.04,-0.05,0.10,-0.06,-0.04,-0.05,-0.05,-0.04]",14.44,1166.23,130,426,,,,,,,0.12,-0.03,-0.91,0.73,0.94,0.0,,,,
56067,30.812482833862305,-105.0855941772461,77.87,5.04,0.56,0.11,-0.01,0.0,-0.04,0.03,0.0,"[81.37,76.36,83.66,74.40,75.94,72.00,87.12,70.10,71.37,86.42]","[0.13,0.13,0.14,0.09,-0.03,0.12,0.14,0.15,0.14,0.12]","[-0.07,-0.06,-0.04,-0.05,0.10,-0.06,-0.04,-0.05,-0.05,-0.04]",13.98,1165.77,130,427,,,,,,,0.12,-0.03,-0.91,0.73,0.94,0.0,,,,
56067,30.812482833862305,-105.0855941772461,77.87,5.04,0.56,0.11,-0.01,0.0,-0.04,0.03,0.0,"[81.37,76.36,83.66,74.40,75.94,72.00,87.12,70.10,71.37,86.42]","[0.13,0.13,0.14,0.09,-0.03,0.12,0.14,0.15,0.14,0.12]","[-0.07,-0.06,-0.04,-0.05,0.10,-0.06,-0.04,-0.05,-0.05,-0.04]",13.98,1165.77,130,427,,,,,,,0.12,-0.03,-0.91,0.73,0.94,0.0,,,,
56492,30.812437057495117,-105.08573150634766,77.82,5.1,0.57,0.11,-0.01,0.0,-0.04,0.03,0.0,"[81.29,76.26,83.60,74.56,75.93,71.91,87.08,70.04,71.14,86.39]","[0.13,0.13,0.14,0.09,-0.03,0.12,0.14,0.15,0.14,0.12]","[-0.07,-0.06,-0.04,-0.05,0.10,-0.06,-0.04,-0.05,-0.05,-0.04]",16.36,1168.16,131,424,,,,,,,0.12,-0.03,-0.92,0.74,0.94,0.0,,,,
56492,30.812437057495117,-105.08573150634766,77.82,5.1,0.57,0.11,-0.01,0.0,-0.04,0.03,0.0,"[81.29,76.26,83.60,74.56,75.93,71.91,87.08,70.04,71.14,86.39]","[0.13,0.13,0.14,0.09,-0.03,0.12,0.14,0.15,0.14,0.12]","[-0.07,-0.06,-0.04,-0.05,0.10,-0.06,-0.04,-0.05,-0.05,-0.04]",16.36,1168.16,131,424,,,,,,,0.12,-0.03,-0.92,0.74,0.94,0.0,,,,
56493,30.812437057495117,-105.085693359375,77.8,5.06,0.56,0.11,-0.01,0.0,-0.04,0.03,0.0,"[81.30,76.27,83.58,74.36,75.89,71.93,87.06,70.04,71.15,86.37]","[0.13,0.13,0.14,0.09,-0.03,0.12,0.14,0.15,0.14,0.12]","[-0.07,-0.06,-0.04,-0.06,0.10,-0.06,-0.04,-0.05,-0.05,-0.04]",14.84,1166.64,131,425,,,,,,,0.12,-0.01,-0.91,0.75,0.97,0.0,,,,
56493,30.812437057495117,-105.085693359375,77.8,5.06,0.56,0.11,-0.01,0.0,-0.04,0.03,0.0,"[81.30,76.27,83.58,74.36,75.89,71.93,87.06,70.04,71.15,86.37]","[0.13,0.13,0.14,0.09,-0.03,0.12,0.14,0.15,0.14,0.12]","[-0.07,-0.06,-0.04,-0.06,0.10,-0.06,-0.04,-0.05,-0.05,-0.04]",14.84,1166.64,131,425,,,,,,,0.12,-0.01,-0.91,0.75,0.97,0.0,,,,
56494,30.812437057495117,-105.08563232421875,77.79,5.06,0.56,0.11,-0.01,0.0,-0.04,0.03,0.0,"[81.30,76.27,83.57,74.34,75.89,71.93,87.06,70.04,71.15,86.37]","[0.13,0.13,0.14,0.09,-0.03,0.12,0.14,0.15,0.14,0.12]","[-0.07,-0.06,-0.04,-0.06,0.10,-0.06,-0.04,-0.05,-0.05,-0.04]",14.04,1165.84,131,426,,,,,,,0.12,-0.01,-0.91,0.75,0.98,0.0,,,,
56494,30.812437057495117,-105.08563232421875,77.79,5.06,0.56,0.11,-0.01,0.0,-0.04,0.03,0.0,"[81.30,76.27,83.57,74.34,75.89,71.93,87.06,70.04,71.15,86.37]","[0.13,0.13,0.14,0.09,-0.03,0.12,0.14,0.15,0.14,0.12]","[-0.07,-0.06,-0.04,-0.06,0.10,-0.06,-0.04,-0.05,-0.05,-0.04]",14.04,1165.84,131,426,,,,,,,0.12,-0.01,-0.91,0.75,0.98,0.0,,,,
56495,30.812437057495117,-105.0855941772461,77.79,5.06,0.56,0.11,-0.01,0.0,-0.04,0.03,0.0,"[81.30,76.27,83.57,74.34,75.89,71.93,87.06,70.04,71.15,86.37]","[0.13,0.13,0.14,0.09,-0.03,0.12,0.14,0.15,0.14,0.12]","[-0.07,-0.06,-0.04,-0.06,0.10,-0.06,-0.04,-0.05,-0.05,-0.04]",13.7,1165.5,131,427,,,,,,,0.12,-0.01,-0.91,0.75,0.98,0.0,,,,
56495,30.812437057495117,-105.0855941772461,77.79,5.06,0.56,0.11,-0.01,0.0,-0.04,0.03,0.0,"[81.30,76.27,83.57,74.34,75.89,71.93,87.06,70.04,71.15,86.37]","[0.13,0.13,0.14,0.09,-0.03,0.12,0.14,0.15,0.14,0.12]","[-0.07,-0.06,-0.04,-0.06,0.10,-0.06,-0.04,-0.05,-0.05,-0.04]",13.7,1165.5,131,427,,,,,,,0.12,-0.01,-0.91,0.75,0.98,0.0,,,,
56920,30.812393188476562,-105.08573150634766,77.76,5.12,0.57,0.11,-0.01,0.0,-0.03,0.03,0.0,"[81.22,76.17,83.52,74.67,75.89,71.84,87.01,69.97,70.98,86.34]","[0.13,0.13,0.14,0.09,-0.03,0.12,0.14,0.15,0.14,0.12]","[-0.07,-0.06,-0.04,-0.04,0.10,-0.06,-0.04,-0.05,-0.05,-0.04]",15.2,1167.0,132,424,,,,,,,0.12,-0.04,-0.93,0.75,0.91,0.0,,,,
56920,30.812393188476562,-105.08573150634766,77.76,5.12,0.57,0.11,-0.01,0.0,-0.03,0.03,0.0,"[81.22,76.17,83.52,74.67,75.89,71.84,87.01,69.97,70.98,86.34]","[0.13,0.13,0.14,0.09,-0.03,0.12,0.14,0.15,0.14,0.12]","[-0.07,-0.06,-0.04,-0.04,0.10,-0.06,-0.04,-0.05,-0.05,-0.04]",15.2,1167.0,132,424,,,,,,,0.12,-0.04,-0.93,0.75,0.91,0.0,,,,
56921,30.812393188476562,-105.085693359375,77.73,5.08,0.56,0.11,-0.01,0.0,-0.04,0.03,0.0,"[81.23,76.19,83.49,74.49,75.85,71.85,86.99,69.96,70.98,86.31]","[0.13,0.13,0.14,0.09,-0.03,0.12,0.14,0.15,0.14,0.12]","[-0.07,-0.06,-0.04,-0.05,0.10,-0.06,-0.04,-0.05,-0.05,-0.04]",14.21,1166.01,132,425,,,,,,,0.11,-0.03,-0.92,0.75,0.93,0.0,,,,
56921,30.812393188476562,-105.085693359375,77.73,5.08,0.56,0.11,-0.01,0.0,-0.04,0.03,0.0,"[81.23,76.19,83.49,74.49,75.85,71.85,86.99,69.96,70.98,86.31]","[0.13,0.13,0.14,0.09,-0.03,0.12,0.14,0.15,0.14,0.12]","[-0.07,-0.06,-0.04,-0.05,0.10,-0.06,-0.04,-0.05,-0.05,-0.04]",14.21,1166.01,132,425,,,,,,,0.11,-0.03,-0.92,0.75,0.93,0.0,,,,
56922,30.812393188476562,-105.08563232421875,77.73,5.08,0.56,0.11,-0.01,0.0,-0.04,0.03,0.0,"[81.23,76.19,83.48,74.47,75.84,71.85,86.99,69.96,70.98,86.31]","[0.13,0.13,0.14,0.09,-0.03,0.12,0.14,0.15,0.14,0.12]","[-0.07,-0.06,-0.04,-0.05,0.10,-0.06,-0.04,-0.05,-0.05,-0.04]",13.73,1165.53,132,426,,,,,,,0.11,-0.03,-0.92,0.75,0.93,0.0,,,,
56922,30.812393188476562,-105.08563232421875,77.73,5.08,0.56,0.11,-0.01,0.0,-0.04,0.03,0.0,"[81.23,76.19,83.48,74.47,75.84,71.85,86.99,69.96,70.98,86.31]","[0.13,0.13,0.14,0.09,-0.03,0.12,0.14,0.15,0.14,0.12]","[-0.07,-0.06,-0.04,-0.05,0.10,-0.06,-0.04,-0.05,-0.05,-0.04]",13.73,1165.53,132,426,,,,,,,0.11,-0.03,-0.92,0.75,0.93,0.0,,,,
56923,30.812393188476562,-105.0855941772461,77.73,5.08,0.56,0.11,-0.01,0.0,-0.04,0.03,0.0,"[81.23,76.19,83.48,74.47,75.84,71.85,86.99,69.96,70.98,86.31]","[0.13,0.13,0.14,0.09,-0.03,0.12,0.14,0.15,0.14,0.12]","[-0.07,-0.06,-0.04,-0.05,0.10,-0.06,-0.04,-0.05,-0.05,-0.04]",13.2,1165.0,132,427,,,,,,,0.11,-0.03,-0.92,0.75,0.93,0.0,,,,
56923,30.812393188476562,-105.0855941772461,77.73,5.08,0.56,0.11,-0.01,0.0,-0.04,0.03,0.0,"[81.23,76.19,83.48,74.47,75.84,71.85,86.99,69.96,70.98,86.31]","[0.13,0.13,0.14,0.09,-0.03,0.12,0.14,0.15,0.14,0.12]","[-0.07,-0.06,-0.04,-0.05,0.10,-0.06,-0.04,-0.05,-0.05,-0.04]",13.2,1165.0,132,427,,,,,,,0.11,-0.03,-0.92,0.75,0.93,0.0,,,,
57348,30.812349319458008,-105.08573150634766,77.7,5.14,0.57,0.11,-0.01,0.0,-0.03,0.03,0.0,"[81.14,76.09,83.43,74.81,75.85,71.76,86.94,69.90,70.83,86.28]","[0.13,0.13,0.14,0.09,-0.03,0.12,0.14,0.15,0.14,0.12]","[-0.07,-0.06,-0.04,-0.04,0.10,-0.06,-0.04,-0.04,-0.04,-0.04]",14.32,1166.12,133,424,,,,,,,0.12,-0.06,-0.93,0.75,0.86,0.0,,,,
57348,30.812349319458008,-105.08573150634766,77.7,5.14,0.57,0.11,-0.01,0.0,-0.03,0.03,0.0,"[81.14,76.09,83.43,74.81,75.85,71.76,86.94,69.90,70.83,86.28]","[0.13,0.13,0.14,0.09,-0.03,0.12,0.14,0.15,0.14,0.12]","[-0.07,-0.06,-0.04,-0.04,0.10,-0.06,-0.04,-0.04,-0.04,-0.04]",14.32,1166.12,133,424,,,,,,,0.12,-0.06,-0.93,0.75,0.86,0.0,,,,
57349,30.812349319458008,-105.085693359375,77.67,5.1,0.57,0.11,-0.01,0.0,-0.03,0.03,0.0,"[81.15,76.10,83.39,74.64,75.81,71.77,86.92,69.89,70.83,86.25]","[0.13,0.13,0.14,0.09,-0.03,0.12,0.14,0.15,0.14,0.12]","[-0.07,-0.06,-0.04,-0.04,0.10,-0.06,-0.04,-0.05,-0.05,-0.04]",13.73,1165.53,133,425,,,,,,,0.12,-0.06,-0.93,0.75,0.87,0.0,,,,
57349,30.812349319458008,-105.085693359375,77.67,5.1,0.57,0.11,-0.01,0.0,-0.03,0.03,0.0,"[81.15,76.10,83.39,74.64,75.81,71.77,86.92,69.89,70.83,86.25]","[0.13,0.13,0.14,0.09,-0.03,0.12,0.14,0.15,0.14,0.12]","[-0.07,-0.06,-0.04,-0.04,0.10,-0.06,-0.04,-0.05,-0.05,-0.04]",13.73,1165.53,133,425,,,,,,,0.12,-0.06,-0.93,0.75,0.87,0.0,,,,
57350,30.812349319458008,-105.08563232421875,77.67,5.1,0.57,0.11,-0.01,0.0,-0.03,0.03,0.0,"[81.15,76.10,83.39,74.62,75.80,71.77,86.91,69.89,70.83,86.25]","[0.13,0.13,0.14,0.09,-0.03,0.12,0.14,0.15,0.14,0.12]","[-0.07,-0.06,-0.04,-0.04,0.10,-0.06,-0.04,-0.05,-0.05,-0.04]",13.26,1165.06,133,426,,,,,,,0.12,-0.06,-0.93,0.75,0.87,0.0,,,,
57350,30.812349319458008,-105.08563232421875,77.67,5.1,0.57,0.11,-0.01,0.0,-0.03,0.03,0.0,"[81.15,76.10,83.39,74.62,75.80,71.77,86.91,69.89,70.83,86.25]","[0.13,0.13,0.14,0.09,-0.03,0.12,0.14,0.15,0.14,0.12]","[-0.07,-0.06,-0.04,-0.04,0.10,-0.06,-0.04,-0.05,-0.05,-0.04]",13.26,1165.06,133,426,,,,,,,0.12,-0.06,-0.93,0.75,0.87,0.0,,,,
57351,30.812349319458008,-105.0855941772461,77.67,5.1,0.57,0.11,-0.01,0.0,-0.03,0.03,0.0,"[81.15,76.10,83.39,74.62,75.80,71.77,86.91,69.89,70.83,86.25]","[0.13,0.13,0.14,0.09,-0.03,0.12,0.14,0.15,0.14,0.12]","[-0.07,-0.06,-0.04,-0.04,0.10,-0.06,-0.04,-0.05,-0.05,-0.04]",12.85,1164.65,133,427,,,,,,,0.12,-0.06,-0.93,0.75,0.87,0.0,,,,
57351,30.812349319458008,-105.0855941772461,77.67,5.1,0.57,0.11,-0.01,0.0,-0.03,0.03,0.0,"[81.15,76.10,83.39,74.62,75.80,71.77,86.91,69.89,70.83,86.25]","[0.13,0.13,0.14,0.09,-0.03,0.12,0.14,0.15,0.14,0.12]","[-0.07,-0.06,-0.04,-0.04,0.10,-0.06,-0.04,-0.05,-0.05,-0.04]",12.85,1164.65,133,427,,,,,,,0.12,-0.06,-0.93,0.75,0.87,0.0,,,,
57776,30.812305450439453,-105.08573150634766,77.65,5.16,0.57,0.11,-0.0,0.0,-0.03,0.03,0.0,"[81.07,76.01,83.34,74.94,75.81,71.68,86.87,69.83,70.67,86.22]","[0.12,0.12,0.14,0.10,-0.03,0.11,0.13,0.14,0.13,0.12]","[-0.07,-0.06,-0.04,-0.03,0.10,-0.05,-0.04,-0.04,-0.04,-0.04]",13.87,1165.67,134,424,,,,,,,0.12,-0.08,-0.94,0.75,0.82,0.0,,,,
57776,30.812305450439453,-105.08573150634766,77.65,5.16,0.57,0.11,-0.0,0.0,-0.03,0.03,0.0,"[81.07,76.01,83.34,74.94,75.81,71.68,86.87,69.83,70.67,86.22]","[0.12,0.12,0.14,0.10,-0.03,0.11,0.13,0.14,0.13,0.12]","[-0.07,-0.06,-0.04,-0.03,0.10,-0.05,-0.04,-0.04,-0.04,-0.04]",13.87,1165.67,134,424,,,,,,,0.12,-0.08,-0.94,0.75,0.82,0.0,,,,
57777,30.812305450439453,-105.085693359375,77.62,5.12,0.57,0.11,-0.0,0.0,-0.03,0.03,0.0,"[81.07,76.02,83.30,74.79,75.76,71.69,86.85,69.82,70.67,86.19]","[0.12,0.12,0.14,0.10,-0.03,0.11,0.13,0.14,0.13,0.12]","[-0.07,-0.06,-0.04,-0.03,0.10,-0.05,-0.04,-0.04,-0.04,-0.04]",13.35,1165.15,134,425,,,,,,,0.12,-0.08,-0.94,0.75,0.82,0.0,,,,
57777,30.812305450439453,-105.085693359375,77.62,5.12,0.57,0.11,-0.0,0.0,-0.03,0.03,0.0,"[81.07,76.02,83.30,74.79,75.76,71.69,86.85,69.82,70.67,86.19]","[0.12,0.12,0.14,0.10,-0.03,0.11,0.13,0.14,0.13,0.12]","[-0.07,-0.06,-0.04,-0.03,0.10,-0.05,-0.04,-0.04,-0.04,-0.04]",13.35,1165.15,134,425,,,,,,,0.12,-0.08,-0.94,0.75,0.82,0.0,,,,
57778,30.812305450439453,-105.08563232421875,77.61,5.12,0.57,0.11,-0.0,0.0,-0.03,0.02,0.0,"[81.07,76.02,83.30,74.77,75.76,71.69,86.84,69.82,70.67,86.19]","[0.12,0.12,0.14,0.10,-0.03,0.11,0.13,0.14,0.13,0.12]","[-0.07,-0.06,-0.04,-0.03,0.10,-0.05,-0.04,-0.04,-0.04,-0.05]",12.84,1164.64,134,426,,,,,,,0.12,-0.08,-0.94,0.75,0.82,0.0,,,,
57778,30.812305450439453,-105.08563232421875,77.61,5.12,0.57,0.11,-0.0,0.0,-0.03,0.02,0.0,"[81.07,76.02,83.30,74.77,75.76,71.69,86.84,69.82,70.67,86.19]","[0.12,0.12,0.14,0.10,-0.03,0.11,0.13,0.14,0.13,0.12]","[-0.07,-0.06,-0.04,-0.03,0.10,-0.05,-0.04,-0.04,-0.04,-0.05]",12.84,1164.64,134,426,,,,,,,0.12,-0.08,-0.94,0.75,0.82,0.0,,,,
57779,30.812305450439453,-105.0855941772461,77.61,5.12,0.57,0.11,-0.0,0.0,-0.03,0.02,0.0,"[81.07,76.02,83.30,74.77,75.76,71.69,86.84,69.82,70.67,86.19]","[0.12,0.12,0.14,0.10,-0.03,0.11,0.13,0.14,0.13,0.12]","[-0.07,-0.06,-0.04,-0.03,0.10,-0.05,-0.04,-0.04,-0.04,-0.05]",12.76,1164.56,134,427,,,,,,,0.12,-0.08,-0.94,0.75,0.82,0.0,,,,
57779,30.812305450439453,-105.0855941772461,77.61,5.12,0.57,0.11,-0.0,0.0,-0.03,0.02,0.0,"[81.07,76.02,83.30,74.77,75.76,71.69,86.84,69.82,70.67,86.19]","[0.12,0.12,0.14,0.10,-0.03,0.11,0.13,0.14,0.13,0.12]","[-0.07,-0.06,-0.04,-0.03,0.10,-0.05,-0.04,-0.04,-0.04,-0.05]",12.76,1164.56,134,427,,,,,,,0.12,-0.08,-0.94,0.75,0.82,0.0,,,,
58204,30.812257766723633,-105.08573150634766,77.59,5.17,0.58,0.11,0.0,0.0,-0.03,0.02,0.0,"[80.99,75.93,83.25,75.08,75.77,71.61,86.81,69.76,70.52,86.17]","[0.12,0.12,0.14,0.10,-0.03,0.11,0.13,0.14,0.13,0.12]","[-0.07,-0.06,-0.04,-0.03,0.10,-0.05,-0.04,-0.04,-0.04,-0.05]",13.4,1165.2,135,424,,,,,,,0.12,-0.1,-0.94,0.75,0.79,0.0,,,,
58204,30.812257766723633,-105.08573150634766,77.59,5.17,0.58,0.11,0.0,0.0,-0.03,0.02,0.0,"[80.99,75.93,83.25,75.08,75.77,71.61,86.81,69.76,70.52,86.17]","[0.12,0.12,0.14,0.10,-0.03,0.11,0.13,0.14,0.13,0.12]","[-0.07,-0.06,-0.04,-0.03,0.10,-0.05,-0.04,-0.04,-0.04,-0.05]",13.4,1165.2,135,424,,,,,,,0.12,-0.1,-0.94,0.75,0.79,0.0,,,,
58205,30.812257766723633,-105.085693359375,77.56,5.14,0.57,0.11,0.0,0.0,-0.03,0.02,0.0,"[81.00,75.93,83.21,74.93,75.72,71.61,86.78,69.75,70.52,86.13]","[0.12,0.12,0.14,0.10,-0.03,0.11,0.13,0.14,0.13,0.12]","[-0.07,-0.06,-0.04,-0.03,0.10,-0.05,-0.04,-0.04,-0.04,-0.05]",12.84,1164.64,135,425,,,,,,,0.12,-0.11,-0.94,0.75,0.77,0.0,,,,
58205,30.812257766723633,-105.085693359375,77.56,5.14,0.57,0.11,0.0,0.0,-0.03,0.02,0.0,"[81.00,75.93,83.21,74.93,75.72,71.61,86.78,69.75,70.52,86.13]","[0.12,0.12,0.14,0.10,-0.03,0.11,0.13,0.14,0.13,0.12]","[-0.07,-0.06,-0.04,-0.03,0.10,-0.05,-0.04,-0.04,-0.04,-0.05]",12.84,1164.64,135,425,,,,,,,0.12,-0.11,-0.94,0.75,0.77,0.0,,,,
58206,30.812257766723633,-105.08563232421875,77.56,5.13,0.57,0.11,0.0,0.0,-0.03,0.02,0.0,"[81.00,75.93,83.21,74.92,75.72,71.61,86.77,69.75,70.52,86.13]","[0.12,0.12,0.14,0.10,-0.03,0.11,0.13,0.14,0.13,0.12]","[-0.07,-0.06,-0.04,-0.03,0.10,-0.05,-0.04,-0.04,-0.04,-0.05]",12.68,1164.48,135,426,,,,,,,0.12,-0.11,-0.94,0.75,0.77,0.0,,,,
58206,30.812257766723633,-105.08563232421875,77.56,5.13,0.57,0.11,0.0,0.0,-0.03,0.02,0.0,"[81.00,75.93,83.21,74.92,75.72,71.61,86.77,69.75,70.52,86.13]","[0.12,0.12,0.14,0.10,-0.03,0.11,0.13,0.14,0.13,0.12]","[-0.07,-0.06,-0.04,-0.03,0.10,-0.05,-0.04,-0.04,-0.04,-0.05]",12.68,1164.48,135,426,,,,,,,0.12,-0.11,-0.94,0.75,0.77,0.0,,,,
58207,30.812257766723633,-105.0855941772461,77.56,5.13,0.57,0.11,0.0,0.0,-0.03,0.02,0.0,"[81.00,75.93,83.21,74.92,75.72,71.61,86.77,69.75,70.52,86.13]","[0.12,0.12,0.14,0.10,-0.03,0.11,0.13,0.14,0.13,0.12]","[-0.07,-0.06,-0.04,-0.03,0.10,-0.05,-0.04,-0.04,-0.04,-0.05]",13.05,1164.85,135,427,,,,,,,0.12,-0.11,-0.94,0.75,0.77,0.0,,,,
58207,30.812257766723633,-105.0855941772461,77.56,5.13,0.57,0.11,0.0,0.0,-0.03,0.02,0.0,"[81.00,75.93,83.21,74.92,75.72,71.61,86.77,69.75,70.52,86.13]","[0.12,0.12,0.14,0.10,-0.03,0.11,0.13,0.14,0.13,0.12]","[-0.07,-0.06,-0.04,-0.03,0.10,-0.05,-0.04,-0.04,-0.04,-0.05]",13.05,1164.85,135,427,,,,,,,0.12,-0.11,-0.94,0.75,0.77,0.0,,,,
58632,30.812211990356445,-105.08573150634766,77.53,5.19,0.58,0.11,0.0,0.0,-0.03,0.02,0.0,"[80.92,75.84,83.16,75.21,75.73,71.53,86.74,69.69,70.37,86.11]","[0.12,0.12,0.14,0.10,-0.03,0.11,0.13,0.14,0.13,0.12]","[-0.07,-0.06,-0.04,-0.02,0.10,-0.05,-0.04,-0.04,-0.04,-0.05]",12.82,1164.62,136,424,,,,,,,0.12,-0.12,-0.94,0.74,0.75,0.0,,,,
58632,30.812211990356445,-105.08573150634766,77.53,5.19,0.58,0.11,0.0,0.0,-0.03,0.02,0.0,"[80.92,75.84,83.16,75.21,75.73,71.53,86.74,69.69,70.37,86.11]","[0.12,0.12,0.14,0.10,-0.03,0.11,0.13,0.14,0.13,0.12]","[-0.07,-0.06,-0.04,-0.02,0.10,-0.05,-0.04,-0.04,-0.04,-0.05]",12.82,1164.62,136,424,,,,,,,0.12,-0.12,-0.94,0.74,0.75,0.0,,,,
58633,30.812211990356445,-105.085693359375,77.5,5.15,0.57,0.11,0.0,0.0,-0.03,0.02,0.0,"[80.92,75.85,83.12,75.08,75.68,71.53,86.71,69.68,70.36,86.08]","[0.12,0.12,0.14,0.10,-0.03,0.11,0.13,0.14,0.13,0.12]","[-0.07,-0.06,-0.04,-0.02,0.10,-0.05,-0.04,-0.04,-0.04,-0.05]",12.55,1164.35,136,425,,,,,,,0.12,-0.13,-0.94,0.74,0.73,0.0,,,,
58633,30.812211990356445,-105.085693359375,77.5,5.15,0.57,0.11,0.0,0.0,-0.03,0.02,0.0,"[80.92,75.85,83.12,75.08,75.68,71.53,86.71,69.68,70.36,86.08]","[0.12,0.12,0.14,0.10,-0.03,0.11,0.13,0.14,0.13,0.12]","[-0.07,-0.06,-0.04,-0.02,0.10,-0.05,-0.04,-0.04,-0.04,-0.05]",12.55,1164.35,136,425,,,,,,,0.12,-0.13,-0.94,0.74,0.73,0.0,,,,
58634,30.812211990356445,-105.08563232421875,77.5,5.15,0.57,0.11,0.0,0.0,-0.03,0.02,0.0,"[80.92,75.85,83.12,75.07,75.67,71.53,86.70,69.68,70.36,86.07]","[0.12,0.12,0.14,0.10,-0.03,0.11,0.13,0.14,0.13,0.12]","[-0.07,-0.06,-0.04,-0.02,0.10,-0.05,-0.04,-0.04,-0.04,-0.05]",12.71,1164.51,136,426,,,,,,,0.12,-0.13,-0.94,0.74,0.72,0.0,,,,
58634,30.812211990356445,-105.08563232421875,77.5,5.15,0.57,0.11,0.0,0.0,-0.03,0.02,0.0,"[80.92,75.85,83.12,75.07,75.67,71.53,86.70,69.68,70.36,86.07]","[0.12,0.12,0.14,0.10,-0.03,0.11,0.13,0.14,0.13,0.12]","[-0.07,-0.06,-0.04,-0.02,0.10,-0.05,-0.04,-0.04,-0.04,-0.05]",12.71,1164.51,136,426,,,,,,,0.12,-0.13,-0.94,0.74,0.72,0.0,,,,
58635,30.812211990356445,-105.0855941772461,77.5,5.15,0.57,0.11,0.0,0.0,-0.03,0.02,0.0,"[80.92,75.85,83.12,75.07,75.67,71.53,86.70,69.68,70.36,86.07]","[0.12,0.12,0.14,0.10,-0.03,0.11,0.13,0.14,0.13,0.12]","[-0.07,-0.06,-0.04,-0.02,0.10,-0.05,-0.04,-0.04,-0.04,-0.05]",15.33,1167.12,136,427,,,,,,,0.12,-0.13,-0.94,0.74,0.72,0.0,,,,
58635,30.812211990356445,-105.0855941772461,77.5,5.15,0.57,0.11,0.0,0.0,-0.03,0.02,0.0,"[80.92,75.85,83.12,75.07,75.67,71.53,86.70,69.68,70.36,86.07]","[0.12,0.12,0.14,0.10,-0.03,0.11,0.13,0.14,0.13,0.12]","[-0.07,-0.06,-0.04,-0.02,0.10,-0.05,-0.04,-0.04,-0.04,-0.05]",15.33,1167.12,136,427,,,,,,,0.12,-0.13,-0.94,0.74,0.72,0.0,,,,
59060,30.81216812133789,-105.08573150634766,77.47,5.21,0.58,0.11,0.0,0.0,-0.03,0.02,0.0,"[80.84,75.76,83.07,75.35,75.69,71.45,86.67,69.62,70.22,86.06]","[0.12,0.12,0.14,0.10,-0.03,0.11,0.13,0.14,0.13,0.12]","[-0.07,-0.06,-0.04,-0.02,0.10,-0.05,-0.04,-0.04,-0.04,-0.05]",12.45,1164.25,137,424,,,,,,,0.12,-0.13,-0.94,0.74,0.72,0.0,,,,
59060,30.81216812133789,-105.08573150634766,77.47,5.21,0.58,0.11,0.0,0.0,-0.03,0.02,0.0,"[80.84,75.76,83.07,75.35,75.69,71.45,86.67,69.62,70.22,86.06]","[0.12,0.12,0.14,0.10,-0.03,0.11,0.13,0.14,0.13,0.12]","[-0.07,-0.06,-0.04,-0.02,0.10,-0.05,-0.04,-0.04,-0.04,-0.05]",12.45,1164.25,137,424,,,,,,,0.12,-0.13,-0.94,0.74,0.72,0.0,,,,
59061,30.81216812133789,-105.085693359375,77.44,5.17,0.57,0.11,0.0,0.0,-0.03,0.02,0.0,"[80.84,75.76,83.03,75.23,75.64,71.46,86.63,69.60,70.22,86.02]","[0.12,0.12,0.14,0.10,-0.03,0.11,0.13,0.14,0.13,0.12]","[-0.07,-0.06,-0.04,-0.01,0.10,-0.05,-0.04,-0.04,-0.04,-0.05]",12.52,1164.32,137,425,,,,,,,0.12,-0.14,-0.93,0.74,0.69,0.0,,,,
59061,30.81216812133789,-105.085693359375,77.44,5.17,0.57,0.11,0.0,0.0,-0.03,0.02,0.0,"[80.84,75.76,83.03,75.23,75.64,71.46,86.63,69.60,70.22,86.02]","[0.12,0.12,0.14,0.10,-0.03,0.11,0.13,0.14,0.13,0.12]","[-0.07,-0.06,-0.04,-0.01,0.10,-0.05,-0.04,-0.04,-0.04,-0.05]",12.52,1164.32,137,425,,,,,,,0.12,-0.14,-0.93,0.74,0.69,0.0,,,,
59062,30.81216812133789,-105.08563232421875,77.44,5.17,0.57,0.11,0.0,0.0,-0.03,0.02,0.0,"[80.84,75.76,83.02,75.22,75.64,71.46,86.63,69.60,70.22,86.01]","[0.12,0.12,0.14,0.10,-0.03,0.11,0.13,0.14,0.13,0.12]","[-0.07,-0.06,-0.04,-0.01,0.10,-0.05,-0.04,-0.04,-0.04,-0.05]",13.13,1164.93,137,426,,,,,,,0.12,-0.15,-0.93,0.74,0.69,0.0,,,,
59062,30.81216812133789,-105.08563232421875,77.44,5.17,0.57,0.11,0.0,0.0,-0.03,0.02,0.0,"[80.84,75.76,83.02,75.22,75.64,71.46,86.63,69.60,70.22,86.01]","[0.12,0.12,0.14,0.10,-0.03,0.11,0.13,0.14,0.13,0.12]","[-0.07,-0.06,-0.04,-0.01,0.10,-0.05,-0.04,-0.04,-0.04,-0.05]",13.13,1164.93,137,426,,,,,,,0.12,-0.15,-0.93,0.74,0.69,0.0,,,,
59063,30.81216812133789,-105.0855941772461,77.44,5.17,0.57,0.11,0.0,0.0,-0.03,0.02,0.0,"[80.84,75.76,83.02,75.22,75.64,71.46,86.63,69.60,70.22,86.01]","[0.12,0.12,0.14,0.10,-0.03,0.11,0.13,0.14,0.13,0.12]","[-0.07,-0.06,-0.04,-0.01,0.10,-0.05,-0.04,-0.04,-0.04,-0.05]",17.8,1169.6,137,427,,,,,,,0.12,-0.15,-0.93,0.74,0.69,0.0,,,,
59063,30.81216812133789,-105.0855941772461,77.44,5.17,0.57,0.11,0.0,0.0,-0.03,0.02,0.0,"[80.84,75.76,83.02,75.22,75.64,71.46,86.63,69.60,70.22,86.01]","[0.12,0.12,0.14,0.10,-0.03,0.11,0.13,0.14,0.13,0.12]","[-0.07,-0.06,-0.04,-0.01,0.10,-0.05,-0.04,-0.04,-0.04,-0.05]",17.8,1169.6,137,427,,,,,,,0.12,-0.15,-0.93,0.74,0.69,0.0,,,,
59488,30.812124252319336,-105.08573150634766,77.42,5.22,0.58,0.11,0.0,0.0,-0.03,0.02,0.0,"[80.77,75.68,82.97,75.48,75.70,71.39,86.58,69.54,70.14,85.99]","[0.12,0.12,0.14,0.10,-0.03,0.11,0.13,0.14,0.13,0.12]","[-0.07,-0.06,-0.04,-0.02,0.10,-0.05,-0.04,-0.04,-0.04,-0.05]",12.39,1164.19,138,424,,,,,,,0.12,-0.12,-0.93,0.75,0.74,0.0,,,,
59488,30.812124252319336,-105.08573150634766,77.42,5.22,0.58,0.11,0.0,0.0,-0.03,0.02,0.0,"[80.77,75.68,82.97,75.48,75.70,71.39,86.58,69.54,70.14,85.99]","[0.12,0.12,0.14,0.10,-0.03,0.11,0.13,0.14,0.13,0.12]","[-0.07,-0.06,-0.04,-0.02,0.10,-0.05,-0.04,-0.04,-0.04,-0.05]",12.39,1164.19,138,424,,,,,,,0.12,-0.12,-0.93,0.75,0.74,0.0,,,,
59489,30.812124252319336,-105.085693359375,77.39,5.18,0.58,0.11,0.0,0.0,-0.03,0.02,0.0,"[80.77,75.68,82.93,75.38,75.64,71.39,86.55,69.52,70.13,85.95]","[0.12,0.12,0.14,0.10,-0.03,0.11,0.13,0.14,0.13,0.12]","[-0.07,-0.06,-0.04,-0.01,0.10,-0.05,-0.04,-0.04,-0.04,-0.05]",12.47,1164.27,138,425,,,,,,,0.12,-0.14,-0.93,0.75,0.71,0.0,,,,
59489,30.812124252319336,-105.085693359375,77.39,5.18,0.58,0.11,0.0,0.0,-0.03,0.02,0.0,"[80.77,75.68,82.93,75.38,75.64,71.39,86.55,69.52,70.13,85.95]","[0.12,0.12,0.14,0.10,-0.03,0.11,0.13,0.14,0.13,0.12]","[-0.07,-0.06,-0.04,-0.01,0.10,-0.05,-0.04,-0.04,-0.04,-0.05]",12.47,1164.27,138,425,,,,,,,0.12,-0.14,-0.93,0.75,0.71,0.0,,,,
59490,30.812124252319336,-105.08563232421875,77.39,5.17,0.57,0.11,0.0,0.0,-0.03,0.02,0.0,"[80.77,75.68,82.93,75.37,75.64,71.39,86.55,69.52,70.13,85.94]","[0.12,0.12,0.14,0.10,-0.03,0.11,0.13,0.14,0.13,0.12]","[-0.07,-0.06,-0.04,-0.01,0.10,-0.05,-0.04,-0.04,-0.04,-0.05]",15.03,1166.83,138,426,,,,,,,0.12,-0.14,-0.93,0.75,0.71,0.0,,,,
59490,30.812124252319336,-105.08563232421875,77.39,5.17,0.57,0.11,0.0,0.0,-0.03,0.02,0.0,"[80.77,75.68,82.93,75.37,75.64,71.39,86.55,69.52,70.13,85.94]","[0.12,0.12,0.14,0.10,-0.03,0.11,0.13,0.14,0.13,0.12]","[-0.07,-0.06,-0.04,-0.01,0.10,-0.05,-0.04,-0.04,-0.04,-0.05]",15.03,1166.83,138,426,,,,,,,0.12,-0.14,-0.93,0.75,0.71,0.0,,,,
59491,30.812124252319336,-105.0855941772461,77.39,5.17,0.57,0.11,0.0,0.0,-0.03,0.02,0.0,"[80.77,75.68,82.93,75.37,75.64,71.39,86.55,69.52,70.13,85.94]","[0.12,0.12,0.14,0.10,-0.03,0.11,0.13,0.14,0.13,0.12]","[-0.07,-0.06,-0.04,-0.01,0.10,-0.05,-0.04,-0.04,-0.04,-0.05]",19.33,1171.13,138,427,,,,,,,0.12,-0.14,-0.93,0.75,0.71,0.0,,,,
59491,30.812124252319336,-105.0855941772461,77.39,5.17,0.57,0.11,0.0,0.0,-0.03,0.02,0.0,"[80.77,75.68,82.93,75.37,75.64,71.39,86.55,69.52,70.13,85.94]","[0.12,0.12,0.14,0.10,-0.03,0.11,0.13,0.14,0.13,0.12]","[-0.07,-0.06,-0.04,-0.01,0.10,-0.05,-0.04,-0.04,-0.04,-0.05]",19.33,1171.13,138,427,,,,,,,0.12,-0.14,-0.93,0.75,0.71,0.0,,,,
59916,30.81207847595215,-105.08573150634766,77.38,5.23,0.58,0.11,0.0,0.0,-0.03,0.02,0.0,"[80.70,75.60,82.88,75.62,75.71,71.33,86.50,69.46,70.06,85.93]","[0.12,0.12,0.14,0.10,-0.03,0.11,0.13,0.14,0.13,0.12]","[-0.07,-0.06,-0.04,-0.02,0.10,-0.06,-0.04,-0.04,-0.05,-0.05]",12.36,1164.16,139,424,,,,,,,0.11,-0.11,-0.93,0.76,0.76,0.0,,,,
59916,30.81207847595215,-105.08573150634766,77.38,5.23,0.58,0.11,0.0,0.0,-0.03,0.02,0.0,"[80.70,75.60,82.88,75.62,75.71,71.33,86.50,69.46,70.06,85.93]","[0.12,0.12,0.14,0.10,-0.03,0.11,0.13,0.14,0.13,0.12]","[-0.07,-0.06,-0.04,-0.02,0.10,-0.06,-0.04,-0.04,-0.05,-0.05]",12.36,1164.16,139,424,,,,,,,0.11,-0.11,-0.93,0.76,0.76,0.0,,,,
59917,30.81207847595215,-105.085693359375,77.35,5.18,0.58,0.11,0.0,0.0,-0.03,0.02,0.0,"[80.70,75.60,82.83,75.54,75.65,71.33,86.46,69.43,70.05,85.88]","[0.12,0.12,0.14,0.10,-0.03,0.11,0.13,0.14,0.13,0.12]","[-0.07,-0.06,-0.04,-0.01,0.10,-0.06,-0.04,-0.04,-0.05,-0.05]",13.35,1165.15,139,425,,,,,,,0.11,-0.12,-0.93,0.76,0.74,0.0,,,,
59917,30.81207847595215,-105.085693359375,77.35,5.18,0.58,0.11,0.0,0.0,-0.03,0.02,0.0,"[80.70,75.60,82.83,75.54,75.65,71.33,86.46,69.43,70.05,85.88]","[0.12,0.12,0.14,0.10,-0.03,0.11,0.13,0.14,0.13,0.12]","[-0.07,-0.06,-0.04,-0.01,0.10,-0.06,-0.04,-0.04,-0.05,-0.05]",13.35,1165.15,139,425,,,,,,,0.11,-0.12,-0.93,0.76,0.74,0.0,,,,
59918,30.81207847595215,-105.08563232421875,77.34,5.18,0.57,0.11,0.0,0.0,-0.03,0.02,0.0,"[80.70,75.60,82.83,75.53,75.65,71.33,86.46,69.43,70.05,85.88]","[0.12,0.12,0.14,0.10,-0.03,0.11,0.13,0.14,0.13,0.12]","[-0.07,-0.06,-0.04,-0.01,0.10,-0.06,-0.04,-0.04,-0.05,-0.05]",17.74,1169.54,139,426,,,,,,,0.11,-0.12,-0.93,0.76,0.73,0.0,,,,
59918,30.81207847595215,-105.08563232421875,77.34,5.18,0.57,0.11,0.0,0.0,-0.03,0.02,0.0,"[80.70,75.60,82.83,75.53,75.65,71.33,86.46,69.43,70.05,85.88]","[0.12,0.12,0.14,0.10,-0.03,0.11,0.13,0.14,0.13,0.12]","[-0.07,-0.06,-0.04,-0.01,0.10,-0.06,-0.04,-0.04,-0.05,-0.05]",17.74,1169.54,139,426,,,,,,,0.11,-0.12,-0.93,0.76,0.73,0.0,,,,
59919,30.81207847595215,-105.0855941772461,77.34,5.18,0.57,0.11,0.0,0.0,-0.03,0.02,0.0,"[80.70,75.60,82.83,75.53,75.65,71.33,86.46,69.43,70.05,85.88]","[0.12,0.12,0.14,0.10,-0.03,0.11,0.13,0.14,0.13,0.12]","[-0.07,-0.06,-0.04,-0.01,0.10,-0.06,-0.04,-0.04,-0.05,-0.05]",21.48,1173.28,139,427,,,,,,,0.11,-0.12,-0.93,0.76,0.73,0.0,,,,
59919,30.81207847595215,-105.0855941772461,77.34,5.18,0.57,0.11,0.0,0.0,-0.03,0.02,0.0,"[80.70,75.60,82.83,75.53,75.65,71.33,86.46,69.43,70.05,85.88]","[0.12,0.12,0.14,0.10,-0.03,0.11,0.13,0.14,0.13,0.12]","[-0.07,-0.06,-0.04,-0.01,0.10,-0.06,-0.04,-0.04,-0.05,-0.05]",21.48,1173.28,139,427,,,,,,,0.11,-0.12,-0.93,0.76,0.73,0.0,,,,
60344,30.812036514282227,-105.08573150634766,77.33,5.24,0.58,0.11,0.0,0.0,-0.03,0.02,0.0,"[80.63,75.52,82.78,75.75,75.72,71.27,86.42,69.38,69.99,85.86]","[0.12,0.12,0.14,0.10,-0.04,0.11,0.13,0.14,0.13,0.12]","[-0.07,-0.06,-0.04,-0.02,0.10,-0.06,-0.04,-0.04,-0.05,-0.05]",12.56,1164.36,140,424,,,,,,,0.11,-0.1,-0.93,0.77,0.79,0.0,,,,
60344,30.812036514282227,-105.08573150634766,77.33,5.24,0.58,0.11,0.0,0.0,-0.03,0.02,0.0,"[80.63,75.52,82.78,75.75,75.72,71.27,86.42,69.38,69.99,85.86]","[0.12,0.12,0.14,0.10,-0.04,0.11,0.13,0.14,0.13,0.12]","[-0.07,-0.06,-0.04,-0.02,0.10,-0.06,-0.04,-0.04,-0.05,-0.05]",12.56,1164.36,140,424,,,,,,,0.11,-0.1,-0.93,0.77,0.79,0.0,,,,
60345,30.812036514282227,-105.085693359375,77.3,5.19,0.58,0.11,0.0,0.0,-0.03,0.02,0.0,"[80.62,75.51,82.73,75.69,75.66,71.26,86.37,69.35,69.97,85.81]","[0.12,0.12,0.14,0.10,-0.03,0.11,0.13,0.14,0.13,0.12]","[-0.07,-0.06,-0.04,-0.02,0.10,-0.06,-0.04,-0.04,-0.05,-0.05]",16.63,1168.43,140,425,,,,,,,0.11,-0.11,-0.93,0.77,0.77,0.0,,,,
60345,30.812036514282227,-105.085693359375,77.3,5.19,0.58,0.11,0.0,0.0,-0.03,0.02,0.0,"[80.62,75.51,82.73,75.69,75.66,71.26,86.37,69.35,69.97,85.81]","[0.12,0.12,0.14,0.10,-0.03,0.11,0.13,0.14,0.13,0.12]","[-0.07,-0.06,-0.04,-0.02,0.10,-0.06,-0.04,-0.04,-0.05,-0.05]",16.63,1168.43,140,425,,,,,,,0.11,-0.11,-0.93,0.77,0.77,0.0,,,,
60346,30.812036514282227,-105.08563232421875,77.3,5.18,0.58,0.11,0.0,0.0,-0.03,0.02,0.0,"[80.62,75.51,82.73,75.68,75.66,71.26,86.37,69.34,69.97,85.81]","[0.12,0.12,0.14,0.10,-0.03,0.11,0.13,0.14,0.13,0.12]","[-0.07,-0.06,-0.04,-0.01,0.10,-0.06,-0.04,-0.04,-0.05,-0.05]",20.62,1172.42,140,426,,,,,,,0.11,-0.11,-0.93,0.77,0.76,0.0,,,,
60346,30.812036514282227,-105.08563232421875,77.3,5.18,0.58,0.11,0.0,0.0,-0.03,0.02,0.0,"[80.62,75.51,82.73,75.68,75.66,71.26,86.37,69.34,69.97,85.81]","[0.12,0.12,0.14,0.10,-0.03,0.11,0.13,0.14,0.13,0.12]","[-0.07,-0.06,-0.04,-0.01,0.10,-0.06,-0.04,-0.04,-0.05,-0.05]",20.62,1172.42,140,426,,,,,,,0.11,-0.11,-0.93,0.77,0.76,0.0,,,,
60347,30.812036514282227,-105.0855941772461,77.3,5.18,0.58,0.11,0.0,0.0,-0.03,0.02,0.0,"[80.62,75.51,82.73,75.68,75.66,71.26,86.37,69.34,69.97,85.81]","[0.12,0.12,0.14,0.10,-0.03,0.11,0.13,0.14,0.13,0.12]","[-0.07,-0.06,-0.04,-0.01,0.10,-0.06,-0.04,-0.04,-0.05,-0.05]",23.18,1174.98,140,427,,,,,,,0.11,-0.11,-0.93,0.77,0.76,0.0,,,,
60347,30.812036514282227,-105.0855941772461,77.3,5.18,0.58,0.11,0.0,0.0,-0.03,0.02,0.0,"[80.62,75.51,82.73,75.68,75.66,71.26,86.37,69.34,69.97,85.81]","[0.12,0.12,0.14,0.10,-0.03,0.11,0.13,0.14,0.13,0.12]","[-0.07,-0.06,-0.04,-0.01,0.10,-0.06,-0.04,-0.04,-0.05,-0.05]",23.18,1174.98,140,427,,,,,,,0.11,-0.11,-0.93,0.77,0.76,0.0,,,,
60772,30.811988830566406,-105.08573150634766,77.28,5.24,0.58,0.1,0.0,0.0,-0.04,0.02,0.0,"[80.56,75.43,82.69,75.88,75.73,71.21,86.33,69.29,69.91,85.80]","[0.11,0.11,0.13,0.09,-0.04,0.10,0.12,0.13,0.12,0.11]","[-0.07,-0.06,-0.05,-0.02,0.09,-0.06,-0.04,-0.05,-0.05,-0.05]",14.02,1165.82,141,424,,,,,,,0.1,-0.09,-0.93,0.78,0.81,0.0,,,,
60772,30.811988830566406,-105.08573150634766,77.28,5.24,0.58,0.1,0.0,0.0,-0.04,0.02,0.0,"[80.56,75.43,82.69,75.88,75.73,71.21,86.33,69.29,69.91,85.80]","[0.11,0.11,0.13,0.09,-0.04,0.10,0.12,0.13,0.12,0.11]","[-0.07,-0.06,-0.05,-0.02,0.09,-0.06,-0.04,-0.05,-0.05,-0.05]",14.02,1165.82,141,424,,,,,,,0.1,-0.09,-0.93,0.78,0.81,0.0,,,,
60773,30.811988830566406,-105.085693359375,77.25,5.19,0.58,0.1,0.0,0.0,-0.04,0.02,0.0,"[80.55,75.43,82.63,75.84,75.67,71.20,86.29,69.26,69.90,85.74]","[0.11,0.11,0.13,0.09,-0.04,0.10,0.12,0.13,0.12,0.11]","[-0.08,-0.07,-0.05,-0.02,0.09,-0.06,-0.05,-0.05,-0.05,-0.06]",19.22,1171.02,141,425,,,,,,,0.1,-0.09,-0.93,0.78,0.79,0.0,,,,
60773,30.811988830566406,-105.085693359375,77.25,5.19,0.58,0.1,0.0,0.0,-0.04,0.02,0.0,"[80.55,75.43,82.63,75.84,75.67,71.20,86.29,69.26,69.90,85.74]","[0.11,0.11,0.13,0.09,-0.04,0.10,0.12,0.13,0.12,0.11]","[-0.08,-0.07,-0.05,-0.02,0.09,-0.06,-0.05,-0.05,-0.05,-0.06]",19.22,1171.02,141,425,,,,,,,0.1,-0.09,-0.93,0.78,0.79,0.0,,,,
60774,30.811988830566406,-105.08563232421875,77.25,5.19,0.58,0.1,0.0,0.0,-0.04,0.02,0.0,"[80.55,75.43,82.63,75.83,75.67,71.20,86.28,69.26,69.90,85.74]","[0.11,0.11,0.13,0.09,-0.04,0.10,0.12,0.13,0.12,0.11]","[-0.08,-0.07,-0.05,-0.02,0.09,-0.06,-0.05,-0.05,-0.05,-0.06]",22.59,1174.39,141,426,,,,,,,0.1,-0.1,-0.93,0.78,0.79,0.0,,,,
60774,30.811988830566406,-105.08563232421875,77.25,5.19,0.58,0.1,0.0,0.0,-0.04,0.02,0.0,"[80.55,75.43,82.63,75.83,75.67,71.20,86.28,69.26,69.90,85.74]","[0.11,0.11,0.13,0.09,-0.04,0.10,0.12,0.13,0.12,0.11]","[-0.08,-0.07,-0.05,-0.02,0.09,-0.06,-0.05,-0.05,-0.05,-0.06]",22.59,1174.39,141,426,,,,,,,0.1,-0.1,-0.93,0.78,0.79,0.0,,,,
60775,30.811988830566406,-105.0855941772461,77.25,5.19,0.58,0.1,0.0,0.0,-0.04,0.02,0.0,"[80.55,75.43,82.63,75.83,75.67,71.20,86.28,69.26,69.90,85.74]","[0.11,0.11,0.13,0.09,-0.04,0.10,0.12,0.13,0.12,0.11]","[-0.08,-0.07,-0.05,-0.02,0.09,-0.06,-0.05,-0.05,-0.05,-0.06]",25.0,1176.8,141,427,,,,,,,0.1,-0.1,-0.93,0.78,0.79,0.0,,,,
60775,30.811988830566406,-105.0855941772461,77.25,5.19,0.58,0.1,0.0,0.0,-0.04,0.02,0.0,"[80.55,75.43,82.63,75.83,75.67,71.20,86.28,69.26,69.90,85.74]","[0.11,0.11,0.13,0.09,-0.04,0.10,0.12,0.13,0.12,0.11]","[-0.08,-0.07,-0.05,-0.02,0.09,-0.06,-0.05,-0.05,-0.05,-0.06]",25.0,1176.8,141,427,,,,,,,0.1,-0.1,-0.93,0.78,0.79,0.0,,,,
61200,30.81194305419922,-105.08573150634766,77.24,5.25,0.58,0.1,0.0,0.0,-0.04,0.02,0.0,"[80.49,75.35,82.59,76.02,75.74,71.14,86.25,69.21,69.84,85.74]","[0.11,0.11,0.13,0.09,-0.04,0.10,0.12,0.13,0.12,0.11]","[-0.08,-0.07,-0.05,-0.02,0.09,-0.07,-0.05,-0.05,-0.05,-0.06]",17.89,1169.69,142,424,,,,,,,0.09,-0.07,-0.93,0.79,0.84,0.0,,,,
61200,30.81194305419922,-105.08573150634766,77.24,5.25,0.58,0.1,0.0,0.0,-0.04,0.02,0.0,"[80.49,75.35,82.59,76.02,75.74,71.14,86.25,69.21,69.84,85.74]","[0.11,0.11,0.13,0.09,-0.04,0.10,0.12,0.13,0.12,0.11]","[-0.08,-0.07,-0.05,-0.02,0.09,-0.07,-0.05,-0.05,-0.05,-0.06]",17.89,1169.69,142,424,,,,,,,0.09,-0.07,-0.93,0.79,0.84,0.0,,,,
61201,30.81194305419922,-105.085693359375,77.2,5.2,0.58,0.1,0.0,0.0,-0.04,0.02,0.0,"[80.48,75.35,82.53,75.98,75.68,71.13,86.20,69.17,69.82,85.68]","[0.11,0.11,0.13,0.09,-0.04,0.10,0.12,0.13,0.12,0.11]","[-0.08,-0.07,-0.05,-0.02,0.09,-0.07,-0.05,-0.05,-0.06,-0.06]",21.64,1173.44,142,425,,,,,,,0.1,-0.08,-0.93,0.79,0.82,0.0,,,,
61201,30.81194305419922,-105.085693359375,77.2,5.2,0.58,0.1,0.0,0.0,-0.04,0.02,0.0,"[80.48,75.35,82.53,75.98,75.68,71.13,86.20,69.17,69.82,85.68]","[0.11,0.11,0.13,0.09,-0.04,0.10,0.12,0.13,0.12,0.11]","[-0.08,-0.07,-0.05,-0.02,0.09,-0.07,-0.05,-0.05,-0.06,-0.06]",21.64,1173.44,142,425,,,,,,,0.1,-0.08,-0.93,0.79,0.82,0.0,,,,
61202,30.81194305419922,-105.08563232421875,77.2,5.19,0.58,0.1,0.0,0.0,-0.04,0.02,0.0,"[80.48,75.35,82.53,75.98,75.68,71.13,86.19,69.17,69.82,85.67]","[0.11,0.11,0.13,0.09,-0.04,0.10,0.12,0.13,0.12,0.11]","[-0.08,-0.07,-0.05,-0.02,0.09,-0.07,-0.05,-0.05,-0.06,-0.06]",24.07,1175.87,142,426,,,,,,,0.1,-0.08,-0.93,0.79,0.82,0.0,,,,
61202,30.81194305419922,-105.08563232421875,77.2,5.19,0.58,0.1,0.0,0.0,-0.04,0.02,0.0,"[80.48,75.35,82.53,75.98,75.68,71.13,86.19,69.17,69.82,85.67]","[0.11,0.11,0.13,0.09,-0.04,0.10,0.12,0.13,0.12,0.11]","[-0.08,-0.07,-0.05,-0.02,0.09,-0.07,-0.05,-0.05,-0.06,-0.06]",24.07,1175.87,142,426,,,,,,,0.1,-0.08,-0.93,0.79,0.82,0.0,,,,
61203,30.81194305419922,-105.0855941772461,77.2,5.19,0.58,0.1,0.0,0.0,-0.04,0.02,0.0,"[80.48,75.35,82.53,75.98,75.68,71.13,86.19,69.17,69.82,85.67]","[0.11,0.11,0.13,0.09,-0.04,0.10,0.12,0.13,0.12,0.11]","[-0.08,-0.07,-0.05,-0.02,0.09,-0.07,-0.05,-0.05,-0.06,-0.06]",26.03,1177.83,142,427,,,,,,,0.1,-0.08,-0.93,0.79,0.82,0.0,,,,
61203,30.81194305419922,-105.0855941772461,77.2,5.19,0.58,0.1,0.0,0.0,-0.04,0.02,0.0,"[80.48,75.35,82.53,75.98,75.68,71.13,86.19,69.17,69.82,85.67]","[0.11,0.11,0.13,0.09,-0.04,0.10,0.12,0.13,0.12,0.11]","[-0.08,-0.07,-0.05,-0.02,0.09,-0.07,-0.05,-0.05,-0.06,-0.06]",26.03,1177.83,142,427,,,,,,,0.1,-0.08,-0.93,0.79,0.82,0.0,,,,
61628,30.811899185180664,-105.08573150634766,77.19,5.26,0.58,0.1,0.0,0.0,-0.04,0.02,0.0,"[80.41,75.27,82.49,76.14,75.75,71.08,86.16,69.13,69.76,85.67]","[0.11,0.11,0.13,0.09,-0.04,0.10,0.12,0.13,0.12,0.11]","[-0.08,-0.07,-0.05,-0.02,0.09,-0.07,-0.05,-0.05,-0.06,-0.06]",20.44,1172.24,143,424,,,,,,,0.09,-0.06,-0.93,0.81,0.87,0.0,,,,
61628,30.811899185180664,-105.08573150634766,77.19,5.26,0.58,0.1,0.0,0.0,-0.04,0.02,0.0,"[80.41,75.27,82.49,76.14,75.75,71.08,86.16,69.13,69.76,85.67]","[0.11,0.11,0.13,0.09,-0.04,0.10,0.12,0.13,0.12,0.11]","[-0.08,-0.07,-0.05,-0.02,0.09,-0.07,-0.05,-0.05,-0.06,-0.06]",20.44,1172.24,143,424,,,,,,,0.09,-0.06,-0.93,0.81,0.87,0.0,,,,
61629,30.811899185180664,-105.085693359375,77.15,5.2,0.58,0.1,0.0,0.0,-0.04,0.02,0.0,"[80.40,75.26,82.43,76.12,75.69,71.07,86.11,69.09,69.74,85.61]","[0.11,0.11,0.13,0.09,-0.04,0.10,0.12,0.13,0.12,0.11]","[-0.08,-0.07,-0.05,-0.02,0.09,-0.07,-0.05,-0.05,-0.06,-0.06]",23.18,1174.98,143,425,,,,,,,0.09,-0.07,-0.93,0.8,0.85,0.0,,,,
61629,30.811899185180664,-105.085693359375,77.15,5.2,0.58,0.1,0.0,0.0,-0.04,0.02,0.0,"[80.40,75.26,82.43,76.12,75.69,71.07,86.11,69.09,69.74,85.61]","[0.11,0.11,0.13,0.09,-0.04,0.10,0.12,0.13,0.12,0.11]","[-0.08,-0.07,-0.05,-0.02,0.09,-0.07,-0.05,-0.05,-0.06,-0.06]",23.18,1174.98,143,425,,,,,,,0.09,-0.07,-0.93,0.8,0.85,0.0,,,,
61630,30.811899185180664,-105.08563232421875,77.15,5.2,0.58,0.1,0.0,0.0,-0.04,0.02,0.0,"[80.40,75.26,82.43,76.12,75.69,71.07,86.10,69.08,69.74,85.60]","[0.11,0.11,0.13,0.09,-0.04,0.10,0.12,0.13,0.12,0.11]","[-0.08,-0.07,-0.05,-0.02,0.09,-0.07,-0.05,-0.05,-0.06,-0.06]",25.49,1177.29,143,426,,,,,,,0.09,-0.07,-0.93,0.8,0.85,0.0,,,,
61630,30.811899185180664,-105.08563232421875,77.15,5.2,0.58,0.1,0.0,0.0,-0.04,0.02,0.0,"[80.40,75.26,82.43,76.12,75.69,71.07,86.10,69.08,69.74,85.60]","[0.11,0.11,0.13,0.09,-0.04,0.10,0.12,0.13,0.12,0.11]","[-0.08,-0.07,-0.05,-0.02,0.09,-0.07,-0.05,-0.05,-0.06,-0.06]",25.49,1177.29,143,426,,,,,,,0.09,-0.07,-0.93,0.8,0.85,0.0,,,,
61631,30.811899185180664,-105.0855941772461,77.15,5.2,0.58,0.1,0.0,0.0,-0.04,0.02,0.0,"[80.40,75.26,82.43,76.12,75.69,71.07,86.10,69.08,69.74,85.60]","[0.11,0.11,0.13,0.09,-0.04,0.10,0.12,0.13,0.12,0.11]","[-0.08,-0.07,-0.05,-0.02,0.09,-0.07,-0.05,-0.05,-0.06,-0.06]",26.27,1178.07,143,427,,,,,,,0.09,-0.07,-0.93,0.8,0.85,0.0,,,,
61631,30.811899185180664,-105.0855941772461,77.15,5.2,0.58,0.1,0.0,0.0,-0.04,0.02,0.0,"[80.40,75.26,82.43,76.12,75.69,71.07,86.10,69.08,69.74,85.60]","[0.11,0.11,0.13,0.09,-0.04,0.10,0.12,0.13,0.12,0.11]","[-0.08,-0.07,-0.05,-0.02,0.09,-0.07,-0.05,-0.05,-0.06,-0.06]",26.27,1178.07,143,427,,,,,,,0.09,-0.07,-0.93,0.8,0.85,0.0,,,,
62056,30.81185531616211,-105.08573150634766,77.1,5.26,0.58,0.1,0.0,0.0,-0.04,0.02,0.0,"[80.34,75.18,82.38,76.08,75.75,71.00,86.04,69.02,69.66,85.59]","[0.11,0.11,0.13,0.09,-0.04,0.10,0.12,0.13,0.12,0.11]","[-0.08,-0.07,-0.05,-0.02,0.09,-0.07,-0.05,-0.05,-0.06,-0.06]",22.97,1174.77,144,424,,,,,,,0.09,-0.06,-0.93,0.81,0.88,0.0,,,,
62056,30.81185531616211,-105.08573150634766,77.1,5.26,0.58,0.1,0.0,0.0,-0.04,0.02,0.0,"[80.34,75.18,82.38,76.08,75.75,71.00,86.04,69.02,69.66,85.59]","[0.11,0.11,0.13,0.09,-0.04,0.10,0.12,0.13,0.12,0.11]","[-0.08,-0.07,-0.05,-0.02,0.09,-0.07,-0.05,-0.05,-0.06,-0.06]",22.97,1174.77,144,424,,,,,,,0.09,-0.06,-0.93,0.81,0.88,0.0,,,,
62057,30.81185531616211,-105.085693359375,77.07,5.2,0.58,0.1,0.0,0.0,-0.04,0.02,0.0,"[80.32,75.17,82.32,76.06,75.70,70.99,85.99,68.98,69.64,85.52]","[0.11,0.11,0.13,0.09,-0.04,0.10,0.12,0.13,0.12,0.11]","[-0.08,-0.07,-0.05,-0.02,0.09,-0.07,-0.05,-0.05,-0.06,-0.06]",25.14,1176.94,144,425,,,,,,,0.09,-0.06,-0.93,0.81,0.86,0.0,,,,
62057,30.81185531616211,-105.085693359375,77.07,5.2,0.58,0.1,0.0,0.0,-0.04,0.02,0.0,"[80.32,75.17,82.32,76.06,75.70,70.99,85.99,68.98,69.64,85.52]","[0.11,0.11,0.13,0.09,-0.04,0.10,0.12,0.13,0.12,0.11]","[-0.08,-0.07,-0.05,-0.02,0.09,-0.07,-0.05,-0.05,-0.06,-0.06]",25.14,1176.94,144,425,,,,,,,0.09,-0.06,-0.93,0.81,0.86,0.0,,,,
62058,30.81185531616211,-105.08563232421875,77.07,5.2,0.58,0.1,0.0,0.0,-0.04,0.02,0.0,"[80.32,75.17,82.31,76.06,75.69,70.99,85.98,68.98,69.64,85.52]","[0.11,0.11,0.13,0.09,-0.04,0.10,0.12,0.13,0.12,0.11]","[-0.08,-0.07,-0.05,-0.02,0.09,-0.07,-0.05,-0.05,-0.06,-0.06]",26.18,1177.98,144,426,,,,,,,0.09,-0.07,-0.93,0.81,0.86,0.0,,,,
62058,30.81185531616211,-105.08563232421875,77.07,5.2,0.58,0.1,0.0,0.0,-0.04,0.02,0.0,"[80.32,75.17,82.31,76.06,75.69,70.99,85.98,68.98,69.64,85.52]","[0.11,0.11,0.13,0.09,-0.04,0.10,0.12,0.13,0.12,0.11]","[-0.08,-0.07,-0.05,-0.02,0.09,-0.07,-0.05,-0.05,-0.06,-0.06]",26.18,1177.98,144,426,,,,,,,0.09,-0.07,-0.93,0.81,0.86,0.0,,,,
62059,30.81185531616211,-105.0855941772461,77.07,5.2,0.58,0.1,0.0,0.0,-0.04,0.02,0.0,"[80.32,75.17,82.31,76.06,75.69,70.99,85.98,68.98,69.64,85.52]","[0.11,0.11,0.13,0.09,-0.04,0.10,0.12,0.13,0.12,0.11]","[-0.08,-0.07,-0.05,-0.02,0.09,-0.07,-0.05,-0.05,-0.06,-0.06]",25.94,1177.73,144,427,,,,,,,0.09,-0.07,-0.93,0.81,0.86,0.0,,,,
62059,30.81185531616211,-105.0855941772461,77.07,5.2,0.58,0.1,0.0,0.0,-0.04,0.02,0.0,"[80.32,75.17,82.31,76.06,75.69,70.99,85.98,68.98,69.64,85.52]","[0.11,0.11,0.13,0.09,-0.04,0.10,0.12,0.13,0.12,0.11]","[-0.08,-0.07,-0.05,-0.02,0.09,-0.07,-0.05,-0.05,-0.06,-0.06]",25.94,1177.73,144,427,,,,,,,0.09,-0.07,-0.93,0.81,0.86,0.0,,,,
62484,30.811809539794922,-105.08573150634766,77.02,5.25,0.58,0.1,0.0,0.0,-0.04,0.02,0.0,"[80.26,75.09,82.27,75.97,75.75,70.92,85.92,68.92,69.55,85.51]","[0.11,0.11,0.13,0.09,-0.04,0.10,0.12,0.13,0.12,0.11]","[-0.08,-0.07,-0.05,-0.02,0.09,-0.07,-0.05,-0.05,-0.06,-0.06]",24.38,1176.18,145,424,,,,,,,0.09,-0.05,-0.94,0.81,0.88,0.0,,,,
62484,30.811809539794922,-105.08573150634766,77.02,5.25,0.58,0.1,0.0,0.0,-0.04,0.02,0.0,"[80.26,75.09,82.27,75.97,75.75,70.92,85.92,68.92,69.55,85.51]","[0.11,0.11,0.13,0.09,-0.04,0.10,0.12,0.13,0.12,0.11]","[-0.08,-0.07,-0.05,-0.02,0.09,-0.07,-0.05,-0.05,-0.06,-0.06]",24.38,1176.18,145,424,,,,,,,0.09,-0.05,-0.94,0.81,0.88,0.0,,,,
62485,30.811809539794922,-105.085693359375,76.98,5.2,0.58,0.1,0.0,0.0,-0.05,0.02,0.0,"[80.24,75.08,82.20,75.95,75.70,70.90,85.86,68.87,69.53,85.44]","[0.11,0.11,0.13,0.09,-0.04,0.10,0.12,0.13,0.12,0.11]","[-0.08,-0.07,-0.06,-0.03,0.08,-0.08,-0.06,-0.06,-0.06,-0.07]",26.06,1177.86,145,425,,,,,,,0.09,-0.06,-0.94,0.81,0.86,0.0,,,,
62485,30.811809539794922,-105.085693359375,76.98,5.2,0.58,0.1,0.0,0.0,-0.05,0.02,0.0,"[80.24,75.08,82.20,75.95,75.70,70.90,85.86,68.87,69.53,85.44]","[0.11,0.11,0.13,0.09,-0.04,0.10,0.12,0.13,0.12,0.11]","[-0.08,-0.07,-0.06,-0.03,0.08,-0.08,-0.06,-0.06,-0.06,-0.07]",26.06,1177.86,145,425,,,,,,,0.09,-0.06,-0.94,0.81,0.86,0.0,,,,
62486,30.811809539794922,-105.08563232421875,76.97,5.19,0.58,0.1,0.0,0.0,-0.05,0.02,0.0,"[80.24,75.08,82.19,75.95,75.69,70.90,85.85,68.86,69.53,85.43]","[0.11,0.11,0.13,0.09,-0.04,0.10,0.12,0.13,0.12,0.11]","[-0.08,-0.07,-0.06,-0.03,0.08,-0.08,-0.06,-0.06,-0.06,-0.07]",26.11,1177.91,145,426,,,,,,,0.09,-0.06,-0.94,0.81,0.86,0.0,,,,
62486,30.811809539794922,-105.08563232421875,76.97,5.19,0.58,0.1,0.0,0.0,-0.05,0.02,0.0,"[80.24,75.08,82.19,75.95,75.69,70.90,85.85,68.86,69.53,85.43]","[0.11,0.11,0.13,0.09,-0.04,0.10,0.12,0.13,0.12,0.11]","[-0.08,-0.07,-0.06,-0.03,0.08,-0.08,-0.06,-0.06,-0.06,-0.07]",26.11,1177.91,145,426,,,,,,,0.09,-0.06,-0.94,0.81,0.86,0.0,,,,
62487,30.811809539794922,-105.0855941772461,76.97,5.19,0.58,0.1,0.0,0.0,-0.05,0.02,0.0,"[80.24,75.08,82.19,75.95,75.69,70.90,85.85,68.86,69.53,85.43]","[0.11,0.11,0.13,0.09,-0.04,0.10,0.12,0.13,0.12,0.11]","[-0.08,-0.07,-0.06,-0.03,0.08,-0.08,-0.06,-0.06,-0.06,-0.07]",25.37,1177.16,145,427,,,,,,,0.09,-0.06,-0.94,0.81,0.86,0.0,,,,
62487,30.811809539794922,-105.0855941772461,76.97,5.19,0.58,0.1,0.0,0.0,-0.05,0.02,0.0,"[80.24,75.08,82.19,75.95,75.69,70.90,85.85,68.86,69.53,85.43]","[0.11,0.11,0.13,0.09,-0.04,0.10,0.12,0.13,0.12,0.11]","[-0.08,-0.07,-0.06,-0.03,0.08,-0.08,-0.06,-0.06,-0.06,-0.07]",25.37,1177.16,145,427,,,,,,,0.09,-0.06,-0.94,0.81,0.86,0.0,,,,
62912,30.811765670776367,-105.08573150634766,76.93,5.25,0.58,0.1,0.0,0.0,-0.05,0.02,0.0,"[80.18,75.00,82.16,75.86,75.76,70.83,85.80,68.81,69.44,85.42]","[0.11,0.12,0.13,0.09,-0.04,0.10,0.12,0.13,0.12,0.11]","[-0.08,-0.07,-0.06,-0.03,0.08,-0.08,-0.06,-0.06,-0.06,-0.06]",25.48,1177.28,146,424,,,,,,,0.08,-0.05,-0.94,0.82,0.89,0.0,,,,
62912,30.811765670776367,-105.08573150634766,76.93,5.25,0.58,0.1,0.0,0.0,-0.05,0.02,0.0,"[80.18,75.00,82.16,75.86,75.76,70.83,85.80,68.81,69.44,85.42]","[0.11,0.12,0.13,0.09,-0.04,0.10,0.12,0.13,0.12,0.11]","[-0.08,-0.07,-0.06,-0.03,0.08,-0.08,-0.06,-0.06,-0.06,-0.06]",25.48,1177.28,146,424,,,,,,,0.08,-0.05,-0.94,0.82,0.89,0.0,,,,
62913,30.811765670776367,-105.085693359375,76.88,5.19,0.58,0.1,0.0,0.0,-0.05,0.02,0.0,"[80.16,74.99,82.08,75.83,75.70,70.82,85.73,68.75,69.42,85.35]","[0.11,0.11,0.13,0.09,-0.04,0.10,0.12,0.13,0.12,0.11]","[-0.08,-0.07,-0.06,-0.03,0.08,-0.08,-0.06,-0.06,-0.06,-0.07]",26.21,1178.01,146,425,,,,,,,0.09,-0.06,-0.94,0.81,0.86,0.0,,,,
62913,30.811765670776367,-105.085693359375,76.88,5.19,0.58,0.1,0.0,0.0,-0.05,0.02,0.0,"[80.16,74.99,82.08,75.83,75.70,70.82,85.73,68.75,69.42,85.35]","[0.11,0.11,0.13,0.09,-0.04,0.10,0.12,0.13,0.12,0.11]","[-0.08,-0.07,-0.06,-0.03,0.08,-0.08,-0.06,-0.06,-0.06,-0.07]",26.21,1178.01,146,425,,,,,,,0.09,-0.06,-0.94,0.81,0.86,0.0,,,,
62914,30.811765670776367,-105.08563232421875,76.88,5.19,0.58,0.1,0.0,0.0,-0.05,0.02,0.0,"[80.16,74.99,82.07,75.83,75.69,70.81,85.72,68.75,69.42,85.34]","[0.11,0.11,0.13,0.09,-0.04,0.10,0.12,0.13,0.12,0.11]","[-0.08,-0.07,-0.06,-0.03,0.08,-0.08,-0.06,-0.06,-0.06,-0.07]",25.94,1177.74,146,426,,,,,,,0.09,-0.06,-0.94,0.81,0.86,0.0,,,,
62914,30.811765670776367,-105.08563232421875,76.88,5.19,0.58,0.1,0.0,0.0,-0.05,0.02,0.0,"[80.16,74.99,82.07,75.83,75.69,70.81,85.72,68.75,69.42,85.34]","[0.11,0.11,0.13,0.09,-0.04,0.10,0.12,0.13,0.12,0.11]","[-0.08,-0.07,-0.06,-0.03,0.08,-0.08,-0.06,-0.06,-0.06,-0.07]",25.94,1177.74,146,426,,,,,,,0.09,-0.06,-0.94,0.81,0.86,0.0,,,,
62915,30.811765670776367,-105.0855941772461,76.88,5.19,0.58,0.1,0.0,0.0,-0.05,0.02,0.0,"[80.16,74.99,82.07,75.83,75.69,70.81,85.72,68.75,69.42,85.34]","[0.11,0.11,0.13,0.09,-0.04,0.10,0.12,0.13,0.12,0.11]","[-0.08,-0.07,-0.06,-0.03,0.08,-0.08,-0.06,-0.06,-0.06,-0.07]",24.68,1176.48,146,427,,,,,,,0.09,-0.06,-0.94,0.81,0.86,0.0,,,,
62915,30.811765670776367,-105.0855941772461,76.88,5.19,0.58,0.1,0.0,0.0,-0.05,0.02,0.0,"[80.16,74.99,82.07,75.83,75.69,70.81,85.72,68.75,69.42,85.34]","[0.11,0.11,0.13,0.09,-0.04,0.10,0.12,0.13,0.12,0.11]","[-0.08,-0.07,-0.06,-0.03,0.08,-0.08,-0.06,-0.06,-0.06,-0.07]",24.68,1176.48,146,427,,,,,,,0.09,-0.06,-0.94,0.81,0.86,0.0,,,,
63340,30.811721801757812,-105.08573150634766,76.84,5.24,0.58,0.1,0.01,0.0,-0.05,0.01,0.0,"[80.10,74.91,82.04,75.74,75.76,70.75,85.68,68.70,69.34,85.34]","[0.10,0.12,0.13,0.08,-0.04,0.11,0.12,0.12,0.11,0.11]","[-0.08,-0.07,-0.06,-0.03,0.08,-0.08,-0.06,-0.06,-0.06,-0.07]",26.03,1177.83,147,424,,,,,,,0.08,-0.05,-0.95,0.82,0.89,0.0,,,,
63340,30.811721801757812,-105.08573150634766,76.84,5.24,0.58,0.1,0.01,0.0,-0.05,0.01,0.0,"[80.10,74.91,82.04,75.74,75.76,70.75,85.68,68.70,69.34,85.34]","[0.10,0.12,0.13,0.08,-0.04,0.11,0.12,0.12,0.11,0.11]","[-0.08,-0.07,-0.06,-0.03,0.08,-0.08,-0.06,-0.06,-0.06,-0.07]",26.03,1177.83,147,424,,,,,,,0.08,-0.05,-0.95,0.82,0.89,0.0,,,,
63341,30.811721801757812,-105.085693359375,76.79,5.19,0.58,0.1,0.01,0.0,-0.05,0.01,0.0,"[80.08,74.89,81.96,75.72,75.70,70.73,85.60,68.64,69.31,85.26]","[0.10,0.12,0.13,0.08,-0.04,0.11,0.12,0.12,0.11,0.11]","[-0.09,-0.08,-0.06,-0.03,0.08,-0.08,-0.06,-0.06,-0.07,-0.07]",25.82,1177.61,147,425,,,,,,,0.08,-0.06,-0.95,0.82,0.86,0.0,,,,
63341,30.811721801757812,-105.085693359375,76.79,5.19,0.58,0.1,0.01,0.0,-0.05,0.01,0.0,"[80.08,74.89,81.96,75.72,75.70,70.73,85.60,68.64,69.31,85.26]","[0.10,0.12,0.13,0.08,-0.04,0.11,0.12,0.12,0.11,0.11]","[-0.09,-0.08,-0.06,-0.03,0.08,-0.08,-0.06,-0.06,-0.07,-0.07]",25.82,1177.61,147,425,,,,,,,0.08,-0.06,-0.95,0.82,0.86,0.0,,,,
63342,30.811721801757812,-105.08563232421875,76.78,5.18,0.57,0.1,0.01,0.0,-0.05,0.01,0.0,"[80.08,74.89,81.95,75.71,75.69,70.73,85.59,68.64,69.31,85.26]","[0.10,0.12,0.13,0.08,-0.04,0.11,0.12,0.12,0.11,0.11]","[-0.09,-0.08,-0.06,-0.03,0.08,-0.08,-0.06,-0.06,-0.07,-0.07]",24.99,1176.79,147,426,,,,,,,0.08,-0.06,-0.95,0.82,0.86,0.0,,,,
63342,30.811721801757812,-105.08563232421875,76.78,5.18,0.57,0.1,0.01,0.0,-0.05,0.01,0.0,"[80.08,74.89,81.95,75.71,75.69,70.73,85.59,68.64,69.31,85.26]","[0.10,0.12,0.13,0.08,-0.04,0.11,0.12,0.12,0.11,0.11]","[-0.09,-0.08,-0.06,-0.03,0.08,-0.08,-0.06,-0.06,-0.07,-0.07]",24.99,1176.79,147,426,,,,,,,0.08,-0.06,-0.95,0.82,0.86,0.0,,,,
63343,30.811721801757812,-105.0855941772461,76.78,5.18,0.57,0.1,0.01,0.0,-0.05,0.01,0.0,"[80.08,74.89,81.95,75.71,75.69,70.73,85.59,68.64,69.31,85.26]","[0.10,0.12,0.13,0.08,-0.04,0.11,0.12,0.12,0.11,0.11]","[-0.09,-0.08,-0.06,-0.03,0.08,-0.08,-0.06,-0.06,-0.07,-0.07]",23.29,1175.09,147,427,,,,,,,0.08,-0.06,-0.95,0.82,0.86,0.0,,,,
63343,30.811721801757812,-105.0855941772461,76.78,5.18,0.57,0.1,0.01,0.0,-0.05,0.01,0.0,"[80.08,74.89,81.95,75.71,75.69,70.73,85.59,68.64,69.31,85.26]","[0.10,0.12,0.13,0.08,-0.04,0.11,0.12,0.12,0.11,0.11]","[-0.09,-0.08,-0.06,-0.03,0.08,-0.08,-0.06,-0.06,-0.07,-0.07]",23.29,1175.09,147,427,,,,,,,0.08,-0.06,-0.95,0.82,0.86,0.0,,,,
63768,30.811674118041992,-105.08573150634766,76.74,5.24,0.58,0.1,0.01,0.0,-0.05,0.01,0.0,"[80.02,74.82,81.93,75.63,75.76,70.67,85.55,68.59,69.23,85.26]","[0.10,0.12,0.13,0.08,-0.04,0.11,0.12,0.12,0.11,0.11]","[-0.08,-0.07,-0.06,-0.03,0.08,-0.08,-0.06,-0.06,-0.06,-0.07]",24.78,1176.58,148,424,,,,,,,0.08,-0.05,-0.95,0.82,0.9,0.0,,,,
63768,30.811674118041992,-105.08573150634766,76.74,5.24,0.58,0.1,0.01,0.0,-0.05,0.01,0.0,"[80.02,74.82,81.93,75.63,75.76,70.67,85.55,68.59,69.23,85.26]","[0.10,0.12,0.13,0.08,-0.04,0.11,0.12,0.12,0.11,0.11]","[-0.08,-0.07,-0.06,-0.03,0.08,-0.08,-0.06,-0.06,-0.06,-0.07]",24.78,1176.58,148,424,,,,,,,0.08,-0.05,-0.95,0.82,0.9,0.0,,,,
63769,30.811674118041992,-105.085693359375,76.7,5.18,0.58,0.1,0.01,0.0,-0.06,0.01,0.0,"[80.00,74.80,81.84,75.60,75.70,70.64,85.47,68.53,69.20,85.18]","[0.10,0.12,0.13,0.08,-0.04,0.11,0.12,0.12,0.11,0.11]","[-0.09,-0.08,-0.07,-0.04,0.07,-0.09,-0.07,-0.07,-0.07,-0.08]",23.47,1175.27,148,425,,,,,,,0.08,-0.06,-0.95,0.82,0.86,0.0,,,,
63769,30.811674118041992,-105.085693359375,76.7,5.18,0.58,0.1,0.01,0.0,-0.06,0.01,0.0,"[80.00,74.80,81.84,75.60,75.70,70.64,85.47,68.53,69.20,85.18]","[0.10,0.12,0.13,0.08,-0.04,0.11,0.12,0.12,0.11,0.11]","[-0.09,-0.08,-0.07,-0.04,0.07,-0.09,-0.07,-0.07,-0.07,-0.08]",23.47,1175.27,148,425,,,,,,,0.08,-0.06,-0.95,0.82,0.86,0.0,,,,
63770,30.811674118041992,-105.08563232421875,76.69,5.18,0.58,0.1,0.01,0.0,-0.06,0.01,0.0,"[79.99,74.80,81.83,75.60,75.69,70.64,85.46,68.52,69.20,85.17]","[0.10,0.12,0.13,0.08,-0.04,0.11,0.12,0.12,0.11,0.11]","[-0.09,-0.08,-0.07,-0.04,0.07,-0.09,-0.07,-0.07,-0.07,-0.08]",22.13,1173.93,148,426,,,,,,,0.08,-0.06,-0.95,0.82,0.86,0.0,,,,
63770,30.811674118041992,-105.08563232421875,76.69,5.18,0.58,0.1,0.01,0.0,-0.06,0.01,0.0,"[79.99,74.80,81.83,75.60,75.69,70.64,85.46,68.52,69.20,85.17]","[0.10,0.12,0.13,0.08,-0.04,0.11,0.12,0.12,0.11,0.11]","[-0.09,-0.08,-0.07,-0.04,0.07,-0.09,-0.07,-0.07,-0.07,-0.08]",22.13,1173.93,148,426,,,,,,,0.08,-0.06,-0.95,0.82,0.86,0.0,,,,
63771,30.811674118041992,-105.0855941772461,76.69,5.18,0.58,0.1,0.01,0.0,-0.06,0.01,0.0,"[79.99,74.80,81.83,75.60,75.69,70.64,85.46,68.52,69.20,85.17]","[0.10,0.12,0.13,0.08,-0.04,0.11,0.12,0.12,0.11,0.11]","[-0.09,-0.08,-0.07,-0.04,0.07,-0.09,-0.07,-0.07,-0.07,-0.08]",21.14,1172.94,148,427,,,,,,,0.08,-0.06,-0.95,0.82,0.86,0.0,,,,
63771,30.811674118041992,-105.0855941772461,76.69,5.18,0.58,0.1,0.01,0.0,-0.06,0.01,0.0,"[79.99,74.80,81.83,75.60,75.69,70.64,85.46,68.52,69.20,85.17]","[0.10,0.12,0.13,0.08,-0.04,0.11,0.12,0.12,0.11,0.11]","[-0.09,-0.08,-0.07,-0.04,0.07,-0.09,-0.07,-0.07,-0.07,-0.08]",21.14,1172.94,148,427,,,,,,,0.08,-0.06,-0.95,0.82,0.86,0.0,,,,
64196,30.811630249023438,-105.08573150634766,76.65,5.24,0.58,0.1,0.01,0.0,-0.05,0.01,0.0,"[79.94,74.73,81.81,75.51,75.76,70.58,85.43,68.48,69.12,85.18]","[0.10,0.12,0.13,0.08,-0.04,0.11,0.12,0.12,0.11,0.11]","[-0.08,-0.07,-0.06,-0.04,0.08,-0.08,-0.06,-0.07,-0.07,-0.07]",22.26,1174.06,149,424,,,,,,,0.08,-0.05,-0.96,0.82,0.9,0.0,,,,
64196,30.811630249023438,-105.08573150634766,76.65,5.24,0.58,0.1,0.01,0.0,-0.05,0.01,0.0,"[79.94,74.73,81.81,75.51,75.76,70.58,85.43,68.48,69.12,85.18]","[0.10,0.12,0.13,0.08,-0.04,0.11,0.12,0.12,0.11,0.11]","[-0.08,-0.07,-0.06,-0.04,0.08,-0.08,-0.06,-0.07,-0.07,-0.07]",22.26,1174.06,149,424,,,,,,,0.08,-0.05,-0.96,0.82,0.9,0.0,,,,
64197,30.811630249023438,-105.085693359375,76.6,5.18,0.57,0.1,0.01,0.0,-0.06,0.01,0.0,"[79.92,74.71,81.72,75.48,75.69,70.55,85.34,68.42,69.09,85.09]","[0.10,0.12,0.13,0.08,-0.04,0.11,0.12,0.12,0.11,0.11]","[-0.09,-0.08,-0.07,-0.04,0.07,-0.09,-0.07,-0.07,-0.07,-0.08]",20.51,1172.31,149,425,,,,,,,0.08,-0.06,-0.95,0.83,0.87,0.0,,,,
64197,30.811630249023438,-105.085693359375,76.6,5.18,0.57,0.1,0.01,0.0,-0.06,0.01,0.0,"[79.92,74.71,81.72,75.48,75.69,70.55,85.34,68.42,69.09,85.09]","[0.10,0.12,0.13,0.08,-0.04,0.11,0.12,0.12,0.11,0.11]","[-0.09,-0.08,-0.07,-0.04,0.07,-0.09,-0.07,-0.07,-0.07,-0.08]",20.51,1172.31,149,425,,,,,,,0.08,-0.06,-0.95,0.83,0.87,0.0,,,,
64198,30.811630249023438,-105.08563232421875,76.6,5.17,0.57,0.1,0.01,0.0,-0.06,0.01,0.0,"[79.91,74.71,81.71,75.47,75.69,70.55,85.34,68.41,69.09,85.08]","[0.10,0.12,0.13,0.08,-0.04,0.11,0.12,0.12,0.11,0.11]","[-0.09,-0.08,-0.07,-0.04,0.07,-0.09,-0.07,-0.07,-0.07,-0.08]",20.52,1172.32,149,426,,,,,,,0.08,-0.06,-0.95,0.83,0.86,0.0,,,,
64198,30.811630249023438,-105.08563232421875,76.6,5.17,0.57,0.1,0.01,0.0,-0.06,0.01,0.0,"[79.91,74.71,81.71,75.47,75.69,70.55,85.34,68.41,69.09,85.08]","[0.10,0.12,0.13,0.08,-0.04,0.11,0.12,0.12,0.11,0.11]","[-0.09,-0.08,-0.07,-0.04,0.07,-0.09,-0.07,-0.07,-0.07,-0.08]",20.52,1172.32,149,426,,,,,,,0.08,-0.06,-0.95,0.83,0.86,0.0,,,,
64199,30.811630249023438,-105.0855941772461,76.6,5.17,0.57,0.1,0.01,0.0,-0.06,0.01,0.0,"[79.91,74.71,81.71,75.47,75.69,70.55,85.34,68.41,69.09,85.08]","[0.10,0.12,0.13,0.08,-0.04,0.11,0.12,0.12,0.11,0.11]","[-0.09,-0.08,-0.07,-0.04,0.07,-0.09,-0.07,-0.07,-0.07,-0.08]",21.58,1173.38,149,427,,,,,,,0.08,-0.06,-0.95,0.83,0.86,0.0,,,,
64199,30.811630249023438,-105.0855941772461,76.6,5.17,0.57,0.1,0.01,0.0,-0.06,0.01,0.0,"[79.91,74.71,81.71,75.47,75.69,70.55,85.34,68.41,69.09,85.08]","[0.10,0.12,0.13,0.08,-0.04,0.11,0.12,0.12,0.11,0.11]","[-0.09,-0.08,-0.07,-0.04,0.07,-0.09,-0.07,-0.07,-0.07,-0.08]",21.58,1173.38,149,427,,,,,,,0.08,-0.06,-0.95,0.83,0.86,0.0,,,,
64624,30.811586380004883,-105.08573150634766,76.53,5.22,0.58,0.1,0.01,0.0,-0.06,0.01,0.0,"[79.85,74.63,81.69,75.16,75.73,70.47,85.30,68.36,69.01,85.08]","[0.10,0.12,0.13,0.08,-0.04,0.11,0.12,0.12,0.11,0.11]","[-0.09,-0.07,-0.06,-0.04,0.08,-0.09,-0.07,-0.07,-0.07,-0.07]",19.87,1171.67,150,424,,,,,,,0.08,-0.05,-0.95,0.83,0.9,0.0,,,,
64624,30.811586380004883,-105.08573150634766,76.53,5.22,0.58,0.1,0.01,0.0,-0.06,0.01,0.0,"[79.85,74.63,81.69,75.16,75.73,70.47,85.30,68.36,69.01,85.08]","[0.10,0.12,0.13,0.08,-0.04,0.11,0.12,0.12,0.11,0.11]","[-0.09,-0.07,-0.06,-0.04,0.08,-0.09,-0.07,-0.07,-0.07,-0.07]",19.87,1171.67,150,424,,,,,,,0.08,-0.05,-0.95,0.83,0.9,0.0,,,,
64625,30.811586380004883,-105.085693359375,76.47,5.17,0.57,0.1,0.01,0.0,-0.06,0.01,0.0,"[79.83,74.60,81.59,75.12,75.66,70.44,85.21,68.29,68.98,85.00]","[0.10,0.12,0.13,0.08,-0.04,0.11,0.12,0.12,0.11,0.11]","[-0.09,-0.08,-0.07,-0.04,0.07,-0.09,-0.07,-0.07,-0.07,-0.08]",20.34,1172.14,150,425,,,,,,,0.08,-0.06,-0.94,0.83,0.86,0.0,,,,
64625,30.811586380004883,-105.085693359375,76.47,5.17,0.57,0.1,0.01,0.0,-0.06,0.01,0.0,"[79.83,74.60,81.59,75.12,75.66,70.44,85.21,68.29,68.98,85.00]","[0.10,0.12,0.13,0.08,-0.04,0.11,0.12,0.12,0.11,0.11]","[-0.09,-0.08,-0.07,-0.04,0.07,-0.09,-0.07,-0.07,-0.07,-0.08]",20.34,1172.14,150,425,,,,,,,0.08,-0.06,-0.94,0.83,0.86,0.0,,,,
64626,30.811586380004883,-105.08563232421875,76.47,5.16,0.57,0.1,0.01,0.0,-0.06,0.01,0.0,"[79.83,74.60,81.58,75.12,75.66,70.44,85.20,68.29,68.98,84.99]","[0.10,0.12,0.13,0.08,-0.04,0.11,0.12,0.12,0.11,0.11]","[-0.09,-0.08,-0.07,-0.04,0.07,-0.09,-0.07,-0.07,-0.07,-0.08]",22.0,1173.8,150,426,,,,,,,0.08,-0.07,-0.94,0.83,0.86,0.0,,,,
64626,30.811586380004883,-105.08563232421875,76.47,5.16,0.57,0.1,0.01,0.0,-0.06,0.01,0.0,"[79.83,74.60,81.58,75.12,75.66,70.44,85.20,68.29,68.98,84.99]","[0.10,0.12,0.13,0.08,-0.04,0.11,0.12,0.12,0.11,0.11]","[-0.09,-0.08,-0.07,-0.04,0.07,-0.09,-0.07,-0.07,-0.07,-0.08]",22.0,1173.8,150,426,,,,,,,0.08,-0.07,-0.94,0.83,0.86,0.0,,,,
64627,30.811586380004883,-105.0855941772461,76.47,5.16,0.57,0.1,0.01,0.0,-0.06,0.01,0.0,"[79.83,74.60,81.58,75.12,75.66,70.44,85.20,68.29,68.98,84.99]","[0.10,0.12,0.13,0.08,-0.04,0.11,0.12,0.12,0.11,0.11]","[-0.09,-0.08,-0.07,-0.04,0.07,-0.09,-0.07,-0.07,-0.07,-0.08]",24.2,1175.99,150,427,,,,,,,0.08,-0.07,-0.94,0.83,0.86,0.0,,,,
64627,30.811586380004883,-105.0855941772461,76.47,5.16,0.57,0.1,0.01,0.0,-0.06,0.01,0.0,"[79.83,74.60,81.58,75.12,75.66,70.44,85.20,68.29,68.98,84.99]","[0.10,0.12,0.13,0.08,-0.04,0.11,0.12,0.12,0.11,0.11]","[-0.09,-0.08,-0.07,-0.04,0.07,-0.09,-0.07,-0.07,-0.07,-0.08]",24.2,1175.99,150,427,,,,,,,0.08,-0.07,-0.94,0.83,0.86,0.0,,,,
65052,30.811540603637695,-105.08573150634766,76.39,5.21,0.58,0.1,0.01,0.0,-0.05,0.02,0.0,"[79.77,74.52,81.55,74.70,75.69,70.34,85.17,68.24,68.89,84.98]","[0.10,0.12,0.13,0.08,-0.04,0.11,0.12,0.12,0.11,0.11]","[-0.09,-0.07,-0.06,-0.04,0.08,-0.09,-0.07,-0.06,-0.06,-0.07]",19.54,1171.34,151,424,,,,,,,0.08,-0.05,-0.93,0.83,0.9,0.0,,,,
65052,30.811540603637695,-105.08573150634766,76.39,5.21,0.58,0.1,0.01,0.0,-0.05,0.02,0.0,"[79.77,74.52,81.55,74.70,75.69,70.34,85.17,68.24,68.89,84.98]","[0.10,0.12,0.13,0.08,-0.04,0.11,0.12,0.12,0.11,0.11]","[-0.09,-0.07,-0.06,-0.04,0.08,-0.09,-0.07,-0.06,-0.06,-0.07]",19.54,1171.34,151,424,,,,,,,0.08,-0.05,-0.93,0.83,0.9,0.0,,,,
65053,30.811540603637695,-105.085693359375,76.33,5.15,0.57,0.1,0.01,0.0,-0.06,0.02,0.0,"[79.74,74.50,81.45,74.66,75.62,70.31,85.08,68.17,68.86,84.89]","[0.10,0.12,0.13,0.08,-0.04,0.11,0.12,0.12,0.11,0.11]","[-0.10,-0.08,-0.06,-0.04,0.07,-0.10,-0.07,-0.06,-0.06,-0.08]",21.52,1173.32,151,425,,,,,,,0.08,-0.07,-0.92,0.83,0.85,0.0,,,,
65053,30.811540603637695,-105.085693359375,76.33,5.15,0.57,0.1,0.01,0.0,-0.06,0.02,0.0,"[79.74,74.50,81.45,74.66,75.62,70.31,85.08,68.17,68.86,84.89]","[0.10,0.12,0.13,0.08,-0.04,0.11,0.12,0.12,0.11,0.11]","[-0.10,-0.08,-0.06,-0.04,0.07,-0.10,-0.07,-0.06,-0.06,-0.08]",21.52,1173.32,151,425,,,,,,,0.08,-0.07,-0.92,0.83,0.85,0.0,,,,
65054,30.811540603637695,-105.08563232421875,76.32,5.15,0.57,0.1,0.01,0.0,-0.06,0.02,0.0,"[79.74,74.49,81.44,74.66,75.61,70.31,85.07,68.16,68.86,84.89]","[0.10,0.12,0.13,0.08,-0.04,0.11,0.12,0.12,0.11,0.11]","[-0.10,-0.08,-0.06,-0.04,0.07,-0.10,-0.07,-0.06,-0.06,-0.08]",23.72,1175.51,151,426,,,,,,,0.08,-0.07,-0.92,0.83,0.85,0.0,,,,
65054,30.811540603637695,-105.08563232421875,76.32,5.15,0.57,0.1,0.01,0.0,-0.06,0.02,0.0,"[79.74,74.49,81.44,74.66,75.61,70.31,85.07,68.16,68.86,84.89]","[0.10,0.12,0.13,0.08,-0.04,0.11,0.12,0.12,0.11,0.11]","[-0.10,-0.08,-0.06,-0.04,0.07,-0.10,-0.07,-0.06,-0.06,-0.08]",23.72,1175.51,151,426,,,,,,,0.08,-0.07,-0.92,0.83,0.85,0.0,,,,
65055,30.811540603637695,-105.0855941772461,76.32,5.15,0.57,0.1,0.01,0.0,-0.06,0.02,0.0,"[79.74,74.49,81.44,74.66,75.61,70.31,85.07,68.16,68.86,84.89]","[0.10,0.12,0.13,0.08,-0.04,0.11,0.12,0.12,0.11,0.11]","[-0.10,-0.08,-0.06,-0.04,0.07,-0.10,-0.07,-0.06,-0.06,-0.08]",26.22,1178.02,151,427,,,,,,,0.08,-0.07,-0.92,0.83,0.85,0.0,,,,
65055,30.811540603637695,-105.0855941772461,76.32,5.15,0.57,0.1,0.01,0.0,-0.06,0.02,0.0,"[79.74,74.49,81.44,74.66,75.61,70.31,85.07,68.16,68.86,84.89]","[0.10,0.12,0.13,0.08,-0.04,0.11,0.12,0.12,0.11,0.11]","[-0.10,-0.08,-0.06,-0.04,0.07,-0.10,-0.07,-0.06,-0.06,-0.08]",26.22,1178.02,151,427,,,,,,,0.08,-0.07,-0.92,0.83,0.85,0.0,,,,
65480,30.81149673461914,-105.08573150634766,76.24,5.19,0.58,0.1,0.01,0.0,-0.05,0.02,0.0,"[79.68,74.42,81.42,74.25,75.65,70.22,85.05,68.11,68.78,84.88]","[0.10,0.12,0.13,0.08,-0.04,0.11,0.12,0.12,0.11,0.11]","[-0.09,-0.07,-0.06,-0.04,0.08,-0.10,-0.07,-0.06,-0.06,-0.07]",20.25,1172.05,152,424,,,,,,,0.08,-0.05,-0.91,0.83,0.9,0.0,,,,
65480,30.81149673461914,-105.08573150634766,76.24,5.19,0.58,0.1,0.01,0.0,-0.05,0.02,0.0,"[79.68,74.42,81.42,74.25,75.65,70.22,85.05,68.11,68.78,84.88]","[0.10,0.12,0.13,0.08,-0.04,0.11,0.12,0.12,0.11,0.11]","[-0.09,-0.07,-0.06,-0.04,0.08,-0.10,-0.07,-0.06,-0.06,-0.07]",20.25,1172.05,152,424,,,,,,,0.08,-0.05,-0.91,0.83,0.9,0.0,,,,
65481,30.81149673461914,-105.085693359375,76.18,5.14,0.57,0.1,0.01,0.0,-0.06,0.02,0.0,"[79.65,74.39,81.31,74.20,75.57,70.19,84.94,68.04,68.75,84.79]","[0.10,0.12,0.13,0.08,-0.04,0.11,0.12,0.12,0.11,0.11]","[-0.10,-0.08,-0.06,-0.04,0.07,-0.10,-0.07,-0.06,-0.06,-0.08]",22.89,1174.69,152,425,,,,,,,0.08,-0.07,-0.9,0.83,0.85,0.0,,,,
65481,30.81149673461914,-105.085693359375,76.18,5.14,0.57,0.1,0.01,0.0,-0.06,0.02,0.0,"[79.65,74.39,81.31,74.20,75.57,70.19,84.94,68.04,68.75,84.79]","[0.10,0.12,0.13,0.08,-0.04,0.11,0.12,0.12,0.11,0.11]","[-0.10,-0.08,-0.06,-0.04,0.07,-0.10,-0.07,-0.06,-0.06,-0.08]",22.89,1174.69,152,425,,,,,,,0.08,-0.07,-0.9,0.83,0.85,0.0,,,,
65482,30.81149673461914,-105.08563232421875,76.18,5.13,0.57,0.1,0.01,0.0,-0.06,0.02,0.0,"[79.65,74.39,81.30,74.20,75.57,70.18,84.93,68.03,68.74,84.78]","[0.10,0.12,0.13,0.08,-0.04,0.11,0.12,0.12,0.11,0.11]","[-0.10,-0.08,-0.06,-0.04,0.07,-0.10,-0.07,-0.06,-0.06,-0.08]",24.92,1176.72,152,426,,,,,,,0.08,-0.07,-0.9,0.83,0.85,0.0,,,,
65482,30.81149673461914,-105.08563232421875,76.18,5.13,0.57,0.1,0.01,0.0,-0.06,0.02,0.0,"[79.65,74.39,81.30,74.20,75.57,70.18,84.93,68.03,68.74,84.78]","[0.10,0.12,0.13,0.08,-0.04,0.11,0.12,0.12,0.11,0.11]","[-0.10,-0.08,-0.06,-0.04,0.07,-0.10,-0.07,-0.06,-0.06,-0.08]",24.92,1176.72,152,426,,,,,,,0.08,-0.07,-0.9,0.83,0.85,0.0,,,,
65483,30.81149673461914,-105.0855941772461,76.18,5.13,0.57,0.1,0.01,0.0,-0.06,0.02,0.0,"[79.65,74.39,81.30,74.20,75.57,70.18,84.93,68.03,68.74,84.78]","[0.10,0.12,0.13,0.08,-0.04,0.11,0.12,0.12,0.11,0.11]","[-0.10,-0.08,-0.06,-0.04,0.07,-0.10,-0.07,-0.06,-0.06,-0.08]",27.09,1178.89,152,427,,,,,,,0.08,-0.07,-0.9,0.83,0.85,0.0,,,,
65483,30.81149673461914,-105.0855941772461,76.18,5.13,0.57,0.1,0.01,0.0,-0.06,0.02,0.0,"[79.65,74.39,81.30,74.20,75.57,70.18,84.93,68.03,68.74,84.78]","[0.10,0.12,0.13,0.08,-0.04,0.11,0.12,0.12,0.11,0.11]","[-0.10,-0.08,-0.06,-0.04,0.07,-0.10,-0.07,-0.06,-0.06,-0.08]",27.09,1178.89,152,427,,,,,,,0.08,-0.07,-0.9,0.83,0.85,0.0,,,,
65908,30.811450958251953,-105.08573150634766,76.1,5.18,0.58,0.1,0.01,0.0,-0.06,0.02,0.0,"[79.60,74.31,81.28,73.79,75.60,70.09,84.92,67.99,68.67,84.78]","[0.10,0.13,0.14,0.08,-0.04,0.11,0.12,0.11,0.12,0.11]","[-0.10,-0.08,-0.05,-0.05,0.08,-0.10,-0.07,-0.06,-0.06,-0.08]",21.14,1172.94,153,424,,,,,,,0.08,-0.05,-0.89,0.83,0.9,0.0,,,,
65908,30.811450958251953,-105.08573150634766,76.1,5.18,0.58,0.1,0.01,0.0,-0.06,0.02,0.0,"[79.60,74.31,81.28,73.79,75.60,70.09,84.92,67.99,68.67,84.78]","[0.10,0.13,0.14,0.08,-0.04,0.11,0.12,0.11,0.12,0.11]","[-0.10,-0.08,-0.05,-0.05,0.08,-0.10,-0.07,-0.06,-0.06,-0.08]",21.14,1172.94,153,424,,,,,,,0.08,-0.05,-0.89,0.83,0.9,0.0,,,,
65909,30.811450958251953,-105.085693359375,76.04,5.13,0.57,0.1,0.01,0.0,-0.06,0.02,0.0,"[79.56,74.28,81.17,73.74,75.53,70.06,84.81,67.91,68.63,84.69]","[0.10,0.13,0.14,0.08,-0.04,0.11,0.12,0.11,0.12,0.11]","[-0.10,-0.08,-0.06,-0.05,0.08,-0.11,-0.07,-0.06,-0.06,-0.08]",24.08,1175.88,153,425,,,,,,,0.08,-0.07,-0.88,0.83,0.85,0.0,,,,
65909,30.811450958251953,-105.085693359375,76.04,5.13,0.57,0.1,0.01,0.0,-0.06,0.02,0.0,"[79.56,74.28,81.17,73.74,75.53,70.06,84.81,67.91,68.63,84.69]","[0.10,0.13,0.14,0.08,-0.04,0.11,0.12,0.11,0.12,0.11]","[-0.10,-0.08,-0.06,-0.05,0.08,-0.11,-0.07,-0.06,-0.06,-0.08]",24.08,1175.88,153,425,,,,,,,0.08,-0.07,-0.88,0.83,0.85,0.0,,,,
65910,30.811450958251953,-105.08563232421875,76.03,5.12,0.57,0.1,0.01,0.0,-0.06,0.02,0.0,"[79.56,74.28,81.16,73.74,75.52,70.05,84.80,67.90,68.63,84.68]","[0.10,0.13,0.14,0.08,-0.04,0.11,0.12,0.11,0.12,0.11]","[-0.10,-0.08,-0.06,-0.05,0.08,-0.11,-0.07,-0.06,-0.06,-0.08]",26.7,1178.5,153,426,,,,,,,0.08,-0.07,-0.88,0.83,0.84,0.0,,,,
65910,30.811450958251953,-105.08563232421875,76.03,5.12,0.57,0.1,0.01,0.0,-0.06,0.02,0.0,"[79.56,74.28,81.16,73.74,75.52,70.05,84.80,67.90,68.63,84.68]","[0.10,0.13,0.14,0.08,-0.04,0.11,0.12,0.11,0.12,0.11]","[-0.10,-0.08,-0.06,-0.05,0.08,-0.11,-0.07,-0.06,-0.06,-0.08]",26.7,1178.5,153,426,,,,,,,0.08,-0.07,-0.88,0.83,0.84,0.0,,,,
65911,30.811450958251953,-105.0855941772461,76.03,5.12,0.57,0.1,0.01,0.0,-0.06,0.02,0.0,"[79.56,74.28,81.16,73.74,75.52,70.05,84.80,67.90,68.63,84.68]","[0.10,0.13,0.14,0.08,-0.04,0.11,0.12,0.11,0.12,0.11]","[-0.10,-0.08,-0.06,-0.05,0.08,-0.11,-0.07,-0.06,-0.06,-0.08]",29.03,1180.82,153,427,,,,,,,0.08,-0.07,-0.88,0.83,0.84,0.0,,,,
65911,30.811450958251953,-105.0855941772461,76.03,5.12,0.57,0.1,0.01,0.0,-0.06,0.02,0.0,"[79.56,74.28,81.16,73.74,75.52,70.05,84.80,67.90,68.63,84.68]","[0.10,0.13,0.14,0.08,-0.04,0.11,0.12,0.11,0.12,0.11]","[-0.10,-0.08,-0.06,-0.05,0.08,-0.11,-0.07,-0.06,-0.06,-0.08]",29.03,1180.82,153,427,,,,,,,0.08,-0.07,-0.88,0.83,0.84,0.0,,,,
66336,30.8114070892334,-105.08573150634766,75.96,5.16,0.57,0.1,0.01,0.0,-0.06,0.02,0.0,"[79.51,74.21,81.15,73.34,75.56,69.97,84.79,67.87,68.55,84.68]","[0.10,0.13,0.14,0.08,-0.04,0.11,0.12,0.11,0.12,0.11]","[-0.10,-0.08,-0.05,-0.05,0.08,-0.11,-0.07,-0.05,-0.06,-0.08]",21.41,1173.21,154,424,,,,,,,0.08,-0.05,-0.87,0.83,0.9,0.0,,,,
66336,30.8114070892334,-105.08573150634766,75.96,5.16,0.57,0.1,0.01,0.0,-0.06,0.02,0.0,"[79.51,74.21,81.15,73.34,75.56,69.97,84.79,67.87,68.55,84.68]","[0.10,0.13,0.14,0.08,-0.04,0.11,0.12,0.11,0.12,0.11]","[-0.10,-0.08,-0.05,-0.05,0.08,-0.11,-0.07,-0.05,-0.06,-0.08]",21.41,1173.21,154,424,,,,,,,0.08,-0.05,-0.87,0.83,0.9,0.0,,,,
66337,30.8114070892334,-105.085693359375,75.89,5.11,0.57,0.1,0.01,0.0,-0.06,0.03,0.0,"[79.48,74.17,81.03,73.28,75.48,69.93,84.68,67.79,68.51,84.59]","[0.10,0.13,0.14,0.08,-0.04,0.11,0.12,0.11,0.12,0.11]","[-0.10,-0.08,-0.05,-0.05,0.08,-0.11,-0.07,-0.05,-0.05,-0.08]",23.91,1175.71,154,425,,,,,,,0.08,-0.07,-0.86,0.83,0.85,0.0,,,,
66337,30.8114070892334,-105.085693359375,75.89,5.11,0.57,0.1,0.01,0.0,-0.06,0.03,0.0,"[79.48,74.17,81.03,73.28,75.48,69.93,84.68,67.79,68.51,84.59]","[0.10,0.13,0.14,0.08,-0.04,0.11,0.12,0.11,0.12,0.11]","[-0.10,-0.08,-0.05,-0.05,0.08,-0.11,-0.07,-0.05,-0.05,-0.08]",23.91,1175.71,154,425,,,,,,,0.08,-0.07,-0.86,0.83,0.85,0.0,,,,
66338,30.8114070892334,-105.08563232421875,75.89,5.11,0.57,0.1,0.01,0.0,-0.06,0.03,0.0,"[79.47,74.17,81.02,73.28,75.47,69.93,84.67,67.78,68.51,84.58]","[0.10,0.13,0.14,0.08,-0.04,0.11,0.12,0.11,0.12,0.11]","[-0.11,-0.08,-0.05,-0.05,0.08,-0.11,-0.07,-0.05,-0.05,-0.08]",26.49,1178.29,154,426,,,,,,,0.08,-0.07,-0.86,0.83,0.84,0.0,,,,
66338,30.8114070892334,-105.08563232421875,75.89,5.11,0.57,0.1,0.01,0.0,-0.06,0.03,0.0,"[79.47,74.17,81.02,73.28,75.47,69.93,84.67,67.78,68.51,84.58]","[0.10,0.13,0.14,0.08,-0.04,0.11,0.12,0.11,0.12,0.11]","[-0.11,-0.08,-0.05,-0.05,0.08,-0.11,-0.07,-0.05,-0.05,-0.08]",26.49,1178.29,154,426,,,,,,,0.08,-0.07,-0.86,0.83,0.84,0.0,,,,
66339,30.8114070892334,-105.0855941772461,75.89,5.11,0.57,0.1,0.01,0.0,-0.06,0.03,0.0,"[79.47,74.17,81.02,73.28,75.47,69.93,84.67,67.78,68.51,84.58]","[0.10,0.13,0.14,0.08,-0.04,0.11,0.12,0.11,0.12,0.11]","[-0.11,-0.08,-0.05,-0.05,0.08,-0.11,-0.07,-0.05,-0.05,-0.08]",29.76,1181.56,154,427,,,,,,,0.08,-0.07,-0.86,0.83,0.84,0.0,,,,
66339,30.8114070892334,-105.0855941772461,75.89,5.11,0.57,0.1,0.01,0.0,-0.06,0.03,0.0,"[79.47,74.17,81.02,73.28,75.47,69.93,84.67,67.78,68.51,84.58]","[0.10,0.13,0.14,0.08,-0.04,0.11,0.12,0.11,0.12,0.11]","[-0.11,-0.08,-0.05,-0.05,0.08,-0.11,-0.07,-0.05,-0.05,-0.08]",29.76,1181.56,154,427,,,,,,,0.08,-0.07,-0.86,0.83,0.84,0.0,,,,
66764,30.811359405517578,-105.08573150634766,75.82,5.15,0.57,0.1,0.01,0.0,-0.06,0.03,0.0,"[79.43,74.10,81.02,72.88,75.52,69.85,84.66,67.74,68.44,84.57]","[0.10,0.13,0.14,0.08,-0.04,0.11,0.12,0.11,0.12,0.11]","[-0.10,-0.08,-0.05,-0.05,0.09,-0.11,-0.07,-0.05,-0.05,-0.08]",22.04,1173.84,155,424,,,,,,,0.08,-0.04,-0.84,0.83,0.9,0.0,,,,
66764,30.811359405517578,-105.08573150634766,75.82,5.15,0.57,0.1,0.01,0.0,-0.06,0.03,0.0,"[79.43,74.10,81.02,72.88,75.52,69.85,84.66,67.74,68.44,84.57]","[0.10,0.13,0.14,0.08,-0.04,0.11,0.12,0.11,0.12,0.11]","[-0.10,-0.08,-0.05,-0.05,0.09,-0.11,-0.07,-0.05,-0.05,-0.08]",22.04,1173.84,155,424,,,,,,,0.08,-0.04,-0.84,0.83,0.9,0.0,,,,
66765,30.811359405517578,-105.085693359375,75.75,5.1,0.57,0.1,0.01,0.0,-0.06,0.03,0.0,"[79.39,74.07,80.89,72.82,75.44,69.80,84.54,67.66,68.40,84.49]","[0.10,0.13,0.14,0.08,-0.04,0.11,0.12,0.11,0.12,0.11]","[-0.11,-0.08,-0.05,-0.05,0.08,-0.12,-0.07,-0.05,-0.05,-0.08]",25.52,1177.32,155,425,,,,,,,0.08,-0.07,-0.83,0.83,0.85,0.0,,,,
66765,30.811359405517578,-105.085693359375,75.75,5.1,0.57,0.1,0.01,0.0,-0.06,0.03,0.0,"[79.39,74.07,80.89,72.82,75.44,69.80,84.54,67.66,68.40,84.49]","[0.10,0.13,0.14,0.08,-0.04,0.11,0.12,0.11,0.12,0.11]","[-0.11,-0.08,-0.05,-0.05,0.08,-0.12,-0.07,-0.05,-0.05,-0.08]",25.52,1177.32,155,425,,,,,,,0.08,-0.07,-0.83,0.83,0.85,0.0,,,,
66766,30.811359405517578,-105.08563232421875,75.74,5.1,0.57,0.1,0.01,0.0,-0.06,0.03,0.0,"[79.38,74.06,80.87,72.82,75.43,69.80,84.53,67.65,68.40,84.48]","[0.10,0.13,0.14,0.08,-0.04,0.11,0.12,0.11,0.12,0.11]","[-0.11,-0.08,-0.05,-0.05,0.08,-0.12,-0.07,-0.05,-0.05,-0.08]",28.3,1180.1,155,426,,,,,,,0.08,-0.07,-0.83,0.83,0.84,0.0,,,,
66766,30.811359405517578,-105.08563232421875,75.74,5.1,0.57,0.1,0.01,0.0,-0.06,0.03,0.0,"[79.38,74.06,80.87,72.82,75.43,69.80,84.53,67.65,68.40,84.48]","[0.10,0.13,0.14,0.08,-0.04,0.11,0.12,0.11,0.12,0.11]","[-0.11,-0.08,-0.05,-0.05,0.08,-0.12,-0.07,-0.05,-0.05,-0.08]",28.3,1180.1,155,426,,,,,,,0.08,-0.07,-0.83,0.83,0.84,0.0,,,,
66767,30.811359405517578,-105.0855941772461,75.74,5.1,0.57,0.1,0.01,0.0,-0.06,0.03,0.0,"[79.38,74.06,80.87,72.82,75.43,69.80,84.53,67.65,68.40,84.48]","[0.10,0.13,0.14,0.08,-0.04,0.11,0.12,0.11,0.12,0.11]","[-0.11,-0.08,-0.05,-0.05,0.08,-0.12,-0.07,-0.05,-0.05,-0.08]",30.7,1182.5,155,427,,,,,,,0.08,-0.07,-0.83,0.83,0.84,0.0,,,,
66767,30.811359405517578,-105.0855941772461,75.74,5.1,0.57,0.1,0.01,0.0,-0.06,0.03,0.0,"[79.38,74.06,80.87,72.82,75.43,69.80,84.53,67.65,68.40,84.48]","[0.10,0.13,0.14,0.08,-0.04,0.11,0.12,0.11,0.12,0.11]","[-0.11,-0.08,-0.05,-0.05,0.08,-0.12,-0.07,-0.05,-0.05,-0.08]",30.7,1182.5,155,427,,,,,,,0.08,-0.07,-0.83,0.83,0.84,0.0,,,,
67192,30.81131362915039,-105.08573150634766,75.67,5.13,0.57,0.1,0.01,0.0,-0.05,0.03,0.0,"[79.34,73.99,80.89,72.29,75.46,69.71,84.56,67.62,68.33,84.47]","[0.10,0.13,0.14,0.08,-0.04,0.11,0.12,0.11,0.12,0.11]","[-0.10,-0.07,-0.05,-0.05,0.09,-0.11,-0.06,-0.05,-0.05,-0.07]",23.14,1174.94,156,424,,,,,,,0.08,-0.04,-0.83,0.83,0.92,0.0,,,,
67192,30.81131362915039,-105.08573150634766,75.67,5.13,0.57,0.1,0.01,0.0,-0.05,0.03,0.0,"[79.34,73.99,80.89,72.29,75.46,69.71,84.56,67.62,68.33,84.47]","[0.10,0.13,0.14,0.08,-0.04,0.11,0.12,0.11,0.12,0.11]","[-0.10,-0.07,-0.05,-0.05,0.09,-0.11,-0.06,-0.05,-0.05,-0.07]",23.14,1174.94,156,424,,,,,,,0.08,-0.04,-0.83,0.83,0.92,0.0,,,,
67193,30.81131362915039,-105.085693359375,75.59,5.09,0.57,0.1,0.01,0.0,-0.06,0.03,0.0,"[79.30,73.95,80.75,72.23,75.38,69.67,84.44,67.54,68.29,84.39]","[0.10,0.13,0.14,0.08,-0.04,0.11,0.12,0.11,0.12,0.11]","[-0.11,-0.08,-0.05,-0.05,0.08,-0.12,-0.07,-0.05,-0.05,-0.07]",25.9,1177.7,156,425,,,,,,,0.08,-0.06,-0.81,0.83,0.87,0.0,,,,
67193,30.81131362915039,-105.085693359375,75.59,5.09,0.57,0.1,0.01,0.0,-0.06,0.03,0.0,"[79.30,73.95,80.75,72.23,75.38,69.67,84.44,67.54,68.29,84.39]","[0.10,0.13,0.14,0.08,-0.04,0.11,0.12,0.11,0.12,0.11]","[-0.11,-0.08,-0.05,-0.05,0.08,-0.12,-0.07,-0.05,-0.05,-0.07]",25.9,1177.7,156,425,,,,,,,0.08,-0.06,-0.81,0.83,0.87,0.0,,,,
67194,30.81131362915039,-105.08563232421875,75.59,5.08,0.56,0.1,0.01,0.0,-0.06,0.03,0.0,"[79.29,73.95,80.74,72.22,75.37,69.66,84.42,67.53,68.29,84.38]","[0.10,0.13,0.14,0.08,-0.04,0.11,0.12,0.11,0.12,0.11]","[-0.11,-0.08,-0.05,-0.05,0.08,-0.12,-0.07,-0.05,-0.05,-0.07]",30.17,1181.97,156,426,,,,,,,0.08,-0.06,-0.81,0.83,0.87,0.0,,,,
67194,30.81131362915039,-105.08563232421875,75.59,5.08,0.56,0.1,0.01,0.0,-0.06,0.03,0.0,"[79.29,73.95,80.74,72.22,75.37,69.66,84.42,67.53,68.29,84.38]","[0.10,0.13,0.14,0.08,-0.04,0.11,0.12,0.11,0.12,0.11]","[-0.11,-0.08,-0.05,-0.05,0.08,-0.12,-0.07,-0.05,-0.05,-0.07]",30.17,1181.97,156,426,,,,,,,0.08,-0.06,-0.81,0.83,0.87,0.0,,,,
67195,30.81131362915039,-105.0855941772461,75.59,5.08,0.56,0.1,0.01,0.0,-0.06,0.03,0.0,"[79.29,73.95,80.74,72.22,75.37,69.66,84.42,67.53,68.29,84.38]","[0.10,0.13,0.14,0.08,-0.04,0.11,0.12,0.11,0.12,0.11]","[-0.11,-0.08,-0.05,-0.05,0.08,-0.12,-0.07,-0.05,-0.05,-0.07]",34.36,1186.16,156,427,,,,,,,0.08,-0.06,-0.81,0.83,0.87,0.0,,,,
67195,30.81131362915039,-105.0855941772461,75.59,5.08,0.56,0.1,0.01,0.0,-0.06,0.03,0.0,"[79.29,73.95,80.74,72.22,75.37,69.66,84.42,67.53,68.29,84.38]","[0.10,0.13,0.14,0.08,-0.04,0.11,0.12,0.11,0.12,0.11]","[-0.11,-0.08,-0.05,-0.05,0.08,-0.12,-0.07,-0.05,-0.05,-0.07]",34.36,1186.16,156,427,,,,,,,0.08,-0.06,-0.81,0.83,0.87,0.0,,,,
67620,30.81127166748047,-105.08573150634766,75.5,5.12,0.57,0.1,0.01,0.0,-0.05,0.04,0.0,"[79.25,73.87,80.76,71.61,75.40,69.57,84.47,67.51,68.23,84.36]","[0.10,0.13,0.14,0.08,-0.04,0.11,0.12,0.11,0.12,0.11]","[-0.10,-0.07,-0.04,-0.05,0.09,-0.11,-0.06,-0.04,-0.04,-0.06]",26.2,1178.0,157,424,,,,,,,0.07,-0.03,-0.82,0.84,0.94,0.0,,,,
67620,30.81127166748047,-105.08573150634766,75.5,5.12,0.57,0.1,0.01,0.0,-0.05,0.04,0.0,"[79.25,73.87,80.76,71.61,75.40,69.57,84.47,67.51,68.23,84.36]","[0.10,0.13,0.14,0.08,-0.04,0.11,0.12,0.11,0.12,0.11]","[-0.10,-0.07,-0.04,-0.05,0.09,-0.11,-0.06,-0.04,-0.04,-0.06]",26.2,1178.0,157,424,,,,,,,0.07,-0.03,-0.82,0.84,0.94,0.0,,,,
67621,30.81127166748047,-105.085693359375,75.43,5.07,0.56,0.1,0.01,0.0,-0.05,0.04,0.01,"[79.21,73.83,80.62,71.54,75.31,69.53,84.34,67.42,68.18,84.28]","[0.10,0.13,0.14,0.08,-0.04,0.11,0.12,0.11,0.12,0.11]","[-0.10,-0.07,-0.04,-0.05,0.09,-0.11,-0.06,-0.04,-0.04,-0.06]",27.53,1179.32,157,425,,,,,,,0.07,-0.04,-0.8,0.84,0.91,0.01,,,,
67621,30.81127166748047,-105.085693359375,75.43,5.07,0.56,0.1,0.01,0.0,-0.05,0.04,0.01,"[79.21,73.83,80.62,71.54,75.31,69.53,84.34,67.42,68.18,84.28]","[0.10,0.13,0.14,0.08,-0.04,0.11,0.12,0.11,0.12,0.11]","[-0.10,-0.07,-0.04,-0.05,0.09,-0.11,-0.06,-0.04,-0.04,-0.06]",27.53,1179.32,157,425,,,,,,,0.07,-0.04,-0.8,0.84,0.91,0.01,,,,
67622,30.81127166748047,-105.08563232421875,75.42,5.07,0.56,0.1,0.01,0.0,-0.05,0.04,0.01,"[79.20,73.82,80.61,71.53,75.30,69.52,84.33,67.41,68.18,84.27]","[0.10,0.13,0.14,0.08,-0.04,0.11,0.12,0.11,0.12,0.11]","[-0.10,-0.07,-0.04,-0.04,0.09,-0.11,-0.06,-0.04,-0.04,-0.06]",29.5,1181.3,157,426,,,,,,,0.07,-0.04,-0.8,0.84,0.91,0.01,,,,
67622,30.81127166748047,-105.08563232421875,75.42,5.07,0.56,0.1,0.01,0.0,-0.05,0.04,0.01,"[79.20,73.82,80.61,71.53,75.30,69.52,84.33,67.41,68.18,84.27]","[0.10,0.13,0.14,0.08,-0.04,0.11,0.12,0.11,0.12,0.11]","[-0.10,-0.07,-0.04,-0.04,0.09,-0.11,-0.06,-0.04,-0.04,-0.06]",29.5,1181.3,157,426,,,,,,,0.07,-0.04,-0.8,0.84,0.91,0.01,,,,
67623,30.81127166748047,-105.0855941772461,75.42,5.07,0.56,0.1,0.01,0.0,-0.05,0.04,0.01,"[79.20,73.82,80.61,71.53,75.30,69.52,84.33,67.41,68.18,84.27]","[0.10,0.13,0.14,0.08,-0.04,0.11,0.12,0.11,0.12,0.11]","[-0.10,-0.07,-0.04,-0.04,0.09,-0.11,-0.06,-0.04,-0.04,-0.06]",33.88,1185.68,157,427,,,,,,,0.07,-0.04,-0.8,0.84,0.91,0.01,,,,
67623,30.81127166748047,-105.0855941772461,75.42,5.07,0.56,0.1,0.01,0.0,-0.05,0.04,0.01,"[79.20,73.82,80.61,71.53,75.30,69.52,84.33,67.41,68.18,84.27]","[0.10,0.13,0.14,0.08,-0.04,0.11,0.12,0.11,0.12,0.11]","[-0.10,-0.07,-0.04,-0.04,0.09,-0.11,-0.06,-0.04,-0.04,-0.06]",33.88,1185.68,157,427,,,,,,,0.07,-0.04,-0.8,0.84,0.91,0.01,,,,
68048,30.81122589111328,-105.08573150634766,75.34,5.1,0.57,0.1,0.01,0.0,-0.04,0.05,0.0,"[79.16,73.75,80.63,70.92,75.33,69.44,84.38,67.39,68.12,84.26]","[0.10,0.13,0.14,0.08,-0.04,0.11,0.12,0.11,0.12,0.11]","[-0.10,-0.06,-0.04,-0.05,0.10,-0.10,-0.05,-0.04,-0.03,-0.05]",26.24,1178.03,158,424,,,,,,,0.07,-0.01,-0.81,0.85,0.97,0.0,,,,
68048,30.81122589111328,-105.08573150634766,75.34,5.1,0.57,0.1,0.01,0.0,-0.04,0.05,0.0,"[79.16,73.75,80.63,70.92,75.33,69.44,84.38,67.39,68.12,84.26]","[0.10,0.13,0.14,0.08,-0.04,0.11,0.12,0.11,0.12,0.11]","[-0.10,-0.06,-0.04,-0.05,0.10,-0.10,-0.05,-0.04,-0.03,-0.05]",26.24,1178.03,158,424,,,,,,,0.07,-0.01,-0.81,0.85,0.97,0.0,,,,
68049,30.81122589111328,-105.085693359375,75.26,5.06,0.56,0.1,0.01,0.0,-0.04,0.05,0.01,"[79.11,73.70,80.49,70.85,75.24,69.39,84.25,67.30,68.08,84.18]","[0.10,0.13,0.14,0.08,-0.04,0.11,0.12,0.11,0.12,0.11]","[-0.10,-0.06,-0.04,-0.04,0.10,-0.11,-0.05,-0.03,-0.03,-0.05]",30.75,1182.54,158,425,,,,,,,0.07,-0.02,-0.79,0.86,0.96,0.01,,,,
68049,30.81122589111328,-105.085693359375,75.26,5.06,0.56,0.1,0.01,0.0,-0.04,0.05,0.01,"[79.11,73.70,80.49,70.85,75.24,69.39,84.25,67.30,68.08,84.18]","[0.10,0.13,0.14,0.08,-0.04,0.11,0.12,0.11,0.12,0.11]","[-0.10,-0.06,-0.04,-0.04,0.10,-0.11,-0.05,-0.03,-0.03,-0.05]",30.75,1182.54,158,425,,,,,,,0.07,-0.02,-0.79,0.86,0.96,0.01,,,,
68050,30.81122589111328,-105.08563232421875,75.25,5.06,0.56,0.1,0.01,0.0,-0.04,0.05,0.01,"[79.11,73.70,80.48,70.85,75.23,69.38,84.24,67.29,68.08,84.17]","[0.10,0.13,0.14,0.08,-0.04,0.11,0.12,0.11,0.12,0.11]","[-0.10,-0.06,-0.04,-0.04,0.10,-0.11,-0.05,-0.03,-0.03,-0.05]",32.28,1184.08,158,426,,,,,,,0.07,-0.02,-0.78,0.86,0.95,0.01,,,,
68050,30.81122589111328,-105.08563232421875,75.25,5.06,0.56,0.1,0.01,0.0,-0.04,0.05,0.01,"[79.11,73.70,80.48,70.85,75.23,69.38,84.24,67.29,68.08,84.17]","[0.10,0.13,0.14,0.08,-0.04,0.11,0.12,0.11,0.12,0.11]","[-0.10,-0.06,-0.04,-0.04,0.10,-0.11,-0.05,-0.03,-0.03,-0.05]",32.28,1184.08,158,426,,,,,,,0.07,-0.02,-0.78,0.86,0.95,0.01,,,,
68051,30.81122589111328,-105.0855941772461,75.25,5.06,0.56,0.1,0.01,0.0,-0.04,0.05,0.01,"[79.11,73.70,80.48,70.85,75.23,69.38,84.24,67.29,68.08,84.17]","[0.10,0.13,0.14,0.08,-0.04,0.11,0.12,0.11,0.12,0.11]","[-0.10,-0.06,-0.04,-0.04,0.10,-0.11,-0.05,-0.03,-0.03,-0.05]",33.34,1185.14,158,427,,,,,,,0.07,-0.02,-0.78,0.86,0.95,0.01,,,,
68051,30.81122589111328,-105.0855941772461,75.25,5.06,0.56,0.1,0.01,0.0,-0.04,0.05,0.01,"[79.11,73.70,80.48,70.85,75.23,69.38,84.24,67.29,68.08,84.17]","[0.10,0.13,0.14,0.08,-0.04,0.11,0.12,0.11,0.12,0.11]","[-0.10,-0.06,-0.04,-0.04,0.10,-0.11,-0.05,-0.03,-0.03,-0.05]",33.34,1185.14,158,427,,,,,,,0.07,-0.02,-0.78,0.86,0.95,0.01,,,,
68476,30.811182022094727,-105.08573150634766,75.17,5.08,0.56,0.1,0.01,0.0,-0.04,0.05,0.01,"[79.07,73.63,80.51,70.24,75.26,69.30,84.29,67.27,68.02,84.15]","[0.10,0.14,0.14,0.09,-0.05,0.10,0.11,0.11,0.12,0.11]","[-0.10,-0.06,-0.04,-0.04,0.10,-0.10,-0.04,-0.03,-0.03,-0.04]",28.27,1180.07,159,424,,,,,,,0.06,-0.0,-0.8,0.86,0.99,0.01,,,,
68476,30.811182022094727,-105.08573150634766,75.17,5.08,0.56,0.1,0.01,0.0,-0.04,0.05,0.01,"[79.07,73.63,80.51,70.24,75.26,69.30,84.29,67.27,68.02,84.15]","[0.10,0.14,0.14,0.09,-0.05,0.10,0.11,0.11,0.12,0.11]","[-0.10,-0.06,-0.04,-0.04,0.10,-0.10,-0.04,-0.03,-0.03,-0.04]",28.27,1180.07,159,424,,,,,,,0.06,-0.0,-0.8,0.86,0.99,0.01,,,,
68477,30.811182022094727,-105.085693359375,75.09,5.05,0.56,0.1,0.01,0.0,-0.04,0.06,0.01,"[79.02,73.58,80.36,70.17,75.17,69.25,84.16,67.18,67.98,84.07]","[0.10,0.14,0.14,0.09,-0.05,0.10,0.11,0.11,0.12,0.11]","[-0.10,-0.06,-0.03,-0.04,0.10,-0.11,-0.04,-0.03,-0.02,-0.04]",30.97,1182.77,159,425,,,,,,,0.06,-0.0,-0.77,0.87,0.99,0.01,,,,
68477,30.811182022094727,-105.085693359375,75.09,5.05,0.56,0.1,0.01,0.0,-0.04,0.06,0.01,"[79.02,73.58,80.36,70.17,75.17,69.25,84.16,67.18,67.98,84.07]","[0.10,0.14,0.14,0.09,-0.05,0.10,0.11,0.11,0.12,0.11]","[-0.10,-0.06,-0.03,-0.04,0.10,-0.11,-0.04,-0.03,-0.02,-0.04]",30.97,1182.77,159,425,,,,,,,0.06,-0.0,-0.77,0.87,0.99,0.01,,,,
68478,30.811182022094727,-105.08563232421875,75.09,5.04,0.56,0.1,0.01,0.0,-0.04,0.06,0.01,"[79.02,73.58,80.35,70.16,75.17,69.24,84.15,67.17,67.97,84.06]","[0.10,0.14,0.14,0.09,-0.05,0.10,0.11,0.11,0.12,0.11]","[-0.10,-0.06,-0.03,-0.04,0.10,-0.11,-0.04,-0.03,-0.02,-0.04]",34.56,1186.36,159,426,,,,,,,0.06,-0.0,-0.77,0.87,0.99,0.01,,,,
68478,30.811182022094727,-105.08563232421875,75.09,5.04,0.56,0.1,0.01,0.0,-0.04,0.06,0.01,"[79.02,73.58,80.35,70.16,75.17,69.24,84.15,67.17,67.97,84.06]","[0.10,0.14,0.14,0.09,-0.05,0.10,0.11,0.11,0.12,0.11]","[-0.10,-0.06,-0.03,-0.04,0.10,-0.11,-0.04,-0.03,-0.02,-0.04]",34.56,1186.36,159,426,,,,,,,0.06,-0.0,-0.77,0.87,0.99,0.01,,,,
68479,30.811182022094727,-105.0855941772461,75.09,5.04,0.56,0.1,0.01,0.0,-0.04,0.06,0.01,"[79.02,73.58,80.35,70.16,75.17,69.24,84.15,67.17,67.97,84.06]","[0.10,0.14,0.14,0.09,-0.05,0.10,0.11,0.11,0.12,0.11]","[-0.10,-0.06,-0.03,-0.04,0.10,-0.11,-0.04,-0.03,-0.02,-0.04]",35.86,1187.66,159,427,,,,,,,0.06,-0.0,-0.77,0.87,0.99,0.01,,,,
68479,30.811182022094727,-105.0855941772461,75.09,5.04,0.56,0.1,0.01,0.0,-0.04,0.06,0.01,"[79.02,73.58,80.35,70.16,75.17,69.24,84.15,67.17,67.97,84.06]","[0.10,0.14,0.14,0.09,-0.05,0.10,0.11,0.11,0.12,0.11]","[-0.10,-0.06,-0.03,-0.04,0.10,-0.11,-0.04,-0.03,-0.02,-0.04]",35.86,1187.66,159,427,,,,,,,0.06,-0.0,-0.77,0.87,0.99,0.01,,,,
68904,30.811134338378906,-105.08573150634766,75.01,5.07,0.56,0.1,0.01,0.0,-0.03,0.06,0.01,"[78.98,73.51,80.38,69.55,75.20,69.16,84.20,67.15,67.92,84.05]","[0.10,0.14,0.14,0.09,-0.05,0.10,0.11,0.11,0.12,0.11]","[-0.09,-0.05,-0.03,-0.04,0.11,-0.09,-0.04,-0.03,-0.02,-0.03]",32.38,1184.18,160,424,,,,,,,0.06,0.01,-0.79,0.87,0.97,0.01,,,,
68904,30.811134338378906,-105.08573150634766,75.01,5.07,0.56,0.1,0.01,0.0,-0.03,0.06,0.01,"[78.98,73.51,80.38,69.55,75.20,69.16,84.20,67.15,67.92,84.05]","[0.10,0.14,0.14,0.09,-0.05,0.10,0.11,0.11,0.12,0.11]","[-0.09,-0.05,-0.03,-0.04,0.11,-0.09,-0.04,-0.03,-0.02,-0.03]",32.38,1184.18,160,424,,,,,,,0.06,0.01,-0.79,0.87,0.97,0.01,,,,
68905,30.811134338378906,-105.085693359375,74.93,5.03,0.56,0.1,0.01,0.0,-0.03,0.07,0.01,"[78.93,73.46,80.23,69.48,75.11,69.11,84.07,67.06,67.87,83.97]","[0.10,0.14,0.14,0.09,-0.05,0.10,0.11,0.11,0.12,0.11]","[-0.09,-0.05,-0.03,-0.04,0.11,-0.10,-0.03,-0.02,-0.01,-0.03]",31.94,1183.74,160,425,,,,,,,0.05,0.02,-0.76,0.88,0.96,0.01,,,,
68905,30.811134338378906,-105.085693359375,74.93,5.03,0.56,0.1,0.01,0.0,-0.03,0.07,0.01,"[78.93,73.46,80.23,69.48,75.11,69.11,84.07,67.06,67.87,83.97]","[0.10,0.14,0.14,0.09,-0.05,0.10,0.11,0.11,0.12,0.11]","[-0.09,-0.05,-0.03,-0.04,0.11,-0.10,-0.03,-0.02,-0.01,-0.03]",31.94,1183.74,160,425,,,,,,,0.05,0.02,-0.76,0.88,0.96,0.01,,,,
68906,30.811134338378906,-105.08563232421875,74.92,5.03,0.56,0.1,0.01,0.0,-0.03,0.07,0.01,"[78.93,73.45,80.22,69.47,75.10,69.10,84.06,67.06,67.87,83.96]","[0.10,0.14,0.14,0.09,-0.05,0.10,0.11,0.11,0.12,0.11]","[-0.09,-0.05,-0.03,-0.03,0.11,-0.10,-0.03,-0.02,-0.01,-0.03]",33.61,1185.41,160,426,,,,,,,0.05,0.02,-0.75,0.88,0.96,0.01,,,,
68906,30.811134338378906,-105.08563232421875,74.92,5.03,0.56,0.1,0.01,0.0,-0.03,0.07,0.01,"[78.93,73.45,80.22,69.47,75.10,69.10,84.06,67.06,67.87,83.96]","[0.10,0.14,0.14,0.09,-0.05,0.10,0.11,0.11,0.12,0.11]","[-0.09,-0.05,-0.03,-0.03,0.11,-0.10,-0.03,-0.02,-0.01,-0.03]",33.61,1185.41,160,426,,,,,,,0.05,0.02,-0.75,0.88,0.96,0.01,,,,
68907,30.811134338378906,-105.0855941772461,74.92,5.03,0.56,0.1,0.01,0.0,-0.03,0.07,0.01,"[78.93,73.45,80.22,69.47,75.10,69.10,84.06,67.06,67.87,83.96]","[0.10,0.14,0.14,0.09,-0.05,0.10,0.11,0.11,0.12,0.11]","[-0.09,-0.05,-0.03,-0.03,0.11,-0.10,-0.03,-0.02,-0.01,-0.03]",37.33,1189.13,160,427,,,,,,,0.05,0.02,-0.75,0.88,0.96,0.01,,,,
68907,30.811134338378906,-105.0855941772461,74.92,5.03,0.56,0.1,0.01,0.0,-0.03,0.07,0.01,"[78.93,73.45,80.22,69.47,75.10,69.10,84.06,67.06,67.87,83.96]","[0.10,0.14,0.14,0.09,-0.05,0.10,0.11,0.11,0.12,0.11]","[-0.09,-0.05,-0.03,-0.03,0.11,-0.10,-0.03,-0.02,-0.01,-0.03]",37.33,1189.13,160,427,,,,,,,0.05,0.02,-0.75,0.88,0.96,0.01,,,,
69332,30.81109046936035,-105.08573150634766,74.84,5.05,0.56,0.1,0.01,0.0,-0.03,0.07,0.01,"[78.89,73.39,80.25,68.87,75.13,69.02,84.12,67.03,67.81,83.94]","[0.10,0.14,0.14,0.09,-0.05,0.10,0.11,0.11,0.12,0.11]","[-0.09,-0.05,-0.03,-0.04,0.11,-0.09,-0.03,-0.02,-0.01,-0.02]",34.96,1186.76,161,424,,,,,,,0.05,0.03,-0.78,0.89,0.94,0.01,,,,
69332,30.81109046936035,-105.08573150634766,74.84,5.05,0.56,0.1,0.01,0.0,-0.03,0.07,0.01,"[78.89,73.39,80.25,68.87,75.13,69.02,84.12,67.03,67.81,83.94]","[0.10,0.14,0.14,0.09,-0.05,0.10,0.11,0.11,0.12,0.11]","[-0.09,-0.05,-0.03,-0.04,0.11,-0.09,-0.03,-0.02,-0.01,-0.02]",34.96,1186.76,161,424,,,,,,,0.05,0.03,-0.78,0.89,0.94,0.01,,,,
69333,30.81109046936035,-105.085693359375,74.76,5.02,0.56,0.1,0.01,0.0,-0.02,0.08,0.01,"[78.84,73.34,80.10,68.79,75.04,68.97,83.98,66.95,67.77,83.86]","[0.10,0.14,0.14,0.09,-0.05,0.10,0.11,0.11,0.12,0.11]","[-0.09,-0.04,-0.02,-0.03,0.12,-0.10,-0.02,-0.01,-0.01,-0.02]",35.16,1186.96,161,425,,,,,,,0.05,0.04,-0.74,0.9,0.91,0.01,,,,
69333,30.81109046936035,-105.085693359375,74.76,5.02,0.56,0.1,0.01,0.0,-0.02,0.08,0.01,"[78.84,73.34,80.10,68.79,75.04,68.97,83.98,66.95,67.77,83.86]","[0.10,0.14,0.14,0.09,-0.05,0.10,0.11,0.11,0.12,0.11]","[-0.09,-0.04,-0.02,-0.03,0.12,-0.10,-0.02,-0.01,-0.01,-0.02]",35.16,1186.96,161,425,,,,,,,0.05,0.04,-0.74,0.9,0.91,0.01,,,,
69334,30.81109046936035,-105.08563232421875,74.76,5.02,0.56,0.1,0.01,0.0,-0.02,0.08,0.01,"[78.84,73.33,80.09,68.79,75.03,68.96,83.97,66.94,67.76,83.85]","[0.10,0.14,0.14,0.09,-0.05,0.10,0.11,0.11,0.12,0.11]","[-0.09,-0.04,-0.02,-0.03,0.12,-0.10,-0.02,-0.01,-0.00,-0.02]",36.16,1187.96,161,426,,,,,,,0.05,0.04,-0.73,0.9,0.91,0.02,,,,
69334,30.81109046936035,-105.08563232421875,74.76,5.02,0.56,0.1,0.01,0.0,-0.02,0.08,0.01,"[78.84,73.33,80.09,68.79,75.03,68.96,83.97,66.94,67.76,83.85]","[0.10,0.14,0.14,0.09,-0.05,0.10,0.11,0.11,0.12,0.11]","[-0.09,-0.04,-0.02,-0.03,0.12,-0.10,-0.02,-0.01,-0.00,-0.02]",36.16,1187.96,161,426,,,,,,,0.05,0.04,-0.73,0.9,0.91,0.02,,,,
69335,30.81109046936035,-105.0855941772461,74.76,5.02,0.56,0.1,0.01,0.0,-0.02,0.08,0.01,"[78.84,73.33,80.09,68.79,75.03,68.96,83.97,66.94,67.76,83.85]","[0.10,0.14,0.14,0.09,-0.05,0.10,0.11,0.11,0.12,0.11]","[-0.09,-0.04,-0.02,-0.03,0.12,-0.10,-0.02,-0.01,-0.00,-0.02]",37.98,1189.78,161,427,,,,,,,0.05,0.04,-0.73,0.9,0.91,0.02,,,,
69335,30.81109046936035,-105.0855941772461,74.76,5.02,0.56,0.1,0.01,0.0,-0.02,0.08,0.01,"[78.84,73.33,80.09,68.79,75.03,68.96,83.97,66.94,67.76,83.85]","[0.10,0.14,0.14,0.09,-0.05,0.10,0.11,0.11,0.12,0.11]","[-0.09,-0.04,-0.02,-0.03,0.12,-0.10,-0.02,-0.01,-0.00,-0.02]",37.98,1189.78,161,427,,,,,,,0.05,0.04,-0.73,0.9,0.91,0.02,,,,
69760,30.811044692993164,-105.08573150634766,74.69,5.04,0.56,0.1,0.01,0.0,-0.02,0.07,0.01,"[78.80,73.27,80.04,68.30,75.08,68.89,84.05,66.93,67.72,83.84]","[0.10,0.14,0.14,0.09,-0.05,0.10,0.11,0.11,0.12,0.11]","[-0.09,-0.04,-0.02,-0.04,0.13,-0.08,-0.03,-0.02,-0.01,-0.02]",37.29,1189.09,162,424,,,,,,,0.05,0.03,-0.79,0.9,0.94,0.01,,,,
69760,30.811044692993164,-105.08573150634766,74.69,5.04,0.56,0.1,0.01,0.0,-0.02,0.07,0.01,"[78.80,73.27,80.04,68.30,75.08,68.89,84.05,66.93,67.72,83.84]","[0.10,0.14,0.14,0.09,-0.05,0.10,0.11,0.11,0.12,0.11]","[-0.09,-0.04,-0.02,-0.04,0.13,-0.08,-0.03,-0.02,-0.01,-0.02]",37.29,1189.09,162,424,,,,,,,0.05,0.03,-0.79,0.9,0.94,0.01,,,,
69761,30.811044692993164,-105.085693359375,74.61,5.01,0.56,0.1,0.01,0.0,-0.02,0.08,0.01,"[78.75,73.21,79.89,68.22,74.99,68.84,83.91,66.84,67.67,83.76]","[0.10,0.14,0.14,0.09,-0.05,0.10,0.11,0.11,0.12,0.11]","[-0.09,-0.04,-0.02,-0.03,0.13,-0.10,-0.02,-0.01,0.00,-0.01]",38.58,1190.38,162,425,,,,,,,0.04,0.04,-0.75,0.91,0.91,0.01,,,,
69761,30.811044692993164,-105.085693359375,74.61,5.01,0.56,0.1,0.01,0.0,-0.02,0.08,0.01,"[78.75,73.21,79.89,68.22,74.99,68.84,83.91,66.84,67.67,83.76]","[0.10,0.14,0.14,0.09,-0.05,0.10,0.11,0.11,0.12,0.11]","[-0.09,-0.04,-0.02,-0.03,0.13,-0.10,-0.02,-0.01,0.00,-0.01]",38.58,1190.38,162,425,,,,,,,0.04,0.04,-0.75,0.91,0.91,0.01,,,,
69762,30.811044692993164,-105.08563232421875,74.6,5.01,0.56,0.1,0.01,0.0,-0.02,0.08,0.01,"[78.74,73.21,79.88,68.21,74.98,68.83,83.90,66.83,67.67,83.75]","[0.10,0.14,0.14,0.09,-0.05,0.10,0.11,0.11,0.12,0.11]","[-0.09,-0.04,-0.02,-0.03,0.13,-0.10,-0.02,-0.01,0.00,-0.01]",39.7,1191.5,162,426,,,,,,,0.04,0.04,-0.74,0.91,0.91,0.01,,,,
69762,30.811044692993164,-105.08563232421875,74.6,5.01,0.56,0.1,0.01,0.0,-0.02,0.08,0.01,"[78.74,73.21,79.88,68.21,74.98,68.83,83.90,66.83,67.67,83.75]","[0.10,0.14,0.14,0.09,-0.05,0.10,0.11,0.11,0.12,0.11]","[-0.09,-0.04,-0.02,-0.03,0.13,-0.10,-0.02,-0.01,0.00,-0.01]",39.7,1191.5,162,426,,,,,,,0.04,0.04,-0.74,0.91,0.91,0.01,,,,
69763,30.811044692993164,-105.0855941772461,74.6,5.01,0.56,0.1,0.01,0.0,-0.02,0.08,0.01,"[78.74,73.21,79.88,68.21,74.98,68.83,83.90,66.83,67.67,83.75]","[0.10,0.14,0.14,0.09,-0.05,0.10,0.11,0.11,0.12,0.11]","[-0.09,-0.04,-0.02,-0.03,0.13,-0.10,-0.02,-0.01,0.00,-0.01]",41.49,1193.29,162,427,,,,,,,0.04,0.04,-0.74,0.91,0.91,0.01,,,,
69763,30.811044692993164,-105.0855941772461,74.6,5.01,0.56,0.1,0.01,0.0,-0.02,0.08,0.01,"[78.74,73.21,79.88,68.21,74.98,68.83,83.90,66.83,67.67,83.75]","[0.10,0.14,0.14,0.09,-0.05,0.10,0.11,0.11,0.12,0.11]","[-0.09,-0.04,-0.02,-0.03,0.13,-0.10,-0.02,-0.01,0.00,-0.01]",41.49,1193.29,162,427,,,,,,,0.04,0.04,-0.74,0.91,0.91,0.01,,,,
70188,30.81100082397461,-105.08573150634766,74.54,5.04,0.56,0.1,0.01,0.0,-0.02,0.06,0.01,"[78.70,73.14,79.75,67.83,75.03,68.78,84.00,66.83,67.64,83.73]","[0.10,0.14,0.14,0.09,-0.04,0.10,0.11,0.11,0.12,0.11]","[-0.09,-0.04,-0.02,-0.04,0.15,-0.08,-0.03,-0.02,-0.01,-0.03]",40.65,1192.45,163,424,,,,,,,0.05,0.01,-0.8,0.9,0.97,0.01,,,,
70188,30.81100082397461,-105.08573150634766,74.54,5.04,0.56,0.1,0.01,0.0,-0.02,0.06,0.01,"[78.70,73.14,79.75,67.83,75.03,68.78,84.00,66.83,67.64,83.73]","[0.10,0.14,0.14,0.09,-0.04,0.10,0.11,0.11,0.12,0.11]","[-0.09,-0.04,-0.02,-0.04,0.15,-0.08,-0.03,-0.02,-0.01,-0.03]",40.65,1192.45,163,424,,,,,,,0.05,0.01,-0.8,0.9,0.97,0.01,,,,
70189,30.81100082397461,-105.085693359375,74.46,5.0,0.56,0.1,0.01,0.0,-0.02,0.07,0.01,"[78.65,73.09,79.60,67.75,74.94,68.73,83.86,66.75,67.59,83.65]","[0.10,0.14,0.14,0.09,-0.04,0.10,0.11,0.11,0.12,0.11]","[-0.09,-0.03,-0.01,-0.03,0.15,-0.09,-0.02,-0.01,0.00,-0.02]",42.27,1194.07,163,425,,,,,,,0.04,0.03,-0.77,0.91,0.95,0.01,,,,
70189,30.81100082397461,-105.085693359375,74.46,5.0,0.56,0.1,0.01,0.0,-0.02,0.07,0.01,"[78.65,73.09,79.60,67.75,74.94,68.73,83.86,66.75,67.59,83.65]","[0.10,0.14,0.14,0.09,-0.04,0.10,0.11,0.11,0.12,0.11]","[-0.09,-0.03,-0.01,-0.03,0.15,-0.09,-0.02,-0.01,0.00,-0.02]",42.27,1194.07,163,425,,,,,,,0.04,0.03,-0.77,0.91,0.95,0.01,,,,
70190,30.81100082397461,-105.08563232421875,74.45,5.0,0.56,0.1,0.01,0.0,-0.02,0.07,0.01,"[78.64,73.08,79.58,67.74,74.93,68.72,83.85,66.74,67.58,83.65]","[0.10,0.14,0.14,0.09,-0.04,0.10,0.11,0.11,0.12,0.11]","[-0.09,-0.03,-0.01,-0.03,0.15,-0.09,-0.02,-0.01,0.00,-0.02]",42.64,1194.44,163,426,,,,,,,0.04,0.03,-0.77,0.91,0.94,0.01,,,,
70190,30.81100082397461,-105.08563232421875,74.45,5.0,0.56,0.1,0.01,0.0,-0.02,0.07,0.01,"[78.64,73.08,79.58,67.74,74.93,68.72,83.85,66.74,67.58,83.65]","[0.10,0.14,0.14,0.09,-0.04,0.10,0.11,0.11,0.12,0.11]","[-0.09,-0.03,-0.01,-0.03,0.15,-0.09,-0.02,-0.01,0.00,-0.02]",42.64,1194.44,163,426,,,,,,,0.04,0.03,-0.77,0.91,0.94,0.01,,,,
70191,30.81100082397461,-105.0855941772461,74.45,5.0,0.56,0.1,0.01,0.0,-0.02,0.07,0.01,"[78.64,73.08,79.58,67.74,74.93,68.72,83.85,66.74,67.58,83.65]","[0.10,0.14,0.14,0.09,-0.04,0.10,0.11,0.11,0.12,0.11]","[-0.09,-0.03,-0.01,-0.03,0.15,-0.09,-0.02,-0.01,0.00,-0.02]",43.26,1195.06,163,427,,,,,,,0.04,0.03,-0.77,0.91,0.94,0.01,,,,
70191,30.81100082397461,-105.0855941772461,74.45,5.0,0.56,0.1,0.01,0.0,-0.02,0.07,0.01,"[78.64,73.08,79.58,67.74,74.93,68.72,83.85,66.74,67.58,83.65]","[0.10,0.14,0.14,0.09,-0.04,0.10,0.11,0.11,0.12,0.11]","[-0.09,-0.03,-0.01,-0.03,0.15,-0.09,-0.02,-0.01,0.00,-0.02]",43.26,1195.06,163,427,,,,,,,0.04,0.03,-0.77,0.91,0.94,0.01,,,,
70616,30.810956954956055,-105.08573150634766,74.4,5.03,0.56,0.1,0.01,0.0,-0.02,0.06,0.01,"[78.60,73.02,79.45,67.37,74.98,68.67,83.95,66.73,67.55,83.63]","[0.10,0.13,0.14,0.10,-0.03,0.10,0.11,0.10,0.11,0.11]","[-0.09,-0.03,-0.02,-0.04,0.17,-0.08,-0.03,-0.03,-0.01,-0.03]",42.97,1194.77,164,424,,,,,,,0.04,0.01,-0.82,0.91,0.99,0.0,,,,
70616,30.810956954956055,-105.08573150634766,74.4,5.03,0.56,0.1,0.01,0.0,-0.02,0.06,0.01,"[78.60,73.02,79.45,67.37,74.98,68.67,83.95,66.73,67.55,83.63]","[0.10,0.13,0.14,0.10,-0.03,0.10,0.11,0.10,0.11,0.11]","[-0.09,-0.03,-0.02,-0.04,0.17,-0.08,-0.03,-0.03,-0.01,-0.03]",42.97,1194.77,164,424,,,,,,,0.04,0.01,-0.82,0.91,0.99,0.0,,,,
70617,30.810956954956055,-105.085693359375,74.31,5.0,0.56,0.1,0.01,0.0,-0.01,0.06,0.01,"[78.55,72.96,79.31,67.29,74.89,68.61,83.81,66.66,67.50,83.55]","[0.10,0.13,0.14,0.09,-0.03,0.10,0.11,0.10,0.11,0.11]","[-0.09,-0.02,-0.01,-0.03,0.18,-0.09,-0.02,-0.01,0.01,-0.03]",42.9,1194.7,164,425,,,,,,,0.04,0.01,-0.79,0.91,0.97,0.01,,,,
70617,30.810956954956055,-105.085693359375,74.31,5.0,0.56,0.1,0.01,0.0,-0.01,0.06,0.01,"[78.55,72.96,79.31,67.29,74.89,68.61,83.81,66.66,67.50,83.55]","[0.10,0.13,0.14,0.09,-0.03,0.10,0.11,0.10,0.11,0.11]","[-0.09,-0.02,-0.01,-0.03,0.18,-0.09,-0.02,-0.01,0.01,-0.03]",42.9,1194.7,164,425,,,,,,,0.04,0.01,-0.79,0.91,0.97,0.01,,,,
70618,30.810956954956055,-105.08563232421875,74.31,5.0,0.56,0.1,0.01,0.0,-0.01,0.06,0.01,"[78.54,72.96,79.29,67.28,74.89,68.61,83.80,66.65,67.50,83.54]","[0.10,0.13,0.14,0.09,-0.03,0.10,0.11,0.10,0.11,0.11]","[-0.09,-0.02,-0.01,-0.03,0.18,-0.09,-0.02,-0.01,0.01,-0.03]",42.85,1194.64,164,426,,,,,,,0.04,0.01,-0.79,0.91,0.97,0.01,,,,
70618,30.810956954956055,-105.08563232421875,74.31,5.0,0.56,0.1,0.01,0.0,-0.01,0.06,0.01,"[78.54,72.96,79.29,67.28,74.89,68.61,83.80,66.65,67.50,83.54]","[0.10,0.13,0.14,0.09,-0.03,0.10,0.11,0.10,0.11,0.11]","[-0.09,-0.02,-0.01,-0.03,0.18,-0.09,-0.02,-0.01,0.01,-0.03]",42.85,1194.64,164,426,,,,,,,0.04,0.01,-0.79,0.91,0.97,0.01,,,,
70619,30.810956954956055,-105.0855941772461,74.31,5.0,0.56,0.1,0.01,0.0,-0.01,0.06,0.01,"[78.54,72.96,79.29,67.28,74.89,68.61,83.80,66.65,67.50,83.54]","[0.10,0.13,0.14,0.09,-0.03,0.10,0.11,0.10,0.11,0.11]","[-0.09,-0.02,-0.01,-0.03,0.18,-0.09,-0.02,-0.01,0.01,-0.03]",43.56,1195.36,164,427,,,,,,,0.04,0.01,-0.79,0.91,0.97,0.01,,,,
70619,30.810956954956055,-105.0855941772461,74.31,5.0,0.56,0.1,0.01,0.0,-0.01,0.06,0.01,"[78.54,72.96,79.29,67.28,74.89,68.61,83.80,66.65,67.50,83.54]","[0.10,0.13,0.14,0.09,-0.03,0.10,0.11,0.10,0.11,0.11]","[-0.09,-0.02,-0.01,-0.03,0.18,-0.09,-0.02,-0.01,0.01,-0.03]",43.56,1195.36,164,427,,,,,,,0.04,0.01,-0.79,0.91,0.97,0.01,,,,
71044,30.8109130859375,-105.08573150634766,74.25,5.03,0.56,0.1,0.01,0.0,-0.02,0.05,0.01,"[78.50,72.89,79.16,66.90,74.94,68.55,83.90,66.64,67.46,83.53]","[0.10,0.13,0.14,0.10,-0.03,0.09,0.11,0.10,0.11,0.11]","[-0.09,-0.02,-0.01,-0.04,0.19,-0.08,-0.03,-0.03,-0.00,-0.04]",42.58,1194.38,165,424,,,,,,,0.04,-0.0,-0.82,0.91,0.99,0.0,,,,
71044,30.8109130859375,-105.08573150634766,74.25,5.03,0.56,0.1,0.01,0.0,-0.02,0.05,0.01,"[78.50,72.89,79.16,66.90,74.94,68.55,83.90,66.64,67.46,83.53]","[0.10,0.13,0.14,0.10,-0.03,0.09,0.11,0.10,0.11,0.11]","[-0.09,-0.02,-0.01,-0.04,0.19,-0.08,-0.03,-0.03,-0.00,-0.04]",42.58,1194.38,165,424,,,,,,,0.04,-0.0,-0.82,0.91,0.99,0.0,,,,
71045,30.8109130859375,-105.085693359375,74.17,4.99,0.55,0.09,0.01,0.0,-0.01,0.05,0.01,"[78.45,72.84,79.01,66.82,74.85,68.50,83.77,66.57,67.42,83.45]","[0.09,0.13,0.13,0.10,-0.03,0.09,0.10,0.10,0.11,0.10]","[-0.08,-0.01,-0.00,-0.03,0.20,-0.08,-0.02,-0.02,0.01,-0.03]",42.3,1194.1,165,425,,,,,,,0.04,0.0,-0.8,0.91,0.99,0.01,,,,
71045,30.8109130859375,-105.085693359375,74.17,4.99,0.55,0.09,0.01,0.0,-0.01,0.05,0.01,"[78.45,72.84,79.01,66.82,74.85,68.50,83.77,66.57,67.42,83.45]","[0.09,0.13,0.13,0.10,-0.03,0.09,0.10,0.10,0.11,0.10]","[-0.08,-0.01,-0.00,-0.03,0.20,-0.08,-0.02,-0.02,0.01,-0.03]",42.3,1194.1,165,425,,,,,,,0.04,0.0,-0.8,0.91,0.99,0.01,,,,
71046,30.8109130859375,-105.08563232421875,74.16,4.99,0.55,0.09,0.01,0.0,-0.01,0.05,0.01,"[78.45,72.84,79.00,66.82,74.84,68.50,83.75,66.56,67.41,83.44]","[0.09,0.13,0.13,0.10,-0.03,0.09,0.10,0.10,0.11,0.10]","[-0.08,-0.01,0.00,-0.03,0.20,-0.08,-0.02,-0.02,0.01,-0.03]",42.73,1194.53,165,426,,,,,,,0.04,0.0,-0.8,0.91,0.99,0.01,,,,
71046,30.8109130859375,-105.08563232421875,74.16,4.99,0.55,0.09,0.01,0.0,-0.01,0.05,0.01,"[78.45,72.84,79.00,66.82,74.84,68.50,83.75,66.56,67.41,83.44]","[0.09,0.13,0.13,0.10,-0.03,0.09,0.10,0.10,0.11,0.10]","[-0.08,-0.01,0.00,-0.03,0.20,-0.08,-0.02,-0.02,0.01,-0.03]",42.73,1194.53,165,426,,,,,,,0.04,0.0,-0.8,0.91,0.99,0.01,,,,
71047,30.8109130859375,-105.0855941772461,74.16,4.99,0.55,0.09,0.01,0.0,-0.01,0.05,0.01,"[78.45,72.84,79.00,66.82,74.84,68.50,83.75,66.56,67.41,83.44]","[0.09,0.13,0.13,0.10,-0.03,0.09,0.10,0.10,0.11,0.10]","[-0.08,-0.01,0.00,-0.03,0.20,-0.08,-0.02,-0.02,0.01,-0.03]",43.71,1195.51,165,427,,,,,,,0.04,0.0,-0.8,0.91,0.99,0.01,,,,
71047,30.8109130859375,-105.0855941772461,74.16,4.99,0.55,0.09,0.01,0.0,-0.01,0.05,0.01,"[78.45,72.84,79.00,66.82,74.84,68.50,83.75,66.56,67.41,83.44]","[0.09,0.13,0.13,0.10,-0.03,0.09,0.10,0.10,0.11,0.10]","[-0.08,-0.01,0.00,-0.03,0.20,-0.08,-0.02,-0.02,0.01,-0.03]",43.71,1195.51,165,427,,,,,,,0.04,0.0,-0.8,0.91,0.99,0.01,,,,
71472,30.810867309570312,-105.08573150634766,74.1,5.02,0.56,0.09,0.01,0.0,-0.01,0.04,0.0,"[78.40,72.77,78.87,66.44,74.89,68.44,83.85,66.54,67.38,83.43]","[0.09,0.13,0.13,0.10,-0.02,0.09,0.10,0.10,0.11,0.10]","[-0.09,-0.02,-0.01,-0.04,0.21,-0.07,-0.03,-0.03,-0.00,-0.05]",42.0,1193.8,166,424,,,,,,,0.04,-0.01,-0.82,0.92,0.98,0.0,,,,
71472,30.810867309570312,-105.08573150634766,74.1,5.02,0.56,0.09,0.01,0.0,-0.01,0.04,0.0,"[78.40,72.77,78.87,66.44,74.89,68.44,83.85,66.54,67.38,83.43]","[0.09,0.13,0.13,0.10,-0.02,0.09,0.10,0.10,0.11,0.10]","[-0.09,-0.02,-0.01,-0.04,0.21,-0.07,-0.03,-0.03,-0.00,-0.05]",42.0,1193.8,166,424,,,,,,,0.04,-0.01,-0.82,0.92,0.98,0.0,,,,
71473,30.810867309570312,-105.085693359375,74.02,4.99,0.55,0.09,0.01,0.0,-0.0,0.04,0.01,"[78.35,72.72,78.72,66.36,74.80,68.39,83.72,66.47,67.33,83.35]","[0.09,0.13,0.13,0.10,-0.02,0.09,0.10,0.10,0.11,0.10]","[-0.08,-0.00,0.00,-0.03,0.22,-0.08,-0.02,-0.02,0.01,-0.04]",42.03,1193.83,166,425,,,,,,,0.04,-0.01,-0.8,0.91,0.99,0.01,,,,
71473,30.810867309570312,-105.085693359375,74.02,4.99,0.55,0.09,0.01,0.0,-0.0,0.04,0.01,"[78.35,72.72,78.72,66.36,74.80,68.39,83.72,66.47,67.33,83.35]","[0.09,0.13,0.13,0.10,-0.02,0.09,0.10,0.10,0.11,0.10]","[-0.08,-0.00,0.00,-0.03,0.22,-0.08,-0.02,-0.02,0.01,-0.04]",42.03,1193.83,166,425,,,,,,,0.04,-0.01,-0.8,0.91,0.99,0.01,,,,
71474,30.810867309570312,-105.08563232421875,74.01,4.99,0.55,0.09,0.01,0.0,-0.0,0.04,0.01,"[78.35,72.71,78.71,66.35,74.79,68.38,83.71,66.47,67.33,83.34]","[0.09,0.13,0.13,0.10,-0.02,0.09,0.10,0.10,0.11,0.10]","[-0.08,-0.00,0.00,-0.03,0.22,-0.08,-0.02,-0.02,0.01,-0.04]",42.89,1194.69,166,426,,,,,,,0.04,-0.01,-0.8,0.91,0.99,0.01,,,,
71474,30.810867309570312,-105.08563232421875,74.01,4.99,0.55,0.09,0.01,0.0,-0.0,0.04,0.01,"[78.35,72.71,78.71,66.35,74.79,68.38,83.71,66.47,67.33,83.34]","[0.09,0.13,0.13,0.10,-0.02,0.09,0.10,0.10,0.11,0.10]","[-0.08,-0.00,0.00,-0.03,0.22,-0.08,-0.02,-0.02,0.01,-0.04]",42.89,1194.69,166,426,,,,,,,0.04,-0.01,-0.8,0.91,0.99,0.01,,,,
71475,30.810867309570312,-105.0855941772461,74.01,4.99,0.55,0.09,0.01,0.0,-0.0,0.04,0.01,"[78.35,72.71,78.71,66.35,74.79,68.38,83.71,66.47,67.33,83.34]","[0.09,0.13,0.13,0.10,-0.02,0.09,0.10,0.10,0.11,0.10]","[-0.08,-0.00,0.00,-0.03,0.22,-0.08,-0.02,-0.02,0.01,-0.04]",43.94,1195.73,166,427,,,,,,,0.04,-0.01,-0.8,0.91,0.99,0.01,,,,
71475,30.810867309570312,-105.0855941772461,74.01,4.99,0.55,0.09,0.01,0.0,-0.0,0.04,0.01,"[78.35,72.71,78.71,66.35,74.79,68.38,83.71,66.47,67.33,83.34]","[0.09,0.13,0.13,0.10,-0.02,0.09,0.10,0.10,0.11,0.10]","[-0.08,-0.00,0.00,-0.03,0.22,-0.08,-0.02,-0.02,0.01,-0.04]",43.94,1195.73,166,427,,,,,,,0.04,-0.01,-0.8,0.91,0.99,0.01,,,,
71900,30.810819625854492,-105.08573150634766,73.95,5.02,0.56,0.09,0.01,0.0,-0.01,0.03,0.0,"[78.31,72.65,78.57,65.97,74.84,68.33,83.80,66.45,67.29,83.32]","[0.09,0.12,0.13,0.10,-0.02,0.09,0.10,0.09,0.10,0.10]","[-0.09,-0.01,-0.01,-0.04,0.23,-0.07,-0.03,-0.03,0.00,-0.05]",41.45,1193.25,167,424,,,,,,,0.03,-0.01,-0.82,0.93,0.98,0.0,,,,
71900,30.810819625854492,-105.08573150634766,73.95,5.02,0.56,0.09,0.01,0.0,-0.01,0.03,0.0,"[78.31,72.65,78.57,65.97,74.84,68.33,83.80,66.45,67.29,83.32]","[0.09,0.12,0.13,0.10,-0.02,0.09,0.10,0.09,0.10,0.10]","[-0.09,-0.01,-0.01,-0.04,0.23,-0.07,-0.03,-0.03,0.00,-0.05]",41.45,1193.25,167,424,,,,,,,0.03,-0.01,-0.82,0.93,0.98,0.0,,,,
71901,30.810819625854492,-105.085693359375,73.88,4.98,0.55,0.09,0.01,0.0,0.0,0.04,0.0,"[78.26,72.59,78.43,65.89,74.76,68.27,83.67,66.38,67.25,83.24]","[0.09,0.12,0.13,0.10,-0.01,0.09,0.10,0.09,0.10,0.10]","[-0.08,0.00,0.01,-0.03,0.25,-0.07,-0.02,-0.02,0.02,-0.05]",42.21,1194.01,167,425,,,,,,,0.04,-0.01,-0.8,0.91,0.97,0.01,,,,
71901,30.810819625854492,-105.085693359375,73.88,4.98,0.55,0.09,0.01,0.0,0.0,0.04,0.0,"[78.26,72.59,78.43,65.89,74.76,68.27,83.67,66.38,67.25,83.24]","[0.09,0.12,0.13,0.10,-0.01,0.09,0.10,0.09,0.10,0.10]","[-0.08,0.00,0.01,-0.03,0.25,-0.07,-0.02,-0.02,0.02,-0.05]",42.21,1194.01,167,425,,,,,,,0.04,-0.01,-0.8,0.91,0.97,0.01,,,,
71902,30.810819625854492,-105.08563232421875,73.87,4.98,0.55,0.09,0.01,0.0,0.0,0.04,0.0,"[78.25,72.59,78.42,65.89,74.75,68.27,83.66,66.38,67.24,83.23]","[0.09,0.12,0.13,0.10,-0.01,0.09,0.10,0.09,0.10,0.10]","[-0.08,0.00,0.01,-0.03,0.25,-0.07,-0.02,-0.02,0.02,-0.05]",43.09,1194.89,167,426,,,,,,,0.04,-0.01,-0.8,0.91,0.97,0.01,,,,
71902,30.810819625854492,-105.08563232421875,73.87,4.98,0.55,0.09,0.01,0.0,0.0,0.04,0.0,"[78.25,72.59,78.42,65.89,74.75,68.27,83.66,66.38,67.24,83.23]","[0.09,0.12,0.13,0.10,-0.01,0.09,0.10,0.09,0.10,0.10]","[-0.08,0.00,0.01,-0.03,0.25,-0.07,-0.02,-0.02,0.02,-0.05]",43.09,1194.89,167,426,,,,,,,0.04,-0.01,-0.8,0.91,0.97,0.01,,,,
71903,30.810819625854492,-105.0855941772461,73.87,4.98,0.55,0.09,0.01,0.0,0.0,0.04,0.0,"[78.25,72.59,78.42,65.89,74.75,68.27,83.66,66.38,67.24,83.23]","[0.09,0.12,0.13,0.10,-0.01,0.09,0.10,0.09,0.10,0.10]","[-0.08,0.00,0.01,-0.03,0.25,-0.07,-0.02,-0.02,0.02,-0.05]",44.0,1195.8,167,427,,,,,,,0.04,-0.01,-0.8,0.91,0.97,0.01,,,,
71903,30.810819625854492,-105.0855941772461,73.87,4.98,0.55,0.09,0.01,0.0,0.0,0.04,0.0,"[78.25,72.59,78.42,65.89,74.75,68.27,83.66,66.38,67.24,83.23]","[0.09,0.12,0.13,0.10,-0.01,0.09,0.10,0.09,0.10,0.10]","[-0.08,0.00,0.01,-0.03,0.25,-0.07,-0.02,-0.02,0.02,-0.05]",44.0,1195.8,167,427,,,,,,,0.04,-0.01,-0.8,0.91,0.97,0.01,,,,
72328,30.810775756835938,-105.08573150634766,73.82,5.02,0.56,0.09,0.01,0.0,-0.0,0.03,0.0,"[78.21,72.53,78.24,65.65,74.80,68.22,83.76,66.36,67.21,83.22]","[0.09,0.12,0.13,0.10,-0.01,0.09,0.10,0.09,0.10,0.10]","[-0.07,0.00,0.00,-0.03,0.21,-0.06,-0.02,-0.03,0.01,-0.04]",41.49,1193.29,168,424,,,,,,,0.03,0.0,-0.8,0.94,0.97,0.01,,,,
72328,30.810775756835938,-105.08573150634766,73.82,5.02,0.56,0.09,0.01,0.0,-0.0,0.03,0.0,"[78.21,72.53,78.24,65.65,74.80,68.22,83.76,66.36,67.21,83.22]","[0.09,0.12,0.13,0.10,-0.01,0.09,0.10,0.09,0.10,0.10]","[-0.07,0.00,0.00,-0.03,0.21,-0.06,-0.02,-0.03,0.01,-0.04]",41.49,1193.29,168,424,,,,,,,0.03,0.0,-0.8,0.94,0.97,0.01,,,,
72329,30.810775756835938,-105.085693359375,73.74,4.99,0.55,0.09,0.01,0.0,0.01,0.03,0.0,"[78.16,72.47,78.11,65.57,74.71,68.17,83.63,66.31,67.17,83.14]","[0.09,0.12,0.13,0.10,-0.01,0.09,0.10,0.09,0.10,0.10]","[-0.07,0.02,0.02,-0.02,0.23,-0.06,-0.01,-0.01,0.02,-0.03]",42.68,1194.48,168,425,,,,,,,0.04,0.0,-0.78,0.92,0.97,0.01,,,,
72329,30.810775756835938,-105.085693359375,73.74,4.99,0.55,0.09,0.01,0.0,0.01,0.03,0.0,"[78.16,72.47,78.11,65.57,74.71,68.17,83.63,66.31,67.17,83.14]","[0.09,0.12,0.13,0.10,-0.01,0.09,0.10,0.09,0.10,0.10]","[-0.07,0.02,0.02,-0.02,0.23,-0.06,-0.01,-0.01,0.02,-0.03]",42.68,1194.48,168,425,,,,,,,0.04,0.0,-0.78,0.92,0.97,0.01,,,,
72330,30.810775756835938,-105.08563232421875,73.74,4.99,0.55,0.09,0.01,0.0,0.01,0.03,0.0,"[78.15,72.47,78.10,65.57,74.71,68.16,83.62,66.30,67.16,83.14]","[0.09,0.12,0.13,0.10,-0.01,0.09,0.10,0.09,0.10,0.10]","[-0.06,0.02,0.02,-0.02,0.23,-0.06,-0.01,-0.01,0.02,-0.03]",43.62,1195.42,168,426,,,,,,,0.04,0.0,-0.77,0.92,0.97,0.01,,,,
72330,30.810775756835938,-105.08563232421875,73.74,4.99,0.55,0.09,0.01,0.0,0.01,0.03,0.0,"[78.15,72.47,78.10,65.57,74.71,68.16,83.62,66.30,67.16,83.14]","[0.09,0.12,0.13,0.10,-0.01,0.09,0.10,0.09,0.10,0.10]","[-0.06,0.02,0.02,-0.02,0.23,-0.06,-0.01,-0.01,0.02,-0.03]",43.62,1195.42,168,426,,,,,,,0.04,0.0,-0.77,0.92,0.97,0.01,,,,
72331,30.810775756835938,-105.0855941772461,73.74,4.99,0.55,0.09,0.01,0.0,0.01,0.03,0.0,"[78.15,72.47,78.10,65.57,74.71,68.16,83.62,66.30,67.16,83.14]","[0.09,0.12,0.13,0.10,-0.01,0.09,0.10,0.09,0.10,0.10]","[-0.06,0.02,0.02,-0.02,0.23,-0.06,-0.01,-0.01,0.02,-0.03]",44.45,1196.25,168,427,,,,,,,0.04,0.0,-0.77,0.92,0.97,0.01,,,,
72331,30.810775756835938,-105.0855941772461,73.74,4.99,0.55,0.09,0.01,0.0,0.01,0.03,0.0,"[78.15,72.47,78.10,65.57,74.71,68.16,83.62,66.30,67.16,83.14]","[0.09,0.12,0.13,0.10,-0.01,0.09,0.10,0.09,0.10,0.10]","[-0.06,0.02,0.02,-0.02,0.23,-0.06,-0.01,-0.01,0.02,-0.03]",44.45,1196.25,168,427,,,,,,,0.04,0.0,-0.77,0.92,0.97,0.01,,,,
72756,30.810731887817383,-105.08573150634766,73.71,5.03,0.56,0.09,0.01,0.0,0.01,0.04,0.0,"[78.10,72.41,77.86,65.56,74.76,68.12,83.72,66.31,67.15,83.13]","[0.09,0.12,0.13,0.10,-0.01,0.09,0.10,0.09,0.10,0.10]","[-0.04,0.02,0.02,0.00,0.15,-0.03,0.00,-0.01,0.01,0.00]",41.96,1193.76,169,424,,,,,,,0.02,0.08,-0.73,0.95,0.83,0.02,,,,
72756,30.810731887817383,-105.08573150634766,73.71,5.03,0.56,0.09,0.01,0.0,0.01,0.04,0.0,"[78.10,72.41,77.86,65.56,74.76,68.12,83.72,66.31,67.15,83.13]","[0.09,0.12,0.13,0.10,-0.01,0.09,0.10,0.09,0.10,0.10]","[-0.04,0.02,0.02,0.00,0.15,-0.03,0.00,-0.01,0.01,0.00]",41.96,1193.76,169,424,,,,,,,0.02,0.08,-0.73,0.95,0.83,0.02,,,,
72757,30.810731887817383,-105.085693359375,73.64,5.0,0.56,0.09,0.01,0.0,0.03,0.04,0.0,"[78.05,72.36,77.73,65.48,74.68,68.07,83.59,66.26,67.10,83.05]","[0.09,0.12,0.13,0.10,-0.00,0.09,0.10,0.09,0.10,0.10]","[-0.03,0.04,0.04,0.02,0.15,-0.02,0.02,0.01,0.03,0.02]",43.04,1194.84,169,425,,,,,,,0.03,0.09,-0.65,0.93,0.8,0.05,,,,
72757,30.810731887817383,-105.085693359375,73.64,5.0,0.56,0.09,0.01,0.0,0.03,0.04,0.0,"[78.05,72.36,77.73,65.48,74.68,68.07,83.59,66.26,67.10,83.05]","[0.09,0.12,0.13,0.10,-0.00,0.09,0.10,0.09,0.10,0.10]","[-0.03,0.04,0.04,0.02,0.15,-0.02,0.02,0.01,0.03,0.02]",43.04,1194.84,169,425,,,,,,,0.03,0.09,-0.65,0.93,0.8,0.05,,,,
72758,30.810731887817383,-105.08563232421875,73.63,5.0,0.56,0.09,0.01,0.0,0.03,0.04,0.0,"[78.05,72.35,77.72,65.48,74.67,68.06,83.58,66.25,67.10,83.05]","[0.09,0.12,0.13,0.10,-0.00,0.09,0.10,0.09,0.10,0.10]","[-0.03,0.04,0.05,0.02,0.15,-0.02,0.02,0.01,0.03,0.02]",43.95,1195.75,169,426,,,,,,,0.03,0.09,-0.64,0.93,0.8,0.05,,,,
72758,30.810731887817383,-105.08563232421875,73.63,5.0,0.56,0.09,0.01,0.0,0.03,0.04,0.0,"[78.05,72.35,77.72,65.48,74.67,68.06,83.58,66.25,67.10,83.05]","[0.09,0.12,0.13,0.10,-0.00,0.09,0.10,0.09,0.10,0.10]","[-0.03,0.04,0.05,0.02,0.15,-0.02,0.02,0.01,0.03,0.02]",43.95,1195.75,169,426,,,,,,,0.03,0.09,-0.64,0.93,0.8,0.05,,,,
72759,30.810731887817383,-105.0855941772461,73.63,5.0,0.56,0.09,0.01,0.0,0.03,0.04,0.0,"[78.05,72.35,77.72,65.48,74.67,68.06,83.58,66.25,67.10,83.05]","[0.09,0.12,0.13,0.10,-0.00,0.09,0.10,0.09,0.10,0.10]","[-0.03,0.04,0.05,0.02,0.15,-0.02,0.02,0.01,0.03,0.02]",44.82,1196.62,169,427,,,,,,,0.03,0.09,-0.64,0.93,0.8,0.05,,,,
72759,30.810731887817383,-105.0855941772461,73.63,5.0,0.56,0.09,0.01,0.0,0.03,0.04,0.0,"[78.05,72.35,77.72,65.48,74.67,68.06,83.58,66.25,67.10,83.05]","[0.09,0.12,0.13,0.10,-0.00,0.09,0.10,0.09,0.10,0.10]","[-0.03,0.04,0.05,0.02,0.15,-0.02,0.02,0.01,0.03,0.02]",44.82,1196.62,169,427,,,,,,,0.03,0.09,-0.64,0.93,0.8,0.05,,,,
73184,30.810686111450195,-105.08573150634766,73.6,5.05,0.56,0.09,0.01,0.0,0.03,0.05,0.01,"[78.00,72.30,77.47,65.46,74.73,68.01,83.68,66.25,67.08,83.04]","[0.08,0.12,0.12,0.10,-0.00,0.08,0.10,0.09,0.10,0.09]","[-0.01,0.04,0.04,0.03,0.08,0.00,0.03,0.00,0.02,0.04]",42.43,1194.23,170,424,,,,,,,0.02,0.28,-0.39,0.96,0.44,0.3,,,,
73184,30.810686111450195,-105.08573150634766,73.6,5.05,0.56,0.09,0.01,0.0,0.03,0.05,0.01,"[78.00,72.30,77.47,65.46,74.73,68.01,83.68,66.25,67.08,83.04]","[0.08,0.12,0.12,0.10,-0.00,0.08,0.10,0.09,0.10,0.09]","[-0.01,0.04,0.04,0.03,0.08,0.00,0.03,0.00,0.02,0.04]",42.43,1194.23,170,424,,,,,,,0.02,0.28,-0.39,0.96,0.44,0.3,,,,
73185,30.810686111450195,-105.085693359375,73.53,5.01,0.56,0.09,0.01,0.0,0.05,0.05,0.01,"[77.95,72.25,77.36,65.39,74.65,67.97,83.56,66.20,67.03,82.96]","[0.08,0.11,0.12,0.10,0.00,0.08,0.10,0.09,0.09,0.09]","[0.01,0.07,0.07,0.05,0.07,0.01,0.05,0.03,0.04,0.07]",43.42,1195.22,170,425,,,,,,,0.03,0.33,-0.03,0.94,0.36,0.43,,,,
73185,30.810686111450195,-105.085693359375,73.53,5.01,0.56,0.09,0.01,0.0,0.05,0.05,0.01,"[77.95,72.25,77.36,65.39,74.65,67.97,83.56,66.20,67.03,82.96]","[0.08,0.11,0.12,0.10,0.00,0.08,0.10,0.09,0.09,0.09]","[0.01,0.07,0.07,0.05,0.07,0.01,0.05,0.03,0.04,0.07]",43.42,1195.22,170,425,,,,,,,0.03,0.33,-0.03,0.94,0.36,0.43,,,,
73186,30.810686111450195,-105.08563232421875,73.52,5.01,0.56,0.09,0.01,0.0,0.05,0.05,0.01,"[77.94,72.24,77.35,65.39,74.64,67.96,83.54,66.20,67.03,82.96]","[0.08,0.11,0.12,0.10,0.00,0.08,0.10,0.09,0.09,0.09]","[0.01,0.07,0.07,0.05,0.07,0.02,0.05,0.03,0.04,0.07]",44.24,1196.04,170,426,,,,,,,0.03,0.34,0.01,0.94,0.36,0.43,,,,
73186,30.810686111450195,-105.08563232421875,73.52,5.01,0.56,0.09,0.01,0.0,0.05,0.05,0.01,"[77.94,72.24,77.35,65.39,74.64,67.96,83.54,66.20,67.03,82.96]","[0.08,0.11,0.12,0.10,0.00,0.08,0.10,0.09,0.09,0.09]","[0.01,0.07,0.07,0.05,0.07,0.02,0.05,0.03,0.04,0.07]",44.24,1196.04,170,426,,,,,,,0.03,0.34,0.01,0.94,0.36,0.43,,,,
73187,30.810686111450195,-105.0855941772461,73.52,5.01,0.56,0.09,0.01,0.0,0.05,0.05,0.01,"[77.94,72.24,77.35,65.39,74.64,67.96,83.54,66.20,67.03,82.96]","[0.08,0.11,0.12,0.10,0.00,0.08,0.10,0.09,0.09,0.09]","[0.01,0.07,0.07,0.05,0.07,0.02,0.05,0.03,0.04,0.07]",45.19,1196.99,170,427,,,,,,,0.03,0.34,0.01,0.94,0.36,0.43,,,,
73187,30.810686111450195,-105.0855941772461,73.52,5.01,0.56,0.09,0.01,0.0,0.05,0.05,0.01,"[77.94,72.24,77.35,65.39,74.64,67.96,83.54,66.20,67.03,82.96]","[0.08,0.11,0.12,0.10,0.00,0.08,0.10,0.09,0.09,0.09]","[0.01,0.07,0.07,0.05,0.07,0.02,0.05,0.03,0.04,0.07]",45.19,1196.99,170,427,,,,,,,0.03,0.34,0.01,0.94,0.36,0.43,,,,
73612,30.810644149780273,-105.08573150634766,73.49,5.06,0.56,0.09,0.01,0.0,0.04,0.06,0.01,"[77.89,72.18,77.09,65.37,74.69,67.91,83.64,66.20,67.01,82.95]","[0.08,0.11,0.12,0.10,0.00,0.08,0.10,0.09,0.09,0.09]","[0.02,0.06,0.07,0.06,0.02,0.03,0.05,0.02,0.03,0.08]",42.97,1194.76,171,424,,,,,,,0.02,0.44,0.52,0.97,0.21,0.21,,,,
73612,30.810644149780273,-105.08573150634766,73.49,5.06,0.56,0.09,0.01,0.0,0.04,0.06,0.01,"[77.89,72.18,77.09,65.37,74.69,67.91,83.64,66.20,67.01,82.95]","[0.08,0.11,0.12,0.10,0.00,0.08,0.10,0.09,0.09,0.09]","[0.02,0.06,0.07,0.06,0.02,0.03,0.05,0.02,0.03,0.08]",42.97,1194.76,171,424,,,,,,,0.02,0.44,0.52,0.97,0.21,0.21,,,,
73613,30.810644149780273,-105.085693359375,73.43,5.03,0.56,0.08,0.01,0.0,0.07,0.06,0.01,"[77.85,72.13,76.98,65.30,74.61,67.87,83.52,66.15,66.97,82.87]","[0.08,0.11,0.12,0.09,0.01,0.08,0.09,0.08,0.09,0.09]","[0.05,0.09,0.10,0.08,-0.00,0.05,0.08,0.05,0.05,0.12]",43.77,1195.57,171,425,,,,,,,0.02,0.34,0.81,0.96,0.34,0.01,,,,
73613,30.810644149780273,-105.085693359375,73.43,5.03,0.56,0.08,0.01,0.0,0.07,0.06,0.01,"[77.85,72.13,76.98,65.30,74.61,67.87,83.52,66.15,66.97,82.87]","[0.08,0.11,0.12,0.09,0.01,0.08,0.09,0.08,0.09,0.09]","[0.05,0.09,0.10,0.08,-0.00,0.05,0.08,0.05,0.05,0.12]",43.77,1195.57,171,425,,,,,,,0.02,0.34,0.81,0.96,0.34,0.01,,,,
73614,30.810644149780273,-105.08563232421875,73.42,5.02,0.56,0.08,0.01,0.0,0.07,0.06,0.01,"[77.84,72.13,76.97,65.30,74.60,67.86,83.51,66.15,66.96,82.87]","[0.08,0.11,0.12,0.09,0.01,0.08,0.09,0.08,0.09,0.09]","[0.05,0.09,0.10,0.09,-0.01,0.05,0.09,0.05,0.05,0.12]",44.68,1196.48,171,426,,,,,,,0.02,0.33,0.83,0.96,0.35,0.01,,,,
73614,30.810644149780273,-105.08563232421875,73.42,5.02,0.56,0.08,0.01,0.0,0.07,0.06,0.01,"[77.84,72.13,76.97,65.30,74.60,67.86,83.51,66.15,66.96,82.87]","[0.08,0.11,0.12,0.09,0.01,0.08,0.09,0.08,0.09,0.09]","[0.05,0.09,0.10,0.09,-0.01,0.05,0.09,0.05,0.05,0.12]",44.68,1196.48,171,426,,,,,,,0.02,0.33,0.83,0.96,0.35,0.01,,,,
73615,30.810644149780273,-105.0855941772461,73.42,5.02,0.56,0.08,0.01,0.0,0.07,0.06,0.01,"[77.84,72.13,76.97,65.30,74.60,67.86,83.51,66.15,66.96,82.87]","[0.08,0.11,0.12,0.09,0.01,0.08,0.09,0.08,0.09,0.09]","[0.05,0.09,0.10,0.09,-0.01,0.05,0.09,0.05,0.05,0.12]",45.64,1197.44,171,427,,,,,,,0.02,0.33,0.83,0.96,0.35,0.01,,,,
73615,30.810644149780273,-105.0855941772461,73.42,5.02,0.56,0.08,0.01,0.0,0.07,0.06,0.01,"[77.84,72.13,76.97,65.30,74.60,67.86,83.51,66.15,66.96,82.87]","[0.08,0.11,0.12,0.09,0.01,0.08,0.09,0.08,0.09,0.09]","[0.05,0.09,0.10,0.09,-0.01,0.05,0.09,0.05,0.05,0.12]",45.64,1197.44,171,427,,,,,,,0.02,0.33,0.83,0.96,0.35,0.01,,,,
74040,30.810598373413086,-105.08573150634766,73.38,5.07,0.56,0.08,0.01,0.0,0.06,0.07,0.01,"[77.79,72.07,76.71,65.28,74.65,67.81,83.60,66.14,66.94,82.86]","[0.08,0.11,0.12,0.09,0.01,0.08,0.09,0.08,0.09,0.09]","[0.06,0.08,0.09,0.09,-0.05,0.06,0.08,0.04,0.03,0.12]",43.58,1195.38,172,424,,,,,,,0.01,0.3,0.82,0.97,0.4,0.0,,,,
74040,30.810598373413086,-105.08573150634766,73.38,5.07,0.56,0.08,0.01,0.0,0.06,0.07,0.01,"[77.79,72.07,76.71,65.28,74.65,67.81,83.60,66.14,66.94,82.86]","[0.08,0.11,0.12,0.09,0.01,0.08,0.09,0.08,0.09,0.09]","[0.06,0.08,0.09,0.09,-0.05,0.06,0.08,0.04,0.03,0.12]",43.58,1195.38,172,424,,,,,,,0.01,0.3,0.82,0.97,0.4,0.0,,,,
74041,30.810598373413086,-105.085693359375,73.32,5.04,0.56,0.08,0.01,0.0,0.09,0.07,0.01,"[77.74,72.02,76.61,65.21,74.58,67.77,83.48,66.10,66.90,82.78]","[0.08,0.11,0.12,0.09,0.01,0.08,0.09,0.08,0.09,0.09]","[0.09,0.11,0.12,0.12,-0.08,0.08,0.11,0.07,0.06,0.16]",44.42,1196.22,172,425,,,,,,,0.01,0.23,0.88,0.97,0.53,0.0,,,,
74041,30.810598373413086,-105.085693359375,73.32,5.04,0.56,0.08,0.01,0.0,0.09,0.07,0.01,"[77.74,72.02,76.61,65.21,74.58,67.77,83.48,66.10,66.90,82.78]","[0.08,0.11,0.12,0.09,0.01,0.08,0.09,0.08,0.09,0.09]","[0.09,0.11,0.12,0.12,-0.08,0.08,0.11,0.07,0.06,0.16]",44.42,1196.22,172,425,,,,,,,0.01,0.23,0.88,0.97,0.53,0.0,,,,
74042,30.810598373413086,-105.08563232421875,73.31,5.04,0.56,0.08,0.01,0.0,0.09,0.07,0.01,"[77.74,72.02,76.60,65.21,74.57,67.76,83.47,66.10,66.90,82.78]","[0.08,0.11,0.12,0.09,0.01,0.08,0.09,0.08,0.09,0.09]","[0.09,0.12,0.12,0.12,-0.08,0.09,0.12,0.07,0.06,0.17]",45.3,1197.1,172,426,,,,,,,0.02,0.22,0.88,0.97,0.54,0.0,,,,
74042,30.810598373413086,-105.08563232421875,73.31,5.04,0.56,0.08,0.01,0.0,0.09,0.07,0.01,"[77.74,72.02,76.60,65.21,74.57,67.76,83.47,66.10,66.90,82.78]","[0.08,0.11,0.12,0.09,0.01,0.08,0.09,0.08,0.09,0.09]","[0.09,0.12,0.12,0.12,-0.08,0.09,0.12,0.07,0.06,0.17]",45.3,1197.1,172,426,,,,,,,0.02,0.22,0.88,0.97,0.54,0.0,,,,
74043,30.810598373413086,-105.0855941772461,73.31,5.04,0.56,0.08,0.01,0.0,0.09,0.07,0.01,"[77.74,72.02,76.60,65.21,74.57,67.76,83.47,66.10,66.90,82.78]","[0.08,0.11,0.12,0.09,0.01,0.08,0.09,0.08,0.09,0.09]","[0.09,0.12,0.12,0.12,-0.08,0.09,0.12,0.07,0.06,0.17]",46.13,1197.93,172,427,,,,,,,0.02,0.22,0.88,0.97,0.54,0.0,,,,
74043,30.810598373413086,-105.0855941772461,73.31,5.04,0.56,0.08,0.01,0.0,0.09,0.07,0.01,"[77.74,72.02,76.60,65.21,74.57,67.76,83.47,66.10,66.90,82.78]","[0.08,0.11,0.12,0.09,0.01,0.08,0.09,0.08,0.09,0.09]","[0.09,0.12,0.12,0.12,-0.08,0.09,0.12,0.07,0.06,0.17]",46.13,1197.93,172,427,,,,,,,0.02,0.22,0.88,0.97,0.54,0.0,,,,
74468,30.8105525970459,-105.08573150634766,73.28,5.09,0.57,0.08,0.01,0.0,0.08,0.07,0.01,"[77.69,71.95,76.32,65.18,74.62,67.70,83.56,66.09,66.87,82.77]","[0.07,0.11,0.11,0.09,0.01,0.07,0.09,0.08,0.09,0.09]","[0.09,0.10,0.11,0.11,-0.11,0.09,0.11,0.05,0.04,0.16]",44.0,1195.8,173,424,,,,,,,0.01,0.22,0.83,0.98,0.54,0.0,,,,
74468,30.8105525970459,-105.08573150634766,73.28,5.09,0.57,0.08,0.01,0.0,0.08,0.07,0.01,"[77.69,71.95,76.32,65.18,74.62,67.70,83.56,66.09,66.87,82.77]","[0.07,0.11,0.11,0.09,0.01,0.07,0.09,0.08,0.09,0.09]","[0.09,0.10,0.11,0.11,-0.11,0.09,0.11,0.05,0.04,0.16]",44.0,1195.8,173,424,,,,,,,0.01,0.22,0.83,0.98,0.54,0.0,,,,
74469,30.8105525970459,-105.085693359375,73.21,5.05,0.56,0.08,0.01,0.0,0.11,0.08,0.01,"[77.64,71.91,76.23,65.12,74.54,67.67,83.45,66.05,66.83,82.69]","[0.07,0.10,0.11,0.09,0.02,0.07,0.09,0.08,0.08,0.08]","[0.13,0.14,0.15,0.15,-0.16,0.12,0.14,0.09,0.07,0.21]",44.92,1196.72,173,425,,,,,,,0.01,0.18,0.85,0.98,0.62,0.0,,,,
74469,30.8105525970459,-105.085693359375,73.21,5.05,0.56,0.08,0.01,0.0,0.11,0.08,0.01,"[77.64,71.91,76.23,65.12,74.54,67.67,83.45,66.05,66.83,82.69]","[0.07,0.10,0.11,0.09,0.02,0.07,0.09,0.08,0.08,0.08]","[0.13,0.14,0.15,0.15,-0.16,0.12,0.14,0.09,0.07,0.21]",44.92,1196.72,173,425,,,,,,,0.01,0.18,0.85,0.98,0.62,0.0,,,,
74470,30.8105525970459,-105.08563232421875,73.21,5.05,0.56,0.08,0.01,0.0,0.11,0.08,0.01,"[77.64,71.90,76.22,65.12,74.54,67.66,83.44,66.05,66.83,82.69]","[0.07,0.10,0.11,0.09,0.02,0.07,0.09,0.08,0.08,0.08]","[0.13,0.14,0.15,0.15,-0.16,0.12,0.15,0.09,0.07,0.21]",45.71,1197.51,173,426,,,,,,,0.01,0.18,0.85,0.98,0.63,0.0,,,,
74470,30.8105525970459,-105.08563232421875,73.21,5.05,0.56,0.08,0.01,0.0,0.11,0.08,0.01,"[77.64,71.90,76.22,65.12,74.54,67.66,83.44,66.05,66.83,82.69]","[0.07,0.10,0.11,0.09,0.02,0.07,0.09,0.08,0.08,0.08]","[0.13,0.14,0.15,0.15,-0.16,0.12,0.15,0.09,0.07,0.21]",45.71,1197.51,173,426,,,,,,,0.01,0.18,0.85,0.98,0.63,0.0,,,,
74471,30.8105525970459,-105.0855941772461,73.21,5.05,0.56,0.08,0.01,0.0,0.11,0.08,0.01,"[77.64,71.90,76.22,65.12,74.54,67.66,83.44,66.05,66.83,82.69]","[0.07,0.10,0.11,0.09,0.02,0.07,0.09,0.08,0.08,0.08]","[0.13,0.14,0.15,0.15,-0.16,0.12,0.15,0.09,0.07,0.21]",46.37,1198.17,173,427,,,,,,,0.01,0.18,0.85,0.98,0.63,0.0,,,,
74471,30.8105525970459,-105.0855941772461,73.21,5.05,0.56,0.08,0.01,0.0,0.11,0.08,0.01,"[77.64,71.90,76.22,65.12,74.54,67.66,83.44,66.05,66.83,82.69]","[0.07,0.10,0.11,0.09,0.02,0.07,0.09,0.08,0.08,0.08]","[0.13,0.14,0.15,0.15,-0.16,0.12,0.15,0.09,0.07,0.21]",46.37,1198.17,173,427,,,,,,,0.01,0.18,0.85,0.98,0.63,0.0,,,,
74896,30.810508728027344,-105.08573150634766,73.18,5.1,0.57,0.08,0.01,0.0,0.09,0.08,0.01,"[77.59,71.85,75.99,65.11,74.59,67.61,83.52,66.04,66.81,82.69]","[0.07,0.10,0.11,0.09,0.01,0.07,0.09,0.08,0.08,0.08]","[0.11,0.12,0.12,0.13,-0.15,0.11,0.12,0.06,0.05,0.19]",44.5,1196.3,174,424,,,,,,,0.01,0.18,0.83,0.98,0.61,0.0,,,,
74896,30.810508728027344,-105.08573150634766,73.18,5.1,0.57,0.08,0.01,0.0,0.09,0.08,0.01,"[77.59,71.85,75.99,65.11,74.59,67.61,83.52,66.04,66.81,82.69]","[0.07,0.10,0.11,0.09,0.01,0.07,0.09,0.08,0.08,0.08]","[0.11,0.12,0.12,0.13,-0.15,0.11,0.12,0.06,0.05,0.19]",44.5,1196.3,174,424,,,,,,,0.01,0.18,0.83,0.98,0.61,0.0,,,,
74897,30.810508728027344,-105.085693359375,73.12,5.07,0.56,0.08,0.01,0.0,0.12,0.09,0.01,"[77.54,71.80,75.90,65.05,74.51,67.58,83.41,66.01,66.77,82.61]","[0.07,0.10,0.11,0.09,0.02,0.07,0.09,0.08,0.08,0.08]","[0.15,0.15,0.16,0.17,-0.21,0.14,0.16,0.10,0.08,0.23]",45.3,1197.09,174,425,,,,,,,0.01,0.15,0.83,0.98,0.68,0.0,,,,
74897,30.810508728027344,-105.085693359375,73.12,5.07,0.56,0.08,0.01,0.0,0.12,0.09,0.01,"[77.54,71.80,75.90,65.05,74.51,67.58,83.41,66.01,66.77,82.61]","[0.07,0.10,0.11,0.09,0.02,0.07,0.09,0.08,0.08,0.08]","[0.15,0.15,0.16,0.17,-0.21,0.14,0.16,0.10,0.08,0.23]",45.3,1197.09,174,425,,,,,,,0.01,0.15,0.83,0.98,0.68,0.0,,,,
74898,30.810508728027344,-105.08563232421875,73.11,5.06,0.56,0.08,0.01,0.0,0.12,0.09,0.01,"[77.54,71.80,75.90,65.04,74.50,67.57,83.40,66.01,66.77,82.60]","[0.07,0.10,0.11,0.09,0.02,0.07,0.09,0.08,0.08,0.08]","[0.15,0.16,0.17,0.18,-0.21,0.15,0.17,0.11,0.08,0.24]",45.91,1197.71,174,426,,,,,,,0.01,0.15,0.83,0.98,0.68,0.0,,,,
74898,30.810508728027344,-105.08563232421875,73.11,5.06,0.56,0.08,0.01,0.0,0.12,0.09,0.01,"[77.54,71.80,75.90,65.04,74.50,67.57,83.40,66.01,66.77,82.60]","[0.07,0.10,0.11,0.09,0.02,0.07,0.09,0.08,0.08,0.08]","[0.15,0.16,0.17,0.18,-0.21,0.15,0.17,0.11,0.08,0.24]",45.91,1197.71,174,426,,,,,,,0.01,0.15,0.83,0.98,0.68,0.0,,,,
74899,30.810508728027344,-105.0855941772461,73.11,5.06,0.56,0.08,0.01,0.0,0.12,0.09,0.01,"[77.54,71.80,75.90,65.04,74.50,67.57,83.40,66.01,66.77,82.60]","[0.07,0.10,0.11,0.09,0.02,0.07,0.09,0.08,0.08,0.08]","[0.15,0.16,0.17,0.18,-0.21,0.15,0.17,0.11,0.08,0.24]",46.34,1198.14,174,427,,,,,,,0.01,0.15,0.83,0.98,0.68,0.0,,,,
74899,30.810508728027344,-105.0855941772461,73.11,5.06,0.56,0.08,0.01,0.0,0.12,0.09,0.01,"[77.54,71.80,75.90,65.04,74.50,67.57,83.40,66.01,66.77,82.60]","[0.07,0.10,0.11,0.09,0.02,0.07,0.09,0.08,0.08,0.08]","[0.15,0.16,0.17,0.18,-0.21,0.15,0.17,0.11,0.08,0.24]",46.34,1198.14,174,427,,,,,,,0.01,0.15,0.83,0.98,0.68,0.0,,,,
75324,30.81045913696289,-105.08573150634766,73.11,5.11,0.57,0.08,0.02,0.0,0.08,0.07,0.01,"[77.51,71.77,75.76,65.07,74.56,67.54,83.49,66.03,66.77,82.62]","[0.06,0.10,0.11,0.09,0.02,0.07,0.09,0.08,0.08,0.08]","[0.09,0.11,0.11,0.12,-0.14,0.10,0.12,0.06,0.05,0.16]",44.84,1196.63,175,424,,,,,,,0.02,0.15,0.84,0.96,0.68,0.0,,,,
75324,30.81045913696289,-105.08573150634766,73.11,5.11,0.57,0.08,0.02,0.0,0.08,0.07,0.01,"[77.51,71.77,75.76,65.07,74.56,67.54,83.49,66.03,66.77,82.62]","[0.06,0.10,0.11,0.09,0.02,0.07,0.09,0.08,0.08,0.08]","[0.09,0.11,0.11,0.12,-0.14,0.10,0.12,0.06,0.05,0.16]",44.84,1196.63,175,424,,,,,,,0.02,0.15,0.84,0.96,0.68,0.0,,,,
75325,30.81045913696289,-105.085693359375,73.06,5.08,0.56,0.08,0.02,0.0,0.11,0.08,0.01,"[77.47,71.73,75.68,65.02,74.49,67.51,83.39,66.00,66.74,82.54]","[0.06,0.10,0.10,0.09,0.02,0.07,0.09,0.08,0.08,0.08]","[0.13,0.14,0.15,0.16,-0.20,0.13,0.16,0.10,0.08,0.20]",45.49,1197.29,175,425,,,,,,,0.02,0.12,0.84,0.96,0.73,0.0,,,,
75325,30.81045913696289,-105.085693359375,73.06,5.08,0.56,0.08,0.02,0.0,0.11,0.08,0.01,"[77.47,71.73,75.68,65.02,74.49,67.51,83.39,66.00,66.74,82.54]","[0.06,0.10,0.10,0.09,0.02,0.07,0.09,0.08,0.08,0.08]","[0.13,0.14,0.15,0.16,-0.20,0.13,0.16,0.10,0.08,0.20]",45.49,1197.29,175,425,,,,,,,0.02,0.12,0.84,0.96,0.73,0.0,,,,
75326,30.81045913696289,-105.08563232421875,73.05,5.07,0.56,0.08,0.02,0.0,0.11,0.08,0.01,"[77.46,71.73,75.68,65.01,74.48,67.51,83.38,65.99,66.73,82.54]","[0.06,0.10,0.10,0.09,0.02,0.07,0.09,0.08,0.08,0.08]","[0.13,0.14,0.16,0.16,-0.20,0.13,0.16,0.10,0.09,0.21]",45.87,1197.67,175,426,,,,,,,0.02,0.12,0.83,0.96,0.74,0.0,,,,
75326,30.81045913696289,-105.08563232421875,73.05,5.07,0.56,0.08,0.02,0.0,0.11,0.08,0.01,"[77.46,71.73,75.68,65.01,74.48,67.51,83.38,65.99,66.73,82.54]","[0.06,0.10,0.10,0.09,0.02,0.07,0.09,0.08,0.08,0.08]","[0.13,0.14,0.16,0.16,-0.20,0.13,0.16,0.10,0.09,0.21]",45.87,1197.67,175,426,,,,,,,0.02,0.12,0.83,0.96,0.74,0.0,,,,
75327,30.81045913696289,-105.0855941772461,73.05,5.07,0.56,0.08,0.02,0.0,0.11,0.08,0.01,"[77.46,71.73,75.68,65.01,74.48,67.51,83.38,65.99,66.73,82.54]","[0.06,0.10,0.10,0.09,0.02,0.07,0.09,0.08,0.08,0.08]","[0.13,0.14,0.16,0.16,-0.20,0.13,0.16,0.10,0.09,0.21]",46.03,1197.83,175,427,,,,,,,0.02,0.12,0.83,0.96,0.74,0.0,,,,
75327,30.81045913696289,-105.0855941772461,73.05,5.07,0.56,0.08,0.02,0.0,0.11,0.08,0.01,"[77.46,71.73,75.68,65.01,74.48,67.51,83.38,65.99,66.73,82.54]","[0.06,0.10,0.10,0.09,0.02,0.07,0.09,0.08,0.08,0.08]","[0.13,0.14,0.16,0.16,-0.20,0.13,0.16,0.10,0.09,0.21]",46.03,1197.83,175,427,,,,,,,0.02,0.12,0.83,0.96,0.74,0.0,,,,
75752,30.81041717529297,-105.08573150634766,73.05,5.12,0.57,0.08,0.02,0.0,0.07,0.06,0.01,"[77.43,71.69,75.54,65.03,74.54,67.47,83.46,66.02,66.73,82.56]","[0.06,0.10,0.10,0.08,0.02,0.07,0.09,0.08,0.08,0.08]","[0.07,0.09,0.11,0.12,-0.13,0.10,0.11,0.05,0.06,0.14]",44.95,1196.74,176,424,,,,,,,0.03,0.11,0.84,0.93,0.76,0.0,,,,
75752,30.81041717529297,-105.08573150634766,73.05,5.12,0.57,0.08,0.02,0.0,0.07,0.06,0.01,"[77.43,71.69,75.54,65.03,74.54,67.47,83.46,66.02,66.73,82.56]","[0.06,0.10,0.10,0.08,0.02,0.07,0.09,0.08,0.08,0.08]","[0.07,0.09,0.11,0.12,-0.13,0.10,0.11,0.05,0.06,0.14]",44.95,1196.74,176,424,,,,,,,0.03,0.11,0.84,0.93,0.76,0.0,,,,
75753,30.81041717529297,-105.085693359375,72.99,5.09,0.56,0.08,0.02,0.0,0.09,0.06,0.01,"[77.39,71.66,75.47,64.98,74.47,67.44,83.36,65.98,66.70,82.48]","[0.06,0.10,0.10,0.08,0.03,0.07,0.09,0.08,0.07,0.08]","[0.11,0.12,0.14,0.15,-0.19,0.11,0.15,0.09,0.09,0.17]",45.39,1197.19,176,425,,,,,,,0.03,0.09,0.83,0.93,0.8,0.0,,,,
75753,30.81041717529297,-105.085693359375,72.99,5.09,0.56,0.08,0.02,0.0,0.09,0.06,0.01,"[77.39,71.66,75.47,64.98,74.47,67.44,83.36,65.98,66.70,82.48]","[0.06,0.10,0.10,0.08,0.03,0.07,0.09,0.08,0.07,0.08]","[0.11,0.12,0.14,0.15,-0.19,0.11,0.15,0.09,0.09,0.17]",45.39,1197.19,176,425,,,,,,,0.03,0.09,0.83,0.93,0.8,0.0,,,,
75754,30.81041717529297,-105.08563232421875,72.99,5.08,0.56,0.08,0.02,0.0,0.1,0.06,0.01,"[77.39,71.65,75.46,64.98,74.46,67.44,83.35,65.98,66.69,82.47]","[0.06,0.10,0.10,0.08,0.03,0.07,0.09,0.08,0.07,0.08]","[0.11,0.13,0.14,0.15,-0.19,0.12,0.15,0.09,0.09,0.18]",45.55,1197.35,176,426,,,,,,,0.03,0.09,0.82,0.93,0.81,0.0,,,,
75754,30.81041717529297,-105.08563232421875,72.99,5.08,0.56,0.08,0.02,0.0,0.1,0.06,0.01,"[77.39,71.65,75.46,64.98,74.46,67.44,83.35,65.98,66.69,82.47]","[0.06,0.10,0.10,0.08,0.03,0.07,0.09,0.08,0.07,0.08]","[0.11,0.13,0.14,0.15,-0.19,0.12,0.15,0.09,0.09,0.18]",45.55,1197.35,176,426,,,,,,,0.03,0.09,0.82,0.93,0.81,0.0,,,,
75755,30.81041717529297,-105.0855941772461,72.99,5.08,0.56,0.08,0.02,0.0,0.1,0.06,0.01,"[77.39,71.65,75.46,64.98,74.46,67.44,83.35,65.98,66.69,82.47]","[0.06,0.10,0.10,0.08,0.03,0.07,0.09,0.08,0.07,0.08]","[0.11,0.13,0.14,0.15,-0.19,0.12,0.15,0.09,0.09,0.18]",45.51,1197.31,176,427,,,,,,,0.03,0.09,0.82,0.93,0.81,0.0,,,,
75755,30.81041717529297,-105.0855941772461,72.99,5.08,0.56,0.08,0.02,0.0,0.1,0.06,0.01,"[77.39,71.65,75.46,64.98,74.46,67.44,83.35,65.98,66.69,82.47]","[0.06,0.10,0.10,0.08,0.03,0.07,0.09,0.08,0.07,0.08]","[0.11,0.13,0.14,0.15,-0.19,0.12,0.15,0.09,0.09,0.18]",45.51,1197.31,176,427,,,,,,,0.03,0.09,0.82,0.93,0.81,0.0,,,,
76180,30.810373306274414,-105.08573150634766,72.98,5.13,0.57,0.07,0.03,0.0,0.06,0.05,0.01,"[77.36,71.62,75.32,65.00,74.52,67.41,83.43,66.00,66.69,82.49]","[0.05,0.10,0.10,0.08,0.02,0.06,0.09,0.08,0.07,0.08]","[0.06,0.08,0.10,0.11,-0.11,0.09,0.11,0.05,0.07,0.11]",44.86,1196.66,177,424,,,,,,,0.04,0.06,0.83,0.9,0.87,0.0,,,,
76180,30.810373306274414,-105.08573150634766,72.98,5.13,0.57,0.07,0.03,0.0,0.06,0.05,0.01,"[77.36,71.62,75.32,65.00,74.52,67.41,83.43,66.00,66.69,82.49]","[0.05,0.10,0.10,0.08,0.02,0.06,0.09,0.08,0.07,0.08]","[0.06,0.08,0.10,0.11,-0.11,0.09,0.11,0.05,0.07,0.11]",44.86,1196.66,177,424,,,,,,,0.04,0.06,0.83,0.9,0.87,0.0,,,,
76181,30.810373306274414,-105.085693359375,72.93,5.1,0.57,0.07,0.03,0.0,0.08,0.05,0.01,"[77.32,71.58,75.25,64.95,74.45,67.38,83.33,65.97,66.66,82.41]","[0.05,0.09,0.09,0.08,0.03,0.06,0.09,0.08,0.07,0.08]","[0.09,0.11,0.13,0.13,-0.17,0.10,0.14,0.08,0.09,0.14]",45.02,1196.82,177,425,,,,,,,0.05,0.05,0.8,0.89,0.89,0.01,,,,
76181,30.810373306274414,-105.085693359375,72.93,5.1,0.57,0.07,0.03,0.0,0.08,0.05,0.01,"[77.32,71.58,75.25,64.95,74.45,67.38,83.33,65.97,66.66,82.41]","[0.05,0.09,0.09,0.08,0.03,0.06,0.09,0.08,0.07,0.08]","[0.09,0.11,0.13,0.13,-0.17,0.10,0.14,0.08,0.09,0.14]",45.02,1196.82,177,425,,,,,,,0.05,0.05,0.8,0.89,0.89,0.01,,,,
76182,30.810373306274414,-105.08563232421875,72.93,5.09,0.57,0.07,0.03,0.0,0.08,0.05,0.0,"[77.31,71.58,75.25,64.95,74.44,67.38,83.32,65.97,66.66,82.41]","[0.05,0.09,0.09,0.08,0.03,0.06,0.09,0.08,0.07,0.08]","[0.09,0.11,0.13,0.14,-0.18,0.10,0.14,0.08,0.10,0.14]",44.9,1196.7,177,426,,,,,,,0.05,0.05,0.8,0.89,0.89,0.01,,,,
76182,30.810373306274414,-105.08563232421875,72.93,5.09,0.57,0.07,0.03,0.0,0.08,0.05,0.0,"[77.31,71.58,75.25,64.95,74.44,67.38,83.32,65.97,66.66,82.41]","[0.05,0.09,0.09,0.08,0.03,0.06,0.09,0.08,0.07,0.08]","[0.09,0.11,0.13,0.14,-0.18,0.10,0.14,0.08,0.10,0.14]",44.9,1196.7,177,426,,,,,,,0.05,0.05,0.8,0.89,0.89,0.01,,,,
76183,30.810373306274414,-105.0855941772461,72.93,5.09,0.57,0.07,0.03,0.0,0.08,0.05,0.0,"[77.31,71.58,75.25,64.95,74.44,67.38,83.32,65.97,66.66,82.41]","[0.05,0.09,0.09,0.08,0.03,0.06,0.09,0.08,0.07,0.08]","[0.09,0.11,0.13,0.14,-0.18,0.10,0.14,0.08,0.10,0.14]",44.67,1196.47,177,427,,,,,,,0.05,0.05,0.8,0.89,0.89,0.01,,,,
76183,30.810373306274414,-105.0855941772461,72.93,5.09,0.57,0.07,0.03,0.0,0.08,0.05,0.0,"[77.31,71.58,75.25,64.95,74.44,67.38,83.32,65.97,66.66,82.41]","[0.05,0.09,0.09,0.08,0.03,0.06,0.09,0.08,0.07,0.08]","[0.09,0.11,0.13,0.14,-0.18,0.10,0.14,0.08,0.10,0.14]",44.67,1196.47,177,427,,,,,,,0.05,0.05,0.8,0.89,0.89,0.01,,,,
76608,30.810327529907227,-105.08573150634766,72.92,5.14,0.57,0.07,0.04,0.0,0.06,0.05,0.01,"[77.28,71.54,75.09,64.96,74.49,67.34,83.40,65.99,66.65,82.42]","[0.05,0.10,0.09,0.08,0.03,0.06,0.09,0.08,0.07,0.08]","[0.04,0.07,0.09,0.10,-0.10,0.08,0.10,0.04,0.07,0.08]",44.38,1196.18,178,424,,,,,,,0.06,-0.01,0.81,0.87,0.96,0.0,,,,
76608,30.810327529907227,-105.08573150634766,72.92,5.14,0.57,0.07,0.04,0.0,0.06,0.05,0.01,"[77.28,71.54,75.09,64.96,74.49,67.34,83.40,65.99,66.65,82.42]","[0.05,0.10,0.09,0.08,0.03,0.06,0.09,0.08,0.07,0.08]","[0.04,0.07,0.09,0.10,-0.10,0.08,0.10,0.04,0.07,0.08]",44.38,1196.18,178,424,,,,,,,0.06,-0.01,0.81,0.87,0.96,0.0,,,,
76609,30.810327529907227,-105.085693359375,72.87,5.11,0.57,0.07,0.04,0.01,0.07,0.04,0.0,"[77.24,71.51,75.04,64.92,74.42,67.31,83.31,65.96,66.62,82.35]","[0.04,0.09,0.09,0.08,0.03,0.06,0.09,0.08,0.07,0.08]","[0.07,0.09,0.12,0.12,-0.16,0.09,0.13,0.07,0.10,0.11]",44.28,1196.08,178,425,,,,,,,0.07,0.0,0.76,0.86,0.97,0.01,,,,
76609,30.810327529907227,-105.085693359375,72.87,5.11,0.57,0.07,0.04,0.01,0.07,0.04,0.0,"[77.24,71.51,75.04,64.92,74.42,67.31,83.31,65.96,66.62,82.35]","[0.04,0.09,0.09,0.08,0.03,0.06,0.09,0.08,0.07,0.08]","[0.07,0.09,0.12,0.12,-0.16,0.09,0.13,0.07,0.10,0.11]",44.28,1196.08,178,425,,,,,,,0.07,0.0,0.76,0.86,0.97,0.01,,,,
76610,30.810327529907227,-105.08563232421875,72.86,5.1,0.57,0.07,0.04,0.01,0.08,0.04,0.0,"[77.24,71.51,75.03,64.92,74.42,67.31,83.30,65.95,66.62,82.34]","[0.04,0.09,0.09,0.08,0.03,0.06,0.09,0.08,0.07,0.08]","[0.07,0.10,0.12,0.12,-0.16,0.09,0.14,0.08,0.10,0.11]",44.04,1195.83,178,426,,,,,,,0.07,0.0,0.75,0.85,0.97,0.01,,,,
76610,30.810327529907227,-105.08563232421875,72.86,5.1,0.57,0.07,0.04,0.01,0.08,0.04,0.0,"[77.24,71.51,75.03,64.92,74.42,67.31,83.30,65.95,66.62,82.34]","[0.04,0.09,0.09,0.08,0.03,0.06,0.09,0.08,0.07,0.08]","[0.07,0.10,0.12,0.12,-0.16,0.09,0.14,0.08,0.10,0.11]",44.04,1195.83,178,426,,,,,,,0.07,0.0,0.75,0.85,0.97,0.01,,,,
76611,30.810327529907227,-105.0855941772461,72.86,5.1,0.57,0.07,0.04,0.01,0.08,0.04,0.0,"[77.24,71.51,75.03,64.92,74.42,67.31,83.30,65.95,66.62,82.34]","[0.04,0.09,0.09,0.08,0.03,0.06,0.09,0.08,0.07,0.08]","[0.07,0.10,0.12,0.12,-0.16,0.09,0.14,0.08,0.10,0.11]",43.77,1195.56,178,427,,,,,,,0.07,0.0,0.75,0.85,0.97,0.01,,,,
76611,30.810327529907227,-105.0855941772461,72.86,5.1,0.57,0.07,0.04,0.01,0.08,0.04,0.0,"[77.24,71.51,75.03,64.92,74.42,67.31,83.30,65.95,66.62,82.34]","[0.04,0.09,0.09,0.08,0.03,0.06,0.09,0.08,0.07,0.08]","[0.07,0.10,0.12,0.12,-0.16,0.09,0.14,0.08,0.10,0.11]",43.77,1195.56,178,427,,,,,,,0.07,0.0,0.75,0.85,0.97,0.01,,,,
77036,30.810283660888672,-105.08573150634766,72.85,5.15,0.57,0.07,0.04,0.0,0.05,0.04,0.0,"[77.20,71.47,74.87,64.93,74.47,67.27,83.37,65.97,66.61,82.36]","[0.04,0.10,0.09,0.07,0.03,0.06,0.09,0.08,0.07,0.08]","[0.02,0.06,0.08,0.09,-0.08,0.07,0.09,0.04,0.08,0.06]",43.48,1195.28,179,424,,,,,,,0.08,-0.09,0.75,0.83,0.8,0.01,,,,
77036,30.810283660888672,-105.08573150634766,72.85,5.15,0.57,0.07,0.04,0.0,0.05,0.04,0.0,"[77.20,71.47,74.87,64.93,74.47,67.27,83.37,65.97,66.61,82.36]","[0.04,0.10,0.09,0.07,0.03,0.06,0.09,0.08,0.07,0.08]","[0.02,0.06,0.08,0.09,-0.08,0.07,0.09,0.04,0.08,0.06]",43.48,1195.28,179,424,,,,,,,0.08,-0.09,0.75,0.83,0.8,0.01,,,,
77037,30.810283660888672,-105.085693359375,72.81,5.12,0.57,0.07,0.04,0.0,0.06,0.03,0.0,"[77.17,71.43,74.83,64.89,74.40,67.25,83.28,65.94,66.58,82.28]","[0.04,0.09,0.08,0.07,0.04,0.06,0.09,0.08,0.06,0.08]","[0.05,0.08,0.11,0.11,-0.15,0.07,0.12,0.07,0.10,0.07]",43.31,1195.11,179,425,,,,,,,0.08,-0.06,0.69,0.82,0.88,0.03,,,,
77037,30.810283660888672,-105.085693359375,72.81,5.12,0.57,0.07,0.04,0.0,0.06,0.03,0.0,"[77.17,71.43,74.83,64.89,74.40,67.25,83.28,65.94,66.58,82.28]","[0.04,0.09,0.08,0.07,0.04,0.06,0.09,0.08,0.06,0.08]","[0.05,0.08,0.11,0.11,-0.15,0.07,0.12,0.07,0.10,0.07]",43.31,1195.11,179,425,,,,,,,0.08,-0.06,0.69,0.82,0.88,0.03,,,,
77038,30.810283660888672,-105.08563232421875,72.8,5.11,0.57,0.07,0.04,0.0,0.07,0.03,0.0,"[77.16,71.43,74.82,64.89,74.40,67.25,83.27,65.94,66.58,82.28]","[0.04,0.09,0.08,0.07,0.04,0.06,0.09,0.08,0.06,0.08]","[0.05,0.08,0.11,0.11,-0.15,0.07,0.13,0.07,0.11,0.08]",43.09,1194.89,179,426,,,,,,,0.08,-0.05,0.68,0.82,0.88,0.03,,,,
77038,30.810283660888672,-105.08563232421875,72.8,5.11,0.57,0.07,0.04,0.0,0.07,0.03,0.0,"[77.16,71.43,74.82,64.89,74.40,67.25,83.27,65.94,66.58,82.28]","[0.04,0.09,0.08,0.07,0.04,0.06,0.09,0.08,0.06,0.08]","[0.05,0.08,0.11,0.11,-0.15,0.07,0.13,0.07,0.11,0.08]",43.09,1194.89,179,426,,,,,,,0.08,-0.05,0.68,0.82,0.88,0.03,,,,
77039,30.810283660888672,-105.0855941772461,72.8,5.11,0.57,0.07,0.04,0.0,0.07,0.03,0.0,"[77.16,71.43,74.82,64.89,74.40,67.25,83.27,65.94,66.58,82.28]","[0.04,0.09,0.08,0.07,0.04,0.06,0.09,0.08,0.06,0.08]","[0.05,0.08,0.11,0.11,-0.15,0.07,0.13,0.07,0.11,0.08]",42.74,1194.54,179,427,,,,,,,0.08,-0.05,0.68,0.82,0.88,0.03,,,,
77039,30.810283660888672,-105.0855941772461,72.8,5.11,0.57,0.07,0.04,0.0,0.07,0.03,0.0,"[77.16,71.43,74.82,64.89,74.40,67.25,83.27,65.94,66.58,82.28]","[0.04,0.09,0.08,0.07,0.04,0.06,0.09,0.08,0.06,0.08]","[0.05,0.08,0.11,0.11,-0.15,0.07,0.13,0.07,0.11,0.08]",42.74,1194.54,179,427,,,,,,,0.08,-0.05,0.68,0.82,0.88,0.03,,,,
77464,30.81023597717285,-105.08573150634766,72.8,5.16,0.57,0.07,0.05,0.01,0.04,0.03,0.0,"[77.14,71.40,74.69,64.90,74.45,67.22,83.34,65.96,66.58,82.31]","[0.04,0.09,0.08,0.07,0.03,0.06,0.09,0.08,0.06,0.08]","[0.01,0.05,0.07,0.08,-0.07,0.07,0.09,0.03,0.08,0.04]",42.32,1194.11,180,424,,,,,,,0.09,-0.17,0.69,0.8,0.65,0.03,,,,
77464,30.81023597717285,-105.08573150634766,72.8,5.16,0.57,0.07,0.05,0.01,0.04,0.03,0.0,"[77.14,71.40,74.69,64.90,74.45,67.22,83.34,65.96,66.58,82.31]","[0.04,0.09,0.08,0.07,0.03,0.06,0.09,0.08,0.06,0.08]","[0.01,0.05,0.07,0.08,-0.07,0.07,0.09,0.03,0.08,0.04]",42.32,1194.11,180,424,,,,,,,0.09,-0.17,0.69,0.8,0.65,0.03,,,,
77465,30.81023597717285,-105.085693359375,72.76,5.12,0.57,0.07,0.05,0.01,0.06,0.02,0.0,"[77.11,71.38,74.65,64.86,74.39,67.20,83.26,65.93,66.55,82.23]","[0.03,0.09,0.08,0.07,0.04,0.06,0.09,0.08,0.06,0.08]","[0.03,0.07,0.10,0.10,-0.13,0.06,0.12,0.06,0.11,0.05]",42.24,1194.04,180,425,,,,,,,0.1,-0.11,0.62,0.79,0.77,0.06,,,,
77465,30.81023597717285,-105.085693359375,72.76,5.12,0.57,0.07,0.05,0.01,0.06,0.02,0.0,"[77.11,71.38,74.65,64.86,74.39,67.20,83.26,65.93,66.55,82.23]","[0.03,0.09,0.08,0.07,0.04,0.06,0.09,0.08,0.06,0.08]","[0.03,0.07,0.10,0.10,-0.13,0.06,0.12,0.06,0.11,0.05]",42.24,1194.04,180,425,,,,,,,0.1,-0.11,0.62,0.79,0.77,0.06,,,,
77466,30.81023597717285,-105.08563232421875,72.75,5.12,0.57,0.07,0.05,0.01,0.06,0.02,0.0,"[77.10,71.37,74.65,64.86,74.38,67.19,83.25,65.93,66.55,82.22]","[0.03,0.09,0.08,0.07,0.04,0.06,0.09,0.08,0.06,0.08]","[0.03,0.07,0.10,0.10,-0.14,0.06,0.12,0.06,0.11,0.05]",41.92,1193.72,180,426,,,,,,,0.1,-0.1,0.61,0.79,0.78,0.06,,,,
77466,30.81023597717285,-105.08563232421875,72.75,5.12,0.57,0.07,0.05,0.01,0.06,0.02,0.0,"[77.10,71.37,74.65,64.86,74.38,67.19,83.25,65.93,66.55,82.22]","[0.03,0.09,0.08,0.07,0.04,0.06,0.09,0.08,0.06,0.08]","[0.03,0.07,0.10,0.10,-0.14,0.06,0.12,0.06,0.11,0.05]",41.92,1193.72,180,426,,,,,,,0.1,-0.1,0.61,0.79,0.78,0.06,,,,
77467,30.81023597717285,-105.0855941772461,72.75,5.12,0.57,0.07,0.05,0.01,0.06,0.02,0.0,"[77.10,71.37,74.65,64.86,74.38,67.19,83.25,65.93,66.55,82.22]","[0.03,0.09,0.08,0.07,0.04,0.06,0.09,0.08,0.06,0.08]","[0.03,0.07,0.10,0.10,-0.14,0.06,0.12,0.06,0.11,0.05]",41.38,1193.18,180,427,,,,,,,0.1,-0.1,0.61,0.79,0.78,0.06,,,,
77467,30.81023597717285,-105.0855941772461,72.75,5.12,0.57,0.07,0.05,0.01,0.06,0.02,0.0,"[77.10,71.37,74.65,64.86,74.38,67.19,83.25,65.93,66.55,82.22]","[0.03,0.09,0.08,0.07,0.04,0.06,0.09,0.08,0.06,0.08]","[0.03,0.07,0.10,0.10,-0.14,0.06,0.12,0.06,0.11,0.05]",41.38,1193.18,180,427,,,,,,,0.1,-0.1,0.61,0.79,0.78,0.06,,,,
77892,30.810190200805664,-105.08573150634766,72.8,5.16,0.57,0.07,0.05,0.01,0.04,0.03,0.0,"[77.14,71.40,74.68,64.90,74.45,67.21,83.34,65.96,66.57,82.30]","[0.04,0.09,0.08,0.07,0.03,0.06,0.09,0.08,0.06,0.08]","[0.01,0.05,0.07,0.08,-0.07,0.07,0.09,0.03,0.08,0.04]",41.52,1193.32,181,424,,,,,,,0.09,-0.17,0.68,0.8,0.63,0.03,,,,
77892,30.810190200805664,-105.08573150634766,72.8,5.16,0.57,0.07,0.05,0.01,0.04,0.03,0.0,"[77.14,71.40,74.68,64.90,74.45,67.21,83.34,65.96,66.57,82.30]","[0.04,0.09,0.08,0.07,0.03,0.06,0.09,0.08,0.06,0.08]","[0.01,0.05,0.07,0.08,-0.07,0.07,0.09,0.03,0.08,0.04]",41.52,1193.32,181,424,,,,,,,0.09,-0.17,0.68,0.8,0.63,0.03,,,,
77893,30.810190200805664,-105.085693359375,72.75,5.12,0.57,0.07,0.05,0.01,0.06,0.02,0.0,"[77.10,71.37,74.64,64.86,74.39,67.19,83.26,65.93,66.55,82.23]","[0.03,0.09,0.08,0.07,0.04,0.06,0.09,0.08,0.06,0.08]","[0.03,0.07,0.10,0.10,-0.13,0.06,0.12,0.06,0.11,0.05]",41.22,1193.02,181,425,,,,,,,0.1,-0.11,0.62,0.79,0.76,0.06,,,,
77893,30.810190200805664,-105.085693359375,72.75,5.12,0.57,0.07,0.05,0.01,0.06,0.02,0.0,"[77.10,71.37,74.64,64.86,74.39,67.19,83.26,65.93,66.55,82.23]","[0.03,0.09,0.08,0.07,0.04,0.06,0.09,0.08,0.06,0.08]","[0.03,0.07,0.10,0.10,-0.13,0.06,0.12,0.06,0.11,0.05]",41.22,1193.02,181,425,,,,,,,0.1,-0.11,0.62,0.79,0.76,0.06,,,,
77894,30.810190200805664,-105.08563232421875,72.75,5.12,0.57,0.07,0.05,0.01,0.06,0.02,0.0,"[77.10,71.37,74.64,64.86,74.38,67.19,83.25,65.93,66.55,82.22]","[0.03,0.09,0.08,0.07,0.04,0.06,0.09,0.08,0.06,0.08]","[0.03,0.07,0.10,0.10,-0.14,0.06,0.12,0.06,0.11,0.05]",40.63,1192.43,181,426,,,,,,,0.1,-0.11,0.61,0.79,0.77,0.06,,,,
77894,30.810190200805664,-105.08563232421875,72.75,5.12,0.57,0.07,0.05,0.01,0.06,0.02,0.0,"[77.10,71.37,74.64,64.86,74.38,67.19,83.25,65.93,66.55,82.22]","[0.03,0.09,0.08,0.07,0.04,0.06,0.09,0.08,0.06,0.08]","[0.03,0.07,0.10,0.10,-0.14,0.06,0.12,0.06,0.11,0.05]",40.63,1192.43,181,426,,,,,,,0.1,-0.11,0.61,0.79,0.77,0.06,,,,
77895,30.810190200805664,-105.0855941772461,72.75,5.12,0.57,0.07,0.05,0.01,0.06,0.02,0.0,"[77.10,71.37,74.64,64.86,74.38,67.19,83.25,65.93,66.55,82.22]","[0.03,0.09,0.08,0.07,0.04,0.06,0.09,0.08,0.06,0.08]","[0.03,0.07,0.10,0.10,-0.14,0.06,0.12,0.06,0.11,0.05]",40.75,1192.55,181,427,,,,,,,0.1,-0.11,0.61,0.79,0.77,0.06,,,,
77895,30.810190200805664,-105.0855941772461,72.75,5.12,0.57,0.07,0.05,0.01,0.06,0.02,0.0,"[77.10,71.37,74.64,64.86,74.38,67.19,83.25,65.93,66.55,82.22]","[0.03,0.09,0.08,0.07,0.04,0.06,0.09,0.08,0.06,0.08]","[0.03,0.07,0.10,0.10,-0.14,0.06,0.12,0.06,0.11,0.05]",40.75,1192.55,181,427,,,,,,,0.1,-0.11,0.61,0.79,0.77,0.06,,,,
78320,30.81014633178711,-105.08573150634766,72.8,5.16,0.57,0.07,0.05,0.01,0.04,0.03,0.0,"[77.14,71.40,74.68,64.90,74.45,67.21,83.34,65.96,66.57,82.30]","[0.04,0.09,0.08,0.07,0.03,0.06,0.09,0.08,0.06,0.08]","[0.01,0.05,0.07,0.08,-0.07,0.07,0.09,0.03,0.08,0.04]",40.45,1192.25,182,424,,,,,,,0.09,-0.17,0.68,0.8,0.63,0.03,,,,
78320,30.81014633178711,-105.08573150634766,72.8,5.16,0.57,0.07,0.05,0.01,0.04,0.03,0.0,"[77.14,71.40,74.68,64.90,74.45,67.21,83.34,65.96,66.57,82.30]","[0.04,0.09,0.08,0.07,0.03,0.06,0.09,0.08,0.06,0.08]","[0.01,0.05,0.07,0.08,-0.07,0.07,0.09,0.03,0.08,0.04]",40.45,1192.25,182,424,,,,,,,0.09,-0.17,0.68,0.8,0.63,0.03,,,,
78321,30.81014633178711,-105.085693359375,72.75,5.12,0.57,0.07,0.05,0.01,0.06,0.02,0.0,"[77.10,71.37,74.64,64.86,74.39,67.19,83.26,65.93,66.55,82.23]","[0.03,0.09,0.08,0.07,0.04,0.06,0.09,0.08,0.06,0.08]","[0.03,0.07,0.10,0.10,-0.13,0.06,0.12,0.06,0.11,0.05]",40.09,1191.89,182,425,,,,,,,0.1,-0.11,0.62,0.79,0.76,0.06,,,,
78321,30.81014633178711,-105.085693359375,72.75,5.12,0.57,0.07,0.05,0.01,0.06,0.02,0.0,"[77.10,71.37,74.64,64.86,74.39,67.19,83.26,65.93,66.55,82.23]","[0.03,0.09,0.08,0.07,0.04,0.06,0.09,0.08,0.06,0.08]","[0.03,0.07,0.10,0.10,-0.13,0.06,0.12,0.06,0.11,0.05]",40.09,1191.89,182,425,,,,,,,0.1,-0.11,0.62,0.79,0.76,0.06,,,,
78322,30.81014633178711,-105.08563232421875,72.75,5.12,0.57,0.07,0.05,0.01,0.06,0.02,0.0,"[77.10,71.37,74.64,64.86,74.38,67.19,83.25,65.93,66.55,82.22]","[0.03,0.09,0.08,0.07,0.04,0.06,0.09,0.08,0.06,0.08]","[0.03,0.07,0.10,0.10,-0.14,0.06,0.12,0.06,0.11,0.05]",40.19,1191.99,182,426,,,,,,,0.1,-0.11,0.61,0.79,0.77,0.06,,,,
78322,30.81014633178711,-105.08563232421875,72.75,5.12,0.57,0.07,0.05,0.01,0.06,0.02,0.0,"[77.10,71.37,74.64,64.86,74.38,67.19,83.25,65.93,66.55,82.22]","[0.03,0.09,0.08,0.07,0.04,0.06,0.09,0.08,0.06,0.08]","[0.03,0.07,0.10,0.10,-0.14,0.06,0.12,0.06,0.11,0.05]",40.19,1191.99,182,426,,,,,,,0.1,-0.11,0.61,0.79,0.77,0.06,,,,
78323,30.81014633178711,-105.0855941772461,72.75,5.12,0.57,0.07,0.05,0.01,0.06,0.02,0.0,"[77.10,71.37,74.64,64.86,74.38,67.19,83.25,65.93,66.55,82.22]","[0.03,0.09,0.08,0.07,0.04,0.06,0.09,0.08,0.06,0.08]","[0.03,0.07,0.10,0.10,-0.14,0.06,0.12,0.06,0.11,0.05]",40.98,1192.78,182,427,,,,,,,0.1,-0.11,0.61,0.79,0.77,0.06,,,,
78323,30.81014633178711,-105.0855941772461,72.75,5.12,0.57,0.07,0.05,0.01,0.06,0.02,0.0,"[77.10,71.37,74.64,64.86,74.38,67.19,83.25,65.93,66.55,82.22]","[0.03,0.09,0.08,0.07,0.04,0.06,0.09,0.08,0.06,0.08]","[0.03,0.07,0.10,0.10,-0.14,0.06,0.12,0.06,0.11,0.05]",40.98,1192.78,182,427,,,,,,,0.1,-0.11,0.61,0.79,0.77,0.06,,,,
