{
  "type": "FeatureCollection",
  "features": [
    {
      "type": "Feature",
      "properties": {
        "label": "dhf_low",
        "range": [
          0,
          0.35
        ],
        "group_id": 12,
        "area": 1241,
        "mean_ndmi": 0.0,
        "mean_ndvi": 0.1
      },
      "geometry": {
        "type": "Polygon",
        "coordinates": [
          [
            [
              -105.11700058157703,
              30.81960663818144
            ],
            [
              -105.11691075004862,
              30.81960663818144
            ],
            [
              -105.11646159240655,
              30.820055795823507
            ],
            [
              -105.11646159240655,
              30.82014562735192
            ],
            [
              -105.11619209782131,
              30.82014562735192
            ],
            [
              -105.11619209782131,
              30.820055795823507
            ],
            [
              -105.11628192934973,
              30.820055795823507
            ],
            [
              -105.11673108699179,
              30.81960663818144
            ],
            [
              -105.1168209185202,
              30.81960663818144
            ],
            [
              -105.11691075004862,
              30.819516806653027
            ],
            [
              -105.11700058157703,
              30.819516806653027
            ],
            [
              -105.11700058157703,
              30.81960663818144
            ]
          ]
        ]
      }
    },
    {
      "type": "Feature",
      "properties": {
        "label": "dhf_low",
        "range": [
          0,
          0.35
        ],
        "group_id": 13,
        "area": 3980,
        "mean_ndmi": 0.0,
        "mean_ndvi": 0.1
      },
      "geometry": {
        "type": "Polygon",
        "coordinates": [
          [
            [
              -105.1168209185202,
              30.818708322897308
            ],
            [
              -105.11673108699179,
              30.818708322897308
            ],
            [
              -105.11655142393496,
              30.818887985954134
            ],
            [
              -105.11655142393496,
              30.818977817482548
            ],
            [
              -105.11628192934973,
              30.819247312067787
            ],
            [
              -105.11628192934973,
              30.8193371435962
            ],
            [
              -105.11601243476449,
              30.81960663818144
            ],
            [
              -105.11592260323607,
              30.81960663818144
            ],
            [
              -105.11556327712242,
              30.819965964295093
            ],
            [
              -105.11556327712242,
              30.820055795823507
            ],
            [
              -105.115473445594,
              30.82014562735192
            ],
            [
              -105.115473445594,
              30.820325290408746
            ],
            [
              -105.11529378253718,
              30.820504953465573
            ],
            [
              -105.11511411948035,
              30.820504953465573
            ],
            [
              -105.11511411948035,
              30.82041512193716
            ],
            [
              -105.115473445594,
              30.820055795823507
            ],
            [
              -105.115473445594,
              30.819786301238267
            ],
            [
              -105.11574294017925,
              30.819516806653027
            ],
            [
              -105.11583277170766,
              30.819516806653027
            ],
            [
              -105.11646159240655,
              30.818887985954134
            ],
            [
              -105.11646159240655,
              30.81879815442572
            ],
            [
              -105.11655142393496,
              30.818708322897308
            ],
            [
              -105.11664125546338,
              30.818708322897308
            ],
            [
              -105.11673108699179,
              30.818618491368895
            ],
            [
              -105.1168209185202,
              30.818618491368895
            ],
            [
              -105.1168209185202,
              30.818708322897308
            ]
          ]
        ]
      }
    },
    {
      "type": "Feature",
      "properties": {
        "label": "dhf_low",
        "range": [
          0,
          0.35
        ],
        "group_id": 14,
        "area": 1926,
        "mean_ndmi": 0.0,
        "mean_ndvi": 0.1
      },
      "geometry": {
        "type": "Polygon",
        "coordinates": [
          [
            [
              -105.11673108699179,
              30.815294724817605
            ],
            [
              -105.11664125546338,
              30.815294724817605
            ],
            [
              -105.11655142393496,
              30.815384556346018
            ],
            [
              -105.11655142393496,
              30.815564219402845
            ],
            [
              -105.11637176087814,
              30.81574388245967
            ],
            [
              -105.11619209782131,
              30.81574388245967
            ],
            [
              -105.1161022662929,
              30.815833713988084
            ],
            [
              -105.1161022662929,
              30.815923545516497
            ],
            [
              -105.11592260323607,
              30.816103208573324
            ],
            [
              -105.11583277170766,
              30.816103208573324
            ],
            [
              -105.11574294017925,
              30.81601337704491
            ],
            [
              -105.11574294017925,
              30.815923545516497
            ],
            [
              -105.11583277170766,
              30.815923545516497
            ],
            [
              -105.1161022662929,
              30.815654050931258
            ],
            [
              -105.11628192934973,
              30.815654050931258
            ],
            [
              -105.11646159240655,
              30.81547438787443
            ],
            [
              -105.11646159240655,
              30.815294724817605
            ],
            [
              -105.11655142393496,
              30.81520489328919
            ],
            [
              -105.11673108699179,
              30.81520489328919
            ],
            [
              -105.11673108699179,
              30.815294724817605
            ]
          ]
        ]
      }
    },
    {
      "type": "Feature",
      "properties": {
        "label": "dhf_low",
        "range": [
          0,
          0.35
        ],
        "group_id": 15,
        "area": 3038,
        "mean_ndmi": -0.0,
        "mean_ndvi": 0.1
      },
      "geometry": {
        "type": "Polygon",
        "coordinates": [
          [
            [
              -105.11646159240655,
              30.83541698718217
            ],
            [
              -105.11637176087814,
              30.835506818710584
            ],
            [
              -105.11637176087814,
              30.835596650238998
            ],
            [
              -105.11628192934973,
              30.835596650238998
            ],
            [
              -105.11619209782131,
              30.83568648176741
            ],
            [
              -105.1161022662929,
              30.83568648176741
            ],
            [
              -105.11583277170766,
              30.83595597635265
            ],
            [
              -105.11583277170766,
              30.836315302466303
            ],
            [
              -105.11538361406559,
              30.83676446010837
            ],
            [
              -105.11529378253718,
              30.83676446010837
            ],
            [
              -105.11529378253718,
              30.836584797051543
            ],
            [
              -105.115473445594,
              30.836405133994717
            ],
            [
              -105.11556327712242,
              30.836405133994717
            ],
            [
              -105.11565310865083,
              30.836315302466303
            ],
            [
              -105.11565310865083,
              30.83622547093789
            ],
            [
              -105.11574294017925,
              30.836135639409477
            ],
            [
              -105.11574294017925,
              30.835776313295824
            ],
            [
              -105.11592260323607,
              30.835596650238998
            ],
            [
              -105.11601243476449,
              30.835596650238998
            ],
            [
              -105.1161022662929,
              30.835506818710584
            ],
            [
              -105.11619209782131,
              30.835506818710584
            ],
            [
              -105.11637176087814,
              30.835327155653758
            ],
            [
              -105.11646159240655,
              30.835327155653758
            ],
            [
              -105.11646159240655,
              30.83541698718217
            ]
          ]
        ]
      }
    },
    {
      "type": "Feature",
      "properties": {
        "label": "dhf_low",
        "range": [
          0,
          0.35
        ],
        "group_id": 16,
        "area": 684,
        "mean_ndmi": 0.0,
        "mean_ndvi": 0.13
      },
      "geometry": {
        "type": "Polygon",
        "coordinates": [
          [
            [
              -105.11646159240655,
              30.82598467669878
            ],
            [
              -105.11637176087814,
              30.826074508227194
            ],
            [
              -105.1161022662929,
              30.826074508227194
            ],
            [
              -105.1161022662929,
              30.82598467669878
            ],
            [
              -105.11628192934973,
              30.82598467669878
            ],
            [
              -105.11637176087814,
              30.825894845170367
            ],
            [
              -105.11637176087814,
              30.825625350585128
            ],
            [
              -105.11646159240655,
              30.825625350585128
            ],
            [
              -105.11646159240655,
              30.82598467669878
            ]
          ]
        ]
      }
    },
    {
      "type": "Feature",
      "properties": {
        "label": "dhf_low",
        "range": [
          0,
          0.35
        ],
        "group_id": 19,
        "area": 1027,
        "mean_ndmi": 0.0,
        "mean_ndvi": 0.1
      },
      "geometry": {
        "type": "Polygon",
        "coordinates": [
          [
            [
              -105.11637176087814,
              30.821672763334945
            ],
            [
              -105.11628192934973,
              30.821672763334945
            ],
            [
              -105.11601243476449,
              30.821942257920185
            ],
            [
              -105.11574294017925,
              30.821942257920185
            ],
            [
              -105.11574294017925,
              30.82185242639177
            ],
            [
              -105.11583277170766,
              30.82185242639177
            ],
            [
              -105.11601243476449,
              30.821672763334945
            ],
            [
              -105.1161022662929,
              30.821672763334945
            ],
            [
              -105.11619209782131,
              30.82158293180653
            ],
            [
              -105.11637176087814,
              30.82158293180653
            ],
            [
              -105.11637176087814,
              30.821672763334945
            ]
          ]
        ]
      }
    },
    {
      "type": "Feature",
      "properties": {
        "label": "dhf_low",
        "range": [
          0,
          0.35
        ],
        "group_id": 20,
        "area": 4536,
        "mean_ndmi": 0.0,
        "mean_ndvi": 0.1
      },
      "geometry": {
        "type": "Polygon",
        "coordinates": [
          [
            [
              -105.11619209782131,
              30.828949117136418
            ],
            [
              -105.11565310865083,
              30.829488106306897
            ],
            [
              -105.11556327712242,
              30.829488106306897
            ],
            [
              -105.11538361406559,
              30.829667769363724
            ],
            [
              -105.11529378253718,
              30.829667769363724
            ],
            [
              -105.11520395100877,
              30.829757600892137
            ],
            [
              -105.11493445642353,
              30.829757600892137
            ],
            [
              -105.11484462489511,
              30.82984743242055
            ],
            [
              -105.11466496183829,
              30.82984743242055
            ],
            [
              -105.11457513030987,
              30.829937263948963
            ],
            [
              -105.11448529878146,
              30.829937263948963
            ],
            [
              -105.11430563572463,
              30.83011692700579
            ],
            [
              -105.11430563572463,
              30.830206758534203
            ],
            [
              -105.11421580419622,
              30.830206758534203
            ],
            [
              -105.11412597266781,
              30.830296590062616
            ],
            [
              -105.11394630961098,
              30.830296590062616
            ],
            [
              -105.11385647808257,
              30.83038642159103
            ],
            [
              -105.11358698349733,
              30.83038642159103
            ],
            [
              -105.11358698349733,
              30.830296590062616
            ],
            [
              -105.11376664655415,
              30.830296590062616
            ],
            [
              -105.11385647808257,
              30.830206758534203
            ],
            [
              -105.11394630961098,
              30.830206758534203
            ],
            [
              -105.1140361411394,
              30.83011692700579
            ],
            [
              -105.11412597266781,
              30.83011692700579
            ],
            [
              -105.11430563572463,
              30.829937263948963
            ],
            [
              -105.11439546725305,
              30.829937263948963
            ],
            [
              -105.11448529878146,
              30.82984743242055
            ],
            [
              -105.11457513030987,
              30.82984743242055
            ],
            [
              -105.11466496183829,
              30.829757600892137
            ],
            [
              -105.1147547933667,
              30.829757600892137
            ],
            [
              -105.11484462489511,
              30.829667769363724
            ],
            [
              -105.11511411948035,
              30.829667769363724
            ],
            [
              -105.11520395100877,
              30.82957793783531
            ],
            [
              -105.11529378253718,
              30.82957793783531
            ],
            [
              -105.1161022662929,
              30.82876945407959
            ],
            [
              -105.1161022662929,
              30.828679622551178
            ],
            [
              -105.11619209782131,
              30.828679622551178
            ],
            [
              -105.11619209782131,
              30.828949117136418
            ]
          ]
        ]
      }
    },
    {
      "type": "Feature",
      "properties": {
        "label": "dhf_low",
        "range": [
          0,
          0.35
        ],
        "group_id": 21,
        "area": 1883,
        "mean_ndmi": 0.0,
        "mean_ndvi": 0.1
      },
      "geometry": {
        "type": "Polygon",
        "coordinates": [
          [
            [
              -105.11601243476449,
              30.8342491773128
            ],
            [
              -105.11583277170766,
              30.834428840369625
            ],
            [
              -105.11583277170766,
              30.83451867189804
            ],
            [
              -105.11574294017925,
              30.834608503426452
            ],
            [
              -105.11574294017925,
              30.83478816648328
            ],
            [
              -105.11556327712242,
              30.834967829540105
            ],
            [
              -105.11556327712242,
              30.83514749259693
            ],
            [
              -105.115473445594,
              30.835237324125345
            ],
            [
              -105.11538361406559,
              30.835237324125345
            ],
            [
              -105.11538361406559,
              30.834967829540105
            ],
            [
              -105.115473445594,
              30.83487799801169
            ],
            [
              -105.115473445594,
              30.83478816648328
            ],
            [
              -105.11556327712242,
              30.834698334954865
            ],
            [
              -105.11556327712242,
              30.834608503426452
            ],
            [
              -105.11565310865083,
              30.834608503426452
            ],
            [
              -105.11574294017925,
              30.83451867189804
            ],
            [
              -105.11574294017925,
              30.8342491773128
            ],
            [
              -105.11583277170766,
              30.8342491773128
            ],
            [
              -105.11592260323607,
              30.834159345784386
            ],
            [
              -105.11601243476449,
              30.834159345784386
            ],
            [
              -105.11601243476449,
              30.8342491773128
            ]
          ]
        ]
      }
    },
    {
      "type": "Feature",
      "properties": {
        "label": "dhf_low",
        "range": [
          0,
          0.35
        ],
        "group_id": 22,
        "area": 1412,
        "mean_ndmi": 0.0,
        "mean_ndvi": 0.1
      },
      "geometry": {
        "type": "Polygon",
        "coordinates": [
          [
            [
              -105.11592260323607,
              30.81843882831207
            ],
            [
              -105.11574294017925,
              30.818618491368895
            ],
            [
              -105.11574294017925,
              30.818708322897308
            ],
            [
              -105.11565310865083,
              30.81879815442572
            ],
            [
              -105.11565310865083,
              30.818887985954134
            ],
            [
              -105.115473445594,
              30.81906764901096
            ],
            [
              -105.115473445594,
              30.819157480539374
            ],
            [
              -105.11538361406559,
              30.819157480539374
            ],
            [
              -105.11538361406559,
              30.818977817482548
            ],
            [
              -105.115473445594,
              30.818887985954134
            ],
            [
              -105.115473445594,
              30.81879815442572
            ],
            [
              -105.11556327712242,
              30.818708322897308
            ],
            [
              -105.11556327712242,
              30.818618491368895
            ],
            [
              -105.11565310865083,
              30.81852865984048
            ],
            [
              -105.11565310865083,
              30.81843882831207
            ],
            [
              -105.11574294017925,
              30.81843882831207
            ],
            [
              -105.11583277170766,
              30.818348996783655
            ],
            [
              -105.11592260323607,
              30.818348996783655
            ],
            [
              -105.11592260323607,
              30.81843882831207
            ]
          ]
        ]
      }
    },
    {
      "type": "Feature",
      "properties": {
        "label": "dhf_low",
        "range": [
          0,
          0.35
        ],
        "group_id": 26,
        "area": 2653,
        "mean_ndmi": 0.0,
        "mean_ndvi": 0.11
      },
      "geometry": {
        "type": "Polygon",
        "coordinates": [
          [
            [
              -105.11565310865083,
              30.82400838307369
            ],
            [
              -105.11538361406559,
              30.82400838307369
            ],
            [
              -105.11529378253718,
              30.824098214602103
            ],
            [
              -105.11520395100877,
              30.824098214602103
            ],
            [
              -105.11493445642353,
              30.824367709187342
            ],
            [
              -105.11484462489511,
              30.824367709187342
            ],
            [
              -105.1147547933667,
              30.824457540715755
            ],
            [
              -105.11466496183829,
              30.824457540715755
            ],
            [
              -105.11439546725305,
              30.824727035300995
            ],
            [
              -105.11430563572463,
              30.824727035300995
            ],
            [
              -105.11421580419622,
              30.82481686682941
            ],
            [
              -105.11394630961098,
              30.82481686682941
            ],
            [
              -105.11394630961098,
              30.824727035300995
            ],
            [
              -105.1140361411394,
              30.824727035300995
            ],
            [
              -105.11412597266781,
              30.824637203772582
            ],
            [
              -105.11421580419622,
              30.824637203772582
            ],
            [
              -105.11430563572463,
              30.82454737224417
            ],
            [
              -105.11439546725305,
              30.82454737224417
            ],
            [
              -105.11448529878146,
              30.824457540715755
            ],
            [
              -105.11457513030987,
              30.824457540715755
            ],
            [
              -105.11466496183829,
              30.824367709187342
            ],
            [
              -105.1147547933667,
              30.824367709187342
            ],
            [
              -105.11484462489511,
              30.82427787765893
            ],
            [
              -105.11484462489511,
              30.824098214602103
            ],
            [
              -105.11502428795194,
              30.824098214602103
            ],
            [
              -105.11520395100877,
              30.823918551545276
            ],
            [
              -105.11565310865083,
              30.823918551545276
            ],
            [
              -105.11565310865083,
              30.82400838307369
            ]
          ]
        ]
      }
    },
    {
      "type": "Feature",
      "properties": {
        "label": "dhf_low",
        "range": [
          0,
          0.35
        ],
        "group_id": 27,
        "area": 770,
        "mean_ndmi": 0.0,
        "mean_ndvi": 0.1
      },
      "geometry": {
        "type": "Polygon",
        "coordinates": [
          [
            [
              -105.11556327712242,
              30.8281406333807
            ],
            [
              -105.11538361406559,
              30.828320296437525
            ],
            [
              -105.11511411948035,
              30.828320296437525
            ],
            [
              -105.11511411948035,
              30.82823046490911
            ],
            [
              -105.11520395100877,
              30.82823046490911
            ],
            [
              -105.11538361406559,
              30.828050801852285
            ],
            [
              -105.11556327712242,
              30.828050801852285
            ],
            [
              -105.11556327712242,
              30.8281406333807
            ]
          ]
        ]
      }
    },
    {
      "type": "Feature",
      "properties": {
        "label": "dhf_low",
        "range": [
          0,
          0.35
        ],
        "group_id": 28,
        "area": 2311,
        "mean_ndmi": 0.0,
        "mean_ndvi": 0.1
      },
      "geometry": {
        "type": "Polygon",
        "coordinates": [
          [
            [
              -105.11556327712242,
              30.822032089448598
            ],
            [
              -105.11538361406559,
              30.822032089448598
            ],
            [
              -105.11529378253718,
              30.82212192097701
            ],
            [
              -105.11529378253718,
              30.822211752505424
            ],
            [
              -105.11520395100877,
              30.822211752505424
            ],
            [
              -105.11457513030987,
              30.822840573204317
            ],
            [
              -105.11448529878146,
              30.822840573204317
            ],
            [
              -105.11448529878146,
              30.82266091014749
            ],
            [
              -105.11502428795194,
              30.82212192097701
            ],
            [
              -105.11511411948035,
              30.82212192097701
            ],
            [
              -105.11520395100877,
              30.822032089448598
            ],
            [
              -105.11529378253718,
              30.822032089448598
            ],
            [
              -105.11538361406559,
              30.821942257920185
            ],
            [
              -105.11556327712242,
              30.821942257920185
            ],
            [
              -105.11556327712242,
              30.822032089448598
            ]
          ]
        ]
      }
    },
    {
      "type": "Feature",
      "properties": {
        "label": "dhf_low",
        "range": [
          0,
          0.35
        ],
        "group_id": 34,
        "area": 2953,
        "mean_ndmi": 0.0,
        "mean_ndvi": 0.1
      },
      "geometry": {
        "type": "Polygon",
        "coordinates": [
          [
            [
              -105.11493445642353,
              30.82706265503974
            ],
            [
              -105.11484462489511,
              30.827152486568153
            ],
            [
              -105.11484462489511,
              30.827242318096566
            ],
            [
              -105.1147547933667,
              30.82733214962498
            ],
            [
              -105.1147547933667,
              30.827421981153392
            ],
            [
              -105.11466496183829,
              30.827511812681806
            ],
            [
              -105.1147547933667,
              30.82760164421022
            ],
            [
              -105.1147547933667,
              30.827781307267045
            ],
            [
              -105.11457513030987,
              30.827960970323872
            ],
            [
              -105.11448529878146,
              30.827960970323872
            ],
            [
              -105.11439546725305,
              30.828050801852285
            ],
            [
              -105.11430563572463,
              30.828050801852285
            ],
            [
              -105.11421580419622,
              30.8281406333807
            ],
            [
              -105.11394630961098,
              30.8281406333807
            ],
            [
              -105.11385647808257,
              30.82823046490911
            ],
            [
              -105.11367681502574,
              30.82823046490911
            ],
            [
              -105.11367681502574,
              30.828050801852285
            ],
            [
              -105.11412597266781,
              30.828050801852285
            ],
            [
              -105.11421580419622,
              30.827960970323872
            ],
            [
              -105.11430563572463,
              30.827960970323872
            ],
            [
              -105.11448529878146,
              30.827781307267045
            ],
            [
              -105.11457513030987,
              30.827781307267045
            ],
            [
              -105.11466496183829,
              30.827691475738632
            ],
            [
              -105.11466496183829,
              30.82760164421022
            ],
            [
              -105.11457513030987,
              30.827511812681806
            ],
            [
              -105.11457513030987,
              30.827242318096566
            ],
            [
              -105.11484462489511,
              30.826972823511326
            ],
            [
              -105.11484462489511,
              30.826882991982913
            ],
            [
              -105.11493445642353,
              30.826882991982913
            ],
            [
              -105.11493445642353,
              30.82706265503974
            ]
          ]
        ]
      }
    },
    {
      "type": "Feature",
      "properties": {
        "label": "dhf_low",
        "range": [
          0,
          0.35
        ],
        "group_id": 36,
        "area": 727,
        "mean_ndmi": -0.0,
        "mean_ndvi": 0.1
      },
      "geometry": {
        "type": "Polygon",
        "coordinates": [
          [
            [
              -105.1147547933667,
              30.833889851199146
            ],
            [
              -105.11466496183829,
              30.83397968272756
            ],
            [
              -105.11466496183829,
              30.834069514255972
            ],
            [
              -105.11448529878146,
              30.8342491773128
            ],
            [
              -105.11439546725305,
              30.8342491773128
            ],
            [
              -105.11439546725305,
              30.834069514255972
            ],
            [
              -105.11448529878146,
              30.83397968272756
            ],
            [
              -105.11457513030987,
              30.83397968272756
            ],
            [
              -105.11466496183829,
              30.833889851199146
            ],
            [
              -105.11466496183829,
              30.833800019670733
            ],
            [
              -105.1147547933667,
              30.833800019670733
            ],
            [
              -105.1147547933667,
              30.833889851199146
            ]
          ]
        ]
      }
    },
    {
      "type": "Feature",
      "properties": {
        "label": "dhf_low",
        "range": [
          0,
          0.35
        ],
        "group_id": 37,
        "area": 4665,
        "mean_ndmi": 0.0,
        "mean_ndvi": 0.1
      },
      "geometry": {
        "type": "Polygon",
        "coordinates": [
          [
            [
              -105.11457513030987,
              30.82122360569288
            ],
            [
              -105.11448529878146,
              30.821313437221292
            ],
            [
              -105.11448529878146,
              30.821403268749705
            ],
            [
              -105.11412597266781,
              30.82176259486336
            ],
            [
              -105.1140361411394,
              30.82176259486336
            ],
            [
              -105.11367681502574,
              30.82212192097701
            ],
            [
              -105.11367681502574,
              30.822211752505424
            ],
            [
              -105.1134073204405,
              30.822481247090664
            ],
            [
              -105.1134073204405,
              30.822571078619077
            ],
            [
              -105.11322765738367,
              30.822750741675904
            ],
            [
              -105.11322765738367,
              30.822840573204317
            ],
            [
              -105.11286833127002,
              30.82319989931797
            ],
            [
              -105.11286833127002,
              30.823289730846383
            ],
            [
              -105.11277849974161,
              30.823289730846383
            ],
            [
              -105.11277849974161,
              30.823020236261144
            ],
            [
              -105.11313782585526,
              30.82266091014749
            ],
            [
              -105.11313782585526,
              30.822571078619077
            ],
            [
              -105.11349715196891,
              30.822211752505424
            ],
            [
              -105.11349715196891,
              30.82212192097701
            ],
            [
              -105.11358698349733,
              30.82212192097701
            ],
            [
              -105.11367681502574,
              30.822032089448598
            ],
            [
              -105.11367681502574,
              30.82185242639177
            ],
            [
              -105.11376664655415,
              30.82176259486336
            ],
            [
              -105.11385647808257,
              30.82176259486336
            ],
            [
              -105.1140361411394,
              30.82158293180653
            ],
            [
              -105.11412597266781,
              30.82158293180653
            ],
            [
              -105.11421580419622,
              30.82149310027812
            ],
            [
              -105.11421580419622,
              30.821403268749705
            ],
            [
              -105.11430563572463,
              30.821403268749705
            ],
            [
              -105.11439546725305,
              30.821313437221292
            ],
            [
              -105.11439546725305,
              30.82122360569288
            ],
            [
              -105.11448529878146,
              30.821133774164466
            ],
            [
              -105.11448529878146,
              30.820864279579226
            ],
            [
              -105.11457513030987,
              30.820864279579226
            ],
            [
              -105.11457513030987,
              30.82122360569288
            ]
          ]
        ]
      }
    },
    {
      "type": "Feature",
      "properties": {
        "label": "dhf_low",
        "range": [
          0,
          0.35
        ],
        "group_id": 38,
        "area": 2353,
        "mean_ndmi": -0.0,
        "mean_ndvi": 0.1
      },
      "geometry": {
        "type": "Polygon",
        "coordinates": [
          [
            [
              -105.11439546725305,
              30.83478816648328
            ],
            [
              -105.11430563572463,
              30.83487799801169
            ],
            [
              -105.11421580419622,
              30.83487799801169
            ],
            [
              -105.1140361411394,
              30.835057661068518
            ],
            [
              -105.11394630961098,
              30.835057661068518
            ],
            [
              -105.11385647808257,
              30.83514749259693
            ],
            [
              -105.11385647808257,
              30.835237324125345
            ],
            [
              -105.11376664655415,
              30.835327155653758
            ],
            [
              -105.11385647808257,
              30.83541698718217
            ],
            [
              -105.11385647808257,
              30.835506818710584
            ],
            [
              -105.11394630961098,
              30.835596650238998
            ],
            [
              -105.11394630961098,
              30.835866144824237
            ],
            [
              -105.11385647808257,
              30.835866144824237
            ],
            [
              -105.11385647808257,
              30.835776313295824
            ],
            [
              -105.11376664655415,
              30.83568648176741
            ],
            [
              -105.11376664655415,
              30.835596650238998
            ],
            [
              -105.11367681502574,
              30.835506818710584
            ],
            [
              -105.11367681502574,
              30.835237324125345
            ],
            [
              -105.11376664655415,
              30.83514749259693
            ],
            [
              -105.11376664655415,
              30.835057661068518
            ],
            [
              -105.11394630961098,
              30.83487799801169
            ],
            [
              -105.1140361411394,
              30.83487799801169
            ],
            [
              -105.11430563572463,
              30.834608503426452
            ],
            [
              -105.11439546725305,
              30.834608503426452
            ],
            [
              -105.11439546725305,
              30.83478816648328
            ]
          ]
        ]
      }
    },
    {
      "type": "Feature",
      "properties": {
        "label": "dhf_low",
        "range": [
          0,
          0.35
        ],
        "group_id": 42,
        "area": 1112,
        "mean_ndmi": -0.0,
        "mean_ndvi": 0.1
      },
      "geometry": {
        "type": "Polygon",
        "coordinates": [
          [
            [
              -105.1140361411394,
              30.834339008841212
            ],
            [
              -105.11394630961098,
              30.834428840369625
            ],
            [
              -105.11385647808257,
              30.834428840369625
            ],
            [
              -105.11376664655415,
              30.83451867189804
            ],
            [
              -105.11367681502574,
              30.83451867189804
            ],
            [
              -105.11358698349733,
              30.834608503426452
            ],
            [
              -105.1134073204405,
              30.834608503426452
            ],
            [
              -105.11331748891209,
              30.834698334954865
            ],
            [
              -105.11313782585526,
              30.834698334954865
            ],
            [
              -105.11313782585526,
              30.834608503426452
            ],
            [
              -105.11322765738367,
              30.834608503426452
            ],
            [
              -105.11331748891209,
              30.83451867189804
            ],
            [
              -105.11358698349733,
              30.83451867189804
            ],
            [
              -105.11376664655415,
              30.834339008841212
            ],
            [
              -105.11385647808257,
              30.834339008841212
            ],
            [
              -105.11394630961098,
              30.8342491773128
            ],
            [
              -105.1140361411394,
              30.8342491773128
            ],
            [
              -105.1140361411394,
              30.834339008841212
            ]
          ]
        ]
      }
    },
    {
      "type": "Feature",
      "properties": {
        "label": "dhf_low",
        "range": [
          0,
          0.35
        ],
        "group_id": 45,
        "area": 1455,
        "mean_ndmi": 0.0,
        "mean_ndvi": 0.1
      },
      "geometry": {
        "type": "Polygon",
        "coordinates": [
          [
            [
              -105.11349715196891,
              30.832542378272947
            ],
            [
              -105.1134073204405,
              30.83263220980136
            ],
            [
              -105.11331748891209,
              30.83263220980136
            ],
            [
              -105.11313782585526,
              30.832811872858187
            ],
            [
              -105.11304799432685,
              30.832811872858187
            ],
            [
              -105.11295816279844,
              30.8329017043866
            ],
            [
              -105.11286833127002,
              30.8329017043866
            ],
            [
              -105.11277849974161,
              30.832991535915014
            ],
            [
              -105.11259883668478,
              30.832991535915014
            ],
            [
              -105.11241917362796,
              30.83317119897184
            ],
            [
              -105.11232934209954,
              30.83317119897184
            ],
            [
              -105.11232934209954,
              30.833081367443427
            ],
            [
              -105.11250900515637,
              30.8329017043866
            ],
            [
              -105.11277849974161,
              30.8329017043866
            ],
            [
              -105.11286833127002,
              30.832811872858187
            ],
            [
              -105.11295816279844,
              30.832811872858187
            ],
            [
              -105.11313782585526,
              30.83263220980136
            ],
            [
              -105.11322765738367,
              30.83263220980136
            ],
            [
              -105.1134073204405,
              30.832452546744534
            ],
            [
              -105.11349715196891,
              30.832452546744534
            ],
            [
              -105.11349715196891,
              30.832542378272947
            ]
          ]
        ]
      }
    },
    {
      "type": "Feature",
      "properties": {
        "label": "dhf_low",
        "range": [
          0,
          0.35
        ],
        "group_id": 48,
        "area": 1497,
        "mean_ndmi": 0.0,
        "mean_ndvi": 0.1
      },
      "geometry": {
        "type": "Polygon",
        "coordinates": [
          [
            [
              -105.1134073204405,
              30.830476253119443
            ],
            [
              -105.11331748891209,
              30.830476253119443
            ],
            [
              -105.11322765738367,
              30.830566084647856
            ],
            [
              -105.11313782585526,
              30.830566084647856
            ],
            [
              -105.11304799432685,
              30.83065591617627
            ],
            [
              -105.11295816279844,
              30.83065591617627
            ],
            [
              -105.11277849974161,
              30.830835579233096
            ],
            [
              -105.11259883668478,
              30.830835579233096
            ],
            [
              -105.11259883668478,
              30.830745747704682
            ],
            [
              -105.1126886682132,
              30.83065591617627
            ],
            [
              -105.11277849974161,
              30.83065591617627
            ],
            [
              -105.11295816279844,
              30.830476253119443
            ],
            [
              -105.11304799432685,
              30.830476253119443
            ],
            [
              -105.11313782585526,
              30.83038642159103
            ],
            [
              -105.11322765738367,
              30.83038642159103
            ],
            [
              -105.11331748891209,
              30.830296590062616
            ],
            [
              -105.1134073204405,
              30.830296590062616
            ],
            [
              -105.1134073204405,
              30.830476253119443
            ]
          ]
        ]
      }
    },
    {
      "type": "Feature",
      "properties": {
        "label": "dhf_low",
        "range": [
          0,
          0.35
        ],
        "group_id": 49,
        "area": 813,
        "mean_ndmi": 0.0,
        "mean_ndvi": 0.1
      },
      "geometry": {
        "type": "Polygon",
        "coordinates": [
          [
            [
              -105.1134073204405,
              30.817540513027936
            ],
            [
              -105.11331748891209,
              30.81763034455635
            ],
            [
              -105.11322765738367,
              30.81763034455635
            ],
            [
              -105.11313782585526,
              30.817720176084762
            ],
            [
              -105.11304799432685,
              30.817720176084762
            ],
            [
              -105.11304799432685,
              30.81763034455635
            ],
            [
              -105.11331748891209,
              30.81736084997111
            ],
            [
              -105.11331748891209,
              30.817271018442696
            ],
            [
              -105.1134073204405,
              30.817271018442696
            ],
            [
              -105.1134073204405,
              30.817540513027936
            ]
          ]
        ]
      }
    },
    {
      "type": "Feature",
      "properties": {
        "label": "dhf_low",
        "range": [
          0,
          0.35
        ],
        "group_id": 50,
        "area": 1241,
        "mean_ndmi": 0.0,
        "mean_ndvi": 0.1
      },
      "geometry": {
        "type": "Polygon",
        "coordinates": [
          [
            [
              -105.11331748891209,
              30.827152486568153
            ],
            [
              -105.11322765738367,
              30.827242318096566
            ],
            [
              -105.11322765738367,
              30.82733214962498
            ],
            [
              -105.11304799432685,
              30.827511812681806
            ],
            [
              -105.11277849974161,
              30.827511812681806
            ],
            [
              -105.11277849974161,
              30.827421981153392
            ],
            [
              -105.11286833127002,
              30.827421981153392
            ],
            [
              -105.11322765738367,
              30.82706265503974
            ],
            [
              -105.11322765738367,
              30.826882991982913
            ],
            [
              -105.11331748891209,
              30.826882991982913
            ],
            [
              -105.11331748891209,
              30.827152486568153
            ]
          ]
        ]
      }
    },
    {
      "type": "Feature",
      "properties": {
        "label": "dhf_low",
        "range": [
          0,
          0.35
        ],
        "group_id": 51,
        "area": 1112,
        "mean_ndmi": 0.0,
        "mean_ndvi": 0.1
      },
      "geometry": {
        "type": "Polygon",
        "coordinates": [
          [
            [
              -105.11331748891209,
              30.82176259486336
            ],
            [
              -105.11322765738367,
              30.82176259486336
            ],
            [
              -105.11313782585526,
              30.82185242639177
            ],
            [
              -105.11295816279844,
              30.82185242639177
            ],
            [
              -105.11286833127002,
              30.821942257920185
            ],
            [
              -105.11232934209954,
              30.821942257920185
            ],
            [
              -105.11232934209954,
              30.82185242639177
            ],
            [
              -105.11277849974161,
              30.82185242639177
            ],
            [
              -105.11286833127002,
              30.82176259486336
            ],
            [
              -105.11304799432685,
              30.82176259486336
            ],
            [
              -105.11313782585526,
              30.821672763334945
            ],
            [
              -105.11331748891209,
              30.821672763334945
            ],
            [
              -105.11331748891209,
              30.82176259486336
            ]
          ]
        ]
      }
    },
    {
      "type": "Feature",
      "properties": {
        "label": "dhf_low",
        "range": [
          0,
          0.35
        ],
        "group_id": 52,
        "area": 3980,
        "mean_ndmi": 0.0,
        "mean_ndvi": 0.1
      },
      "geometry": {
        "type": "Polygon",
        "coordinates": [
          [
            [
              -105.11322765738367,
              30.825086361414648
            ],
            [
              -105.11313782585526,
              30.825086361414648
            ],
            [
              -105.11286833127002,
              30.825355855999888
            ],
            [
              -105.11277849974161,
              30.825355855999888
            ],
            [
              -105.1126886682132,
              30.8254456875283
            ],
            [
              -105.11241917362796,
              30.8254456875283
            ],
            [
              -105.11232934209954,
              30.825535519056714
            ],
            [
              -105.11223951057113,
              30.825535519056714
            ],
            [
              -105.11214967904272,
              30.825625350585128
            ],
            [
              -105.1120598475143,
              30.825625350585128
            ],
            [
              -105.11179035292906,
              30.825894845170367
            ],
            [
              -105.11179035292906,
              30.82598467669878
            ],
            [
              -105.11161068987224,
              30.826164339755607
            ],
            [
              -105.11152085834382,
              30.826164339755607
            ],
            [
              -105.11143102681541,
              30.82625417128402
            ],
            [
              -105.111341195287,
              30.82625417128402
            ],
            [
              -105.11116153223017,
              30.826433834340847
            ],
            [
              -105.11107170070176,
              30.826433834340847
            ],
            [
              -105.11098186917334,
              30.826344002812434
            ],
            [
              -105.11098186917334,
              30.82625417128402
            ],
            [
              -105.11116153223017,
              30.82625417128402
            ],
            [
              -105.11125136375858,
              30.826164339755607
            ],
            [
              -105.111341195287,
              30.826164339755607
            ],
            [
              -105.11143102681541,
              30.826074508227194
            ],
            [
              -105.11152085834382,
              30.826074508227194
            ],
            [
              -105.11161068987224,
              30.82598467669878
            ],
            [
              -105.11161068987224,
              30.825894845170367
            ],
            [
              -105.11170052140065,
              30.825805013641954
            ],
            [
              -105.11170052140065,
              30.82571518211354
            ],
            [
              -105.11188018445748,
              30.825535519056714
            ],
            [
              -105.1120598475143,
              30.825535519056714
            ],
            [
              -105.11214967904272,
              30.8254456875283
            ],
            [
              -105.11223951057113,
              30.8254456875283
            ],
            [
              -105.11232934209954,
              30.825355855999888
            ],
            [
              -105.11241917362796,
              30.825355855999888
            ],
            [
              -105.11250900515637,
              30.825266024471475
            ],
            [
              -105.1126886682132,
              30.825266024471475
            ],
            [
              -105.11277849974161,
              30.82517619294306
            ],
            [
              -105.11286833127002,
              30.82517619294306
            ],
            [
              -105.11295816279844,
              30.825086361414648
            ],
            [
              -105.11304799432685,
              30.825086361414648
            ],
            [
              -105.11313782585526,
              30.824996529886235
            ],
            [
              -105.11322765738367,
              30.824996529886235
            ],
            [
              -105.11322765738367,
              30.825086361414648
            ]
          ]
        ]
      }
    },
    {
      "type": "Feature",
      "properties": {
        "label": "dhf_low",
        "range": [
          0,
          0.35
        ],
        "group_id": 54,
        "area": 898,
        "mean_ndmi": 0.0,
        "mean_ndvi": 0.1
      },
      "geometry": {
        "type": "Polygon",
        "coordinates": [
          [
            [
              -105.11295816279844,
              30.836674628579956
            ],
            [
              -105.11286833127002,
              30.836674628579956
            ],
            [
              -105.11277849974161,
              30.83676446010837
            ],
            [
              -105.1126886682132,
              30.83676446010837
            ],
            [
              -105.11259883668478,
              30.836854291636783
            ],
            [
              -105.11259883668478,
              30.836944123165196
            ],
            [
              -105.11250900515637,
              30.83703395469361
            ],
            [
              -105.11250900515637,
              30.837123786222023
            ],
            [
              -105.11232934209954,
              30.837123786222023
            ],
            [
              -105.11232934209954,
              30.83703395469361
            ],
            [
              -105.11250900515637,
              30.836854291636783
            ],
            [
              -105.11250900515637,
              30.83676446010837
            ],
            [
              -105.11259883668478,
              30.83676446010837
            ],
            [
              -105.1126886682132,
              30.836674628579956
            ],
            [
              -105.11277849974161,
              30.836674628579956
            ],
            [
              -105.11286833127002,
              30.836584797051543
            ],
            [
              -105.11295816279844,
              30.836584797051543
            ],
            [
              -105.11295816279844,
              30.836674628579956
            ]
          ]
        ]
      }
    },
    {
      "type": "Feature",
      "properties": {
        "label": "dhf_low",
        "range": [
          0,
          0.35
        ],
        "group_id": 55,
        "area": 2739,
        "mean_ndmi": 0.0,
        "mean_ndvi": 0.1
      },
      "geometry": {
        "type": "Polygon",
        "coordinates": [
          [
            [
              -105.11286833127002,
              30.829128780193244
            ],
            [
              -105.1126886682132,
              30.82930844325007
            ],
            [
              -105.1126886682132,
              30.829398274778484
            ],
            [
              -105.11214967904272,
              30.829937263948963
            ],
            [
              -105.11179035292906,
              30.829937263948963
            ],
            [
              -105.11170052140065,
              30.830027095477377
            ],
            [
              -105.11170052140065,
              30.83011692700579
            ],
            [
              -105.11152085834382,
              30.830296590062616
            ],
            [
              -105.11143102681541,
              30.830296590062616
            ],
            [
              -105.11143102681541,
              30.83011692700579
            ],
            [
              -105.11170052140065,
              30.82984743242055
            ],
            [
              -105.11197001598589,
              30.82984743242055
            ],
            [
              -105.1120598475143,
              30.829757600892137
            ],
            [
              -105.11214967904272,
              30.829757600892137
            ],
            [
              -105.11232934209954,
              30.82957793783531
            ],
            [
              -105.11232934209954,
              30.829488106306897
            ],
            [
              -105.11241917362796,
              30.829488106306897
            ],
            [
              -105.11250900515637,
              30.829398274778484
            ],
            [
              -105.11250900515637,
              30.82930844325007
            ],
            [
              -105.11259883668478,
              30.82930844325007
            ],
            [
              -105.1126886682132,
              30.829218611721657
            ],
            [
              -105.1126886682132,
              30.829128780193244
            ],
            [
              -105.11277849974161,
              30.82903894866483
            ],
            [
              -105.11286833127002,
              30.82903894866483
            ],
            [
              -105.11286833127002,
              30.829128780193244
            ]
          ]
        ]
      }
    },
    {
      "type": "Feature",
      "properties": {
        "label": "dhf_low",
        "range": [
          0,
          0.35
        ],
        "group_id": 60,
        "area": 1412,
        "mean_ndmi": -0.0,
        "mean_ndvi": 0.1
      },
      "geometry": {
        "type": "Polygon",
        "coordinates": [
          [
            [
              -105.11223951057113,
              30.839998395131246
            ],
            [
              -105.11214967904272,
              30.839998395131246
            ],
            [
              -105.11197001598589,
              30.840178058188073
            ],
            [
              -105.11197001598589,
              30.840267889716486
            ],
            [
              -105.11188018445748,
              30.8403577212449
            ],
            [
              -105.11143102681541,
              30.8403577212449
            ],
            [
              -105.11143102681541,
              30.840267889716486
            ],
            [
              -105.11170052140065,
              30.840267889716486
            ],
            [
              -105.11188018445748,
              30.84008822665966
            ],
            [
              -105.11188018445748,
              30.839998395131246
            ],
            [
              -105.11197001598589,
              30.839998395131246
            ],
            [
              -105.11214967904272,
              30.83981873207442
            ],
            [
              -105.11223951057113,
              30.83981873207442
            ],
            [
              -105.11223951057113,
              30.839998395131246
            ]
          ]
        ]
      }
    },
    {
      "type": "Feature",
      "properties": {
        "label": "dhf_low",
        "range": [
          0,
          0.35
        ],
        "group_id": 62,
        "area": 984,
        "mean_ndmi": -0.02,
        "mean_ndvi": 0.11
      },
      "geometry": {
        "type": "Polygon",
        "coordinates": [
          [
            [
              -105.1120598475143,
              30.83568648176741
            ],
            [
              -105.11197001598589,
              30.835776313295824
            ],
            [
              -105.11197001598589,
              30.835866144824237
            ],
            [
              -105.11179035292906,
              30.836045807881064
            ],
            [
              -105.11179035292906,
              30.836135639409477
            ],
            [
              -105.11161068987224,
              30.836135639409477
            ],
            [
              -105.11161068987224,
              30.836045807881064
            ],
            [
              -105.11179035292906,
              30.835866144824237
            ],
            [
              -105.11179035292906,
              30.835776313295824
            ],
            [
              -105.11197001598589,
              30.835596650238998
            ],
            [
              -105.1120598475143,
              30.835596650238998
            ],
            [
              -105.1120598475143,
              30.83568648176741
            ]
          ]
        ]
      }
    },
    {
      "type": "Feature",
      "properties": {
        "label": "dhf_low",
        "range": [
          0,
          0.35
        ],
        "group_id": 64,
        "area": 1925,
        "mean_ndmi": 0.0,
        "mean_ndvi": 0.1
      },
      "geometry": {
        "type": "Polygon",
        "coordinates": [
          [
            [
              -105.1120598475143,
              30.82427787765893
            ],
            [
              -105.11188018445748,
              30.824457540715755
            ],
            [
              -105.11188018445748,
              30.82454737224417
            ],
            [
              -105.11179035292906,
              30.82454737224417
            ],
            [
              -105.11152085834382,
              30.82481686682941
            ],
            [
              -105.11143102681541,
              30.82481686682941
            ],
            [
              -105.111341195287,
              30.82490669835782
            ],
            [
              -105.11098186917334,
              30.82490669835782
            ],
            [
              -105.11098186917334,
              30.82481686682941
            ],
            [
              -105.11116153223017,
              30.82481686682941
            ],
            [
              -105.11125136375858,
              30.824727035300995
            ],
            [
              -105.111341195287,
              30.824727035300995
            ],
            [
              -105.11152085834382,
              30.82454737224417
            ],
            [
              -105.11161068987224,
              30.82454737224417
            ],
            [
              -105.11197001598589,
              30.824188046130516
            ],
            [
              -105.1120598475143,
              30.824188046130516
            ],
            [
              -105.1120598475143,
              30.82427787765893
            ]
          ]
        ]
      }
    },
    {
      "type": "Feature",
      "properties": {
        "label": "dhf_low",
        "range": [
          0,
          0.35
        ],
        "group_id": 67,
        "area": 1198,
        "mean_ndmi": -0.0,
        "mean_ndvi": 0.1
      },
      "geometry": {
        "type": "Polygon",
        "coordinates": [
          [
            [
              -105.11197001598589,
              30.82849995949435
            ],
            [
              -105.11179035292906,
              30.82849995949435
            ],
            [
              -105.11170052140065,
              30.828589791022765
            ],
            [
              -105.11170052140065,
              30.828679622551178
            ],
            [
              -105.11152085834382,
              30.828679622551178
            ],
            [
              -105.11143102681541,
              30.82876945407959
            ],
            [
              -105.11143102681541,
              30.828859285608004
            ],
            [
              -105.11116153223017,
              30.828859285608004
            ],
            [
              -105.11116153223017,
              30.82876945407959
            ],
            [
              -105.11125136375858,
              30.82876945407959
            ],
            [
              -105.11143102681541,
              30.828589791022765
            ],
            [
              -105.11152085834382,
              30.828589791022765
            ],
            [
              -105.11170052140065,
              30.828410127965938
            ],
            [
              -105.11197001598589,
              30.828410127965938
            ],
            [
              -105.11197001598589,
              30.82849995949435
            ]
          ]
        ]
      }
    },
    {
      "type": "Feature",
      "properties": {
        "label": "dhf_low",
        "range": [
          0,
          0.35
        ],
        "group_id": 68,
        "area": 1412,
        "mean_ndmi": 0.0,
        "mean_ndvi": 0.11
      },
      "geometry": {
        "type": "Polygon",
        "coordinates": [
          [
            [
              -105.11188018445748,
              30.83676446010837
            ],
            [
              -105.11179035292906,
              30.836854291636783
            ],
            [
              -105.11179035292906,
              30.836944123165196
            ],
            [
              -105.11170052140065,
              30.83703395469361
            ],
            [
              -105.11170052140065,
              30.837123786222023
            ],
            [
              -105.11161068987224,
              30.837213617750436
            ],
            [
              -105.11161068987224,
              30.83730344927885
            ],
            [
              -105.11152085834382,
              30.837393280807262
            ],
            [
              -105.11152085834382,
              30.837483112335676
            ],
            [
              -105.11143102681541,
              30.837483112335676
            ],
            [
              -105.11143102681541,
              30.837213617750436
            ],
            [
              -105.11152085834382,
              30.837123786222023
            ],
            [
              -105.11152085834382,
              30.83703395469361
            ],
            [
              -105.11161068987224,
              30.836944123165196
            ],
            [
              -105.11161068987224,
              30.836854291636783
            ],
            [
              -105.11170052140065,
              30.83676446010837
            ],
            [
              -105.11170052140065,
              30.836674628579956
            ],
            [
              -105.11188018445748,
              30.836674628579956
            ],
            [
              -105.11188018445748,
              30.83676446010837
            ]
          ]
        ]
      }
    },
    {
      "type": "Feature",
      "properties": {
        "label": "dhf_low",
        "range": [
          0,
          0.35
        ],
        "group_id": 71,
        "area": 1583,
        "mean_ndmi": 0.0,
        "mean_ndvi": 0.1
      },
      "geometry": {
        "type": "Polygon",
        "coordinates": [
          [
            [
              -105.11170052140065,
              30.832542378272947
            ],
            [
              -105.11143102681541,
              30.832811872858187
            ],
            [
              -105.11143102681541,
              30.8329017043866
            ],
            [
              -105.11116153223017,
              30.83317119897184
            ],
            [
              -105.11116153223017,
              30.833261030500253
            ],
            [
              -105.11107170070176,
              30.833261030500253
            ],
            [
              -105.11107170070176,
              30.832991535915014
            ],
            [
              -105.11143102681541,
              30.83263220980136
            ],
            [
              -105.11143102681541,
              30.832542378272947
            ],
            [
              -105.11152085834382,
              30.832542378272947
            ],
            [
              -105.11161068987224,
              30.832452546744534
            ],
            [
              -105.11170052140065,
              30.832452546744534
            ],
            [
              -105.11170052140065,
              30.832542378272947
            ]
          ]
        ]
      }
    },
    {
      "type": "Feature",
      "properties": {
        "label": "dhf_low",
        "range": [
          0,
          0.35
        ],
        "group_id": 72,
        "area": 941,
        "mean_ndmi": 0.0,
        "mean_ndvi": 0.11
      },
      "geometry": {
        "type": "Polygon",
        "coordinates": [
          [
            [
              -105.11170052140065,
              30.81736084997111
            ],
            [
              -105.11161068987224,
              30.81736084997111
            ],
            [
              -105.11152085834382,
              30.817450681499523
            ],
            [
              -105.11143102681541,
              30.817450681499523
            ],
            [
              -105.11125136375858,
              30.81763034455635
            ],
            [
              -105.11098186917334,
              30.81763034455635
            ],
            [
              -105.11098186917334,
              30.817540513027936
            ],
            [
              -105.11107170070176,
              30.817540513027936
            ],
            [
              -105.11116153223017,
              30.817450681499523
            ],
            [
              -105.11125136375858,
              30.817450681499523
            ],
            [
              -105.111341195287,
              30.81736084997111
            ],
            [
              -105.11152085834382,
              30.81736084997111
            ],
            [
              -105.11161068987224,
              30.817271018442696
            ],
            [
              -105.11170052140065,
              30.817271018442696
            ],
            [
              -105.11170052140065,
              30.81736084997111
            ]
          ]
        ]
      }
    },
    {
      "type": "Feature",
      "properties": {
        "label": "dhf_low",
        "range": [
          0,
          0.35
        ],
        "group_id": 73,
        "area": 1326,
        "mean_ndmi": -0.01,
        "mean_ndvi": 0.1
      },
      "geometry": {
        "type": "Polygon",
        "coordinates": [
          [
            [
              -105.11143102681541,
              30.836315302466303
            ],
            [
              -105.11125136375858,
              30.83649496552313
            ],
            [
              -105.11116153223017,
              30.83649496552313
            ],
            [
              -105.11089203764493,
              30.83676446010837
            ],
            [
              -105.11080220611652,
              30.83676446010837
            ],
            [
              -105.11080220611652,
              30.836584797051543
            ],
            [
              -105.11098186917334,
              30.836405133994717
            ],
            [
              -105.11107170070176,
              30.836405133994717
            ],
            [
              -105.11116153223017,
              30.836315302466303
            ],
            [
              -105.11125136375858,
              30.836315302466303
            ],
            [
              -105.111341195287,
              30.83622547093789
            ],
            [
              -105.11143102681541,
              30.83622547093789
            ],
            [
              -105.11143102681541,
              30.836315302466303
            ]
          ]
        ]
      }
    },
    {
      "type": "Feature",
      "properties": {
        "label": "dhf_low",
        "range": [
          0,
          0.35
        ],
        "group_id": 74,
        "area": 1241,
        "mean_ndmi": 0.0,
        "mean_ndvi": 0.1
      },
      "geometry": {
        "type": "Polygon",
        "coordinates": [
          [
            [
              -105.11143102681541,
              30.832183052159294
            ],
            [
              -105.111341195287,
              30.832272883687708
            ],
            [
              -105.111341195287,
              30.83236271521612
            ],
            [
              -105.11125136375858,
              30.832452546744534
            ],
            [
              -105.11116153223017,
              30.832452546744534
            ],
            [
              -105.11107170070176,
              30.832542378272947
            ],
            [
              -105.11107170070176,
              30.83263220980136
            ],
            [
              -105.11098186917334,
              30.83263220980136
            ],
            [
              -105.11089203764493,
              30.832722041329774
            ],
            [
              -105.1107123745881,
              30.832722041329774
            ],
            [
              -105.1107123745881,
              30.83263220980136
            ],
            [
              -105.11080220611652,
              30.83263220980136
            ],
            [
              -105.11098186917334,
              30.832452546744534
            ],
            [
              -105.11107170070176,
              30.832452546744534
            ],
            [
              -105.11116153223017,
              30.83236271521612
            ],
            [
              -105.11116153223017,
              30.832272883687708
            ],
            [
              -105.111341195287,
              30.83209322063088
            ],
            [
              -105.11143102681541,
              30.83209322063088
            ],
            [
              -105.11143102681541,
              30.832183052159294
            ]
          ]
        ]
      }
    },
    {
      "type": "Feature",
      "properties": {
        "label": "dhf_low",
        "range": [
          0,
          0.35
        ],
        "group_id": 76,
        "area": 1155,
        "mean_ndmi": 0.0,
        "mean_ndvi": 0.12
      },
      "geometry": {
        "type": "Polygon",
        "coordinates": [
          [
            [
              -105.11116153223017,
              30.81960663818144
            ],
            [
              -105.11107170070176,
              30.819696469709854
            ],
            [
              -105.11107170070176,
              30.819786301238267
            ],
            [
              -105.1107123745881,
              30.82014562735192
            ],
            [
              -105.1107123745881,
              30.820235458880333
            ],
            [
              -105.11062254305969,
              30.820235458880333
            ],
            [
              -105.11062254305969,
              30.82014562735192
            ],
            [
              -105.1107123745881,
              30.820055795823507
            ],
            [
              -105.1107123745881,
              30.819965964295093
            ],
            [
              -105.11089203764493,
              30.819786301238267
            ],
            [
              -105.11089203764493,
              30.81960663818144
            ],
            [
              -105.11098186917334,
              30.81960663818144
            ],
            [
              -105.11107170070176,
              30.819516806653027
            ],
            [
              -105.11116153223017,
              30.819516806653027
            ],
            [
              -105.11116153223017,
              30.81960663818144
            ]
          ]
        ]
      }
    },
    {
      "type": "Feature",
      "properties": {
        "label": "dhf_low",
        "range": [
          0,
          0.35
        ],
        "group_id": 77,
        "area": 3766,
        "mean_ndmi": 0.0,
        "mean_ndvi": 0.1
      },
      "geometry": {
        "type": "Polygon",
        "coordinates": [
          [
            [
              -105.11107170070176,
              30.831105073818335
            ],
            [
              -105.11062254305969,
              30.8315542314604
            ],
            [
              -105.11053271153128,
              30.8315542314604
            ],
            [
              -105.10981405930397,
              30.832272883687708
            ],
            [
              -105.10981405930397,
              30.83236271521612
            ],
            [
              -105.10963439624715,
              30.832542378272947
            ],
            [
              -105.10963439624715,
              30.83263220980136
            ],
            [
              -105.10954456471873,
              30.83263220980136
            ],
            [
              -105.10954456471873,
              30.83236271521612
            ],
            [
              -105.10990389083238,
              30.832003389102468
            ],
            [
              -105.10990389083238,
              30.831913557574055
            ],
            [
              -105.1099937223608,
              30.83182372604564
            ],
            [
              -105.11008355388921,
              30.83182372604564
            ],
            [
              -105.11017338541762,
              30.831733894517228
            ],
            [
              -105.11017338541762,
              30.831644062988815
            ],
            [
              -105.11035304847445,
              30.83146439993199
            ],
            [
              -105.11044288000286,
              30.83146439993199
            ],
            [
              -105.11080220611652,
              30.831105073818335
            ],
            [
              -105.11089203764493,
              30.831105073818335
            ],
            [
              -105.11098186917334,
              30.831015242289922
            ],
            [
              -105.11107170070176,
              30.831015242289922
            ],
            [
              -105.11107170070176,
              30.831105073818335
            ]
          ]
        ]
      }
    },
    {
      "type": "Feature",
      "properties": {
        "label": "dhf_low",
        "range": [
          0,
          0.35
        ],
        "group_id": 81,
        "area": 941,
        "mean_ndmi": 0.0,
        "mean_ndvi": 0.1
      },
      "geometry": {
        "type": "Polygon",
        "coordinates": [
          [
            [
              -105.11062254305969,
              30.827511812681806
            ],
            [
              -105.11053271153128,
              30.82760164421022
            ],
            [
              -105.11053271153128,
              30.827691475738632
            ],
            [
              -105.11044288000286,
              30.827691475738632
            ],
            [
              -105.11026321694604,
              30.82787113879546
            ],
            [
              -105.11017338541762,
              30.82787113879546
            ],
            [
              -105.11017338541762,
              30.827691475738632
            ],
            [
              -105.11026321694604,
              30.82760164421022
            ],
            [
              -105.11035304847445,
              30.82760164421022
            ],
            [
              -105.11053271153128,
              30.827421981153392
            ],
            [
              -105.11062254305969,
              30.827421981153392
            ],
            [
              -105.11062254305969,
              30.827511812681806
            ]
          ]
        ]
      }
    },
    {
      "type": "Feature",
      "properties": {
        "label": "dhf_low",
        "range": [
          0,
          0.35
        ],
        "group_id": 82,
        "area": 3209,
        "mean_ndmi": -0.0,
        "mean_ndvi": 0.1
      },
      "geometry": {
        "type": "Polygon",
        "coordinates": [
          [
            [
              -105.11053271153128,
              30.83811193303457
            ],
            [
              -105.11017338541762,
              30.83847125914822
            ],
            [
              -105.11017338541762,
              30.838561090676635
            ],
            [
              -105.11008355388921,
              30.838650922205048
            ],
            [
              -105.11008355388921,
              30.83927974290394
            ],
            [
              -105.11017338541762,
              30.839369574432354
            ],
            [
              -105.11017338541762,
              30.840178058188073
            ],
            [
              -105.11026321694604,
              30.840267889716486
            ],
            [
              -105.11026321694604,
              30.8403577212449
            ],
            [
              -105.11017338541762,
              30.8403577212449
            ],
            [
              -105.1099937223608,
              30.840178058188073
            ],
            [
              -105.1099937223608,
              30.839998395131246
            ],
            [
              -105.11008355388921,
              30.839908563602833
            ],
            [
              -105.11008355388921,
              30.839639069017593
            ],
            [
              -105.1099937223608,
              30.83954923748918
            ],
            [
              -105.1099937223608,
              30.838650922205048
            ],
            [
              -105.11008355388921,
              30.838561090676635
            ],
            [
              -105.11008355388921,
              30.83847125914822
            ],
            [
              -105.11017338541762,
              30.838381427619808
            ],
            [
              -105.11017338541762,
              30.83820176456298
            ],
            [
              -105.11026321694604,
              30.83811193303457
            ],
            [
              -105.11035304847445,
              30.83811193303457
            ],
            [
              -105.11044288000286,
              30.838022101506155
            ],
            [
              -105.11053271153128,
              30.838022101506155
            ],
            [
              -105.11053271153128,
              30.83811193303457
            ]
          ]
        ]
      }
    },
    {
      "type": "Feature",
      "properties": {
        "label": "dhf_low",
        "range": [
          0,
          0.35
        ],
        "group_id": 84,
        "area": 1326,
        "mean_ndmi": 0.0,
        "mean_ndvi": 0.1
      },
      "geometry": {
        "type": "Polygon",
        "coordinates": [
          [
            [
              -105.11044288000286,
              30.823020236261144
            ],
            [
              -105.11035304847445,
              30.823110067789557
            ],
            [
              -105.11035304847445,
              30.82319989931797
            ],
            [
              -105.11026321694604,
              30.823289730846383
            ],
            [
              -105.11026321694604,
              30.82346939390321
            ],
            [
              -105.11017338541762,
              30.823559225431623
            ],
            [
              -105.11017338541762,
              30.823649056960036
            ],
            [
              -105.10990389083238,
              30.823918551545276
            ],
            [
              -105.10981405930397,
              30.823918551545276
            ],
            [
              -105.10981405930397,
              30.82373888848845
            ],
            [
              -105.10990389083238,
              30.823649056960036
            ],
            [
              -105.1099937223608,
              30.823649056960036
            ],
            [
              -105.11017338541762,
              30.82346939390321
            ],
            [
              -105.11017338541762,
              30.823289730846383
            ],
            [
              -105.11026321694604,
              30.82319989931797
            ],
            [
              -105.11026321694604,
              30.823110067789557
            ],
            [
              -105.11035304847445,
              30.823020236261144
            ],
            [
              -105.11035304847445,
              30.82293040473273
            ],
            [
              -105.11044288000286,
              30.82293040473273
            ],
            [
              -105.11044288000286,
              30.823020236261144
            ]
          ]
        ]
      }
    },
    {
      "type": "Feature",
      "properties": {
        "label": "dhf_low",
        "range": [
          0,
          0.35
        ],
        "group_id": 90,
        "area": 856,
        "mean_ndmi": 0.0,
        "mean_ndvi": 0.1
      },
      "geometry": {
        "type": "Polygon",
        "coordinates": [
          [
            [
              -105.1099937223608,
              30.8118811267379
            ],
            [
              -105.10990389083238,
              30.8118811267379
            ],
            [
              -105.10963439624715,
              30.81215062132314
            ],
            [
              -105.10954456471873,
              30.81215062132314
            ],
            [
              -105.10954456471873,
              30.8118811267379
            ],
            [
              -105.10972422777556,
              30.8118811267379
            ],
            [
              -105.10981405930397,
              30.81179129520949
            ],
            [
              -105.1099937223608,
              30.81179129520949
            ],
            [
              -105.1099937223608,
              30.8118811267379
            ]
          ]
        ]
      }
    },
    {
      "type": "Feature",
      "properties": {
        "label": "dhf_low",
        "range": [
          0,
          0.35
        ],
        "group_id": 91,
        "area": 2739,
        "mean_ndmi": 0.0,
        "mean_ndvi": 0.1
      },
      "geometry": {
        "type": "Polygon",
        "coordinates": [
          [
            [
              -105.10990389083238,
              30.829937263948963
            ],
            [
              -105.10981405930397,
              30.829937263948963
            ],
            [
              -105.10945473319032,
              30.830296590062616
            ],
            [
              -105.1093649016619,
              30.830296590062616
            ],
            [
              -105.10909540707667,
              30.830566084647856
            ],
            [
              -105.10900557554825,
              30.830566084647856
            ],
            [
              -105.10891574401984,
              30.83065591617627
            ],
            [
              -105.10873608096301,
              30.83065591617627
            ],
            [
              -105.1086462494346,
              30.830745747704682
            ],
            [
              -105.10855641790619,
              30.830745747704682
            ],
            [
              -105.10855641790619,
              30.83065591617627
            ],
            [
              -105.1086462494346,
              30.830566084647856
            ],
            [
              -105.10873608096301,
              30.830566084647856
            ],
            [
              -105.10882591249143,
              30.830476253119443
            ],
            [
              -105.10891574401984,
              30.830476253119443
            ],
            [
              -105.10918523860508,
              30.830206758534203
            ],
            [
              -105.10927507013349,
              30.830206758534203
            ],
            [
              -105.10963439624715,
              30.82984743242055
            ],
            [
              -105.10990389083238,
              30.82984743242055
            ],
            [
              -105.10990389083238,
              30.829937263948963
            ]
          ]
        ]
      }
    },
    {
      "type": "Feature",
      "properties": {
        "label": "dhf_low",
        "range": [
          0,
          0.35
        ],
        "group_id": 93,
        "area": 1326,
        "mean_ndmi": 0.0,
        "mean_ndvi": 0.1
      },
      "geometry": {
        "type": "Polygon",
        "coordinates": [
          [
            [
              -105.10972422777556,
              30.828050801852285
            ],
            [
              -105.10963439624715,
              30.828050801852285
            ],
            [
              -105.10954456471873,
              30.8281406333807
            ],
            [
              -105.10945473319032,
              30.8281406333807
            ],
            [
              -105.1093649016619,
              30.828050801852285
            ],
            [
              -105.10900557554825,
              30.828050801852285
            ],
            [
              -105.10891574401984,
              30.8281406333807
            ],
            [
              -105.10873608096301,
              30.8281406333807
            ],
            [
              -105.10873608096301,
              30.827960970323872
            ],
            [
              -105.10972422777556,
              30.827960970323872
            ],
            [
              -105.10972422777556,
              30.828050801852285
            ]
          ]
        ]
      }
    },
    {
      "type": "Feature",
      "properties": {
        "label": "dhf_low",
        "range": [
          0,
          0.35
        ],
        "group_id": 95,
        "area": 855,
        "mean_ndmi": 0.0,
        "mean_ndvi": 0.1
      },
      "geometry": {
        "type": "Polygon",
        "coordinates": [
          [
            [
              -105.10963439624715,
              30.838381427619808
            ],
            [
              -105.10954456471873,
              30.83847125914822
            ],
            [
              -105.10945473319032,
              30.83847125914822
            ],
            [
              -105.1093649016619,
              30.838561090676635
            ],
            [
              -105.1093649016619,
              30.838650922205048
            ],
            [
              -105.10927507013349,
              30.83874075373346
            ],
            [
              -105.10918523860508,
              30.83874075373346
            ],
            [
              -105.10918523860508,
              30.838561090676635
            ],
            [
              -105.1093649016619,
              30.838381427619808
            ],
            [
              -105.10945473319032,
              30.838381427619808
            ],
            [
              -105.10954456471873,
              30.838291596091395
            ],
            [
              -105.10963439624715,
              30.838291596091395
            ],
            [
              -105.10963439624715,
              30.838381427619808
            ]
          ]
        ]
      }
    },
    {
      "type": "Feature",
      "properties": {
        "label": "dhf_low",
        "range": [
          0,
          0.35
        ],
        "group_id": 96,
        "area": 813,
        "mean_ndmi": 0.0,
        "mean_ndvi": 0.1
      },
      "geometry": {
        "type": "Polygon",
        "coordinates": [
          [
            [
              -105.10963439624715,
              30.837213617750436
            ],
            [
              -105.10945473319032,
              30.837393280807262
            ],
            [
              -105.10945473319032,
              30.837483112335676
            ],
            [
              -105.1093649016619,
              30.837483112335676
            ],
            [
              -105.1093649016619,
              30.837213617750436
            ],
            [
              -105.10945473319032,
              30.837123786222023
            ],
            [
              -105.10945473319032,
              30.83703395469361
            ],
            [
              -105.10963439624715,
              30.83703395469361
            ],
            [
              -105.10963439624715,
              30.837213617750436
            ]
          ]
        ]
      }
    },
    {
      "type": "Feature",
      "properties": {
        "label": "dhf_low",
        "range": [
          0,
          0.35
        ],
        "group_id": 98,
        "area": 941,
        "mean_ndmi": 0.0,
        "mean_ndvi": 0.1
      },
      "geometry": {
        "type": "Polygon",
        "coordinates": [
          [
            [
              -105.10963439624715,
              30.822481247090664
            ],
            [
              -105.10954456471873,
              30.822481247090664
            ],
            [
              -105.10927507013349,
              30.822750741675904
            ],
            [
              -105.10909540707667,
              30.822750741675904
            ],
            [
              -105.10909540707667,
              30.82266091014749
            ],
            [
              -105.10927507013349,
              30.822481247090664
            ],
            [
              -105.1093649016619,
              30.822481247090664
            ],
            [
              -105.10945473319032,
              30.82239141556225
            ],
            [
              -105.10963439624715,
              30.82239141556225
            ],
            [
              -105.10963439624715,
              30.822481247090664
            ]
          ]
        ]
      }
    },
    {
      "type": "Feature",
      "properties": {
        "label": "dhf_low",
        "range": [
          0,
          0.35
        ],
        "group_id": 101,
        "area": 1882,
        "mean_ndmi": -0.01,
        "mean_ndvi": 0.1
      },
      "geometry": {
        "type": "Polygon",
        "coordinates": [
          [
            [
              -105.1093649016619,
              30.837752606920915
            ],
            [
              -105.10909540707667,
              30.838022101506155
            ],
            [
              -105.10900557554825,
              30.838022101506155
            ],
            [
              -105.1086462494346,
              30.838381427619808
            ],
            [
              -105.10837675484936,
              30.838381427619808
            ],
            [
              -105.10837675484936,
              30.838291596091395
            ],
            [
              -105.10846658637777,
              30.838291596091395
            ],
            [
              -105.10882591249143,
              30.837932269977742
            ],
            [
              -105.10900557554825,
              30.837932269977742
            ],
            [
              -105.10927507013349,
              30.837662775392502
            ],
            [
              -105.1093649016619,
              30.837662775392502
            ],
            [
              -105.1093649016619,
              30.837752606920915
            ]
          ]
        ]
      }
    },
    {
      "type": "Feature",
      "properties": {
        "label": "dhf_low",
        "range": [
          0,
          0.35
        ],
        "group_id": 102,
        "area": 2653,
        "mean_ndmi": 0.0,
        "mean_ndvi": 0.1
      },
      "geometry": {
        "type": "Polygon",
        "coordinates": [
          [
            [
              -105.10918523860508,
              30.821313437221292
            ],
            [
              -105.10882591249143,
              30.821672763334945
            ],
            [
              -105.10873608096301,
              30.821672763334945
            ],
            [
              -105.1086462494346,
              30.82176259486336
            ],
            [
              -105.1086462494346,
              30.82185242639177
            ],
            [
              -105.10819709179253,
              30.822301584033838
            ],
            [
              -105.1080174287357,
              30.822301584033838
            ],
            [
              -105.1080174287357,
              30.822211752505424
            ],
            [
              -105.10846658637777,
              30.82176259486336
            ],
            [
              -105.10846658637777,
              30.821672763334945
            ],
            [
              -105.10855641790619,
              30.82158293180653
            ],
            [
              -105.10873608096301,
              30.82158293180653
            ],
            [
              -105.10909540707667,
              30.82122360569288
            ],
            [
              -105.10918523860508,
              30.82122360569288
            ],
            [
              -105.10918523860508,
              30.821313437221292
            ]
          ]
        ]
      }
    },
    {
      "type": "Feature",
      "properties": {
        "label": "dhf_low",
        "range": [
          0,
          0.35
        ],
        "group_id": 106,
        "area": 856,
        "mean_ndmi": 0.0,
        "mean_ndvi": 0.14
      },
      "geometry": {
        "type": "Polygon",
        "coordinates": [
          [
            [
              -105.10882591249143,
              30.81376758883458
            ],
            [
              -105.1086462494346,
              30.81376758883458
            ],
            [
              -105.10846658637777,
              30.813947251891406
            ],
            [
              -105.10810726026412,
              30.813947251891406
            ],
            [
              -105.10810726026412,
              30.813857420362993
            ],
            [
              -105.10828692332095,
              30.813857420362993
            ],
            [
              -105.10837675484936,
              30.81376758883458
            ],
            [
              -105.10855641790619,
              30.81376758883458
            ],
            [
              -105.1086462494346,
              30.813677757306166
            ],
            [
              -105.10882591249143,
              30.813677757306166
            ],
            [
              -105.10882591249143,
              30.81376758883458
            ]
          ]
        ]
      }
    },
    {
      "type": "Feature",
      "properties": {
        "label": "dhf_low",
        "range": [
          0,
          0.35
        ],
        "group_id": 108,
        "area": 1198,
        "mean_ndmi": -0.0,
        "mean_ndvi": 0.1
      },
      "geometry": {
        "type": "Polygon",
        "coordinates": [
          [
            [
              -105.1086462494346,
              30.839639069017593
            ],
            [
              -105.10855641790619,
              30.839728900546007
            ],
            [
              -105.10855641790619,
              30.83981873207442
            ],
            [
              -105.10837675484936,
              30.839998395131246
            ],
            [
              -105.10837675484936,
              30.84008822665966
            ],
            [
              -105.10828692332095,
              30.840178058188073
            ],
            [
              -105.10828692332095,
              30.840267889716486
            ],
            [
              -105.10819709179253,
              30.840267889716486
            ],
            [
              -105.10819709179253,
              30.84008822665966
            ],
            [
              -105.10828692332095,
              30.839998395131246
            ],
            [
              -105.10828692332095,
              30.83981873207442
            ],
            [
              -105.10855641790619,
              30.83954923748918
            ],
            [
              -105.1086462494346,
              30.83954923748918
            ],
            [
              -105.1086462494346,
              30.839639069017593
            ]
          ]
        ]
      }
    },
    {
      "type": "Feature",
      "properties": {
        "label": "dhf_low",
        "range": [
          0,
          0.35
        ],
        "group_id": 112,
        "area": 1840,
        "mean_ndmi": 0.0,
        "mean_ndvi": 0.1
      },
      "geometry": {
        "type": "Polygon",
        "coordinates": [
          [
            [
              -105.10855641790619,
              30.833530525085493
            ],
            [
              -105.10837675484936,
              30.833530525085493
            ],
            [
              -105.10828692332095,
              30.833620356613906
            ],
            [
              -105.10828692332095,
              30.83371018814232
            ],
            [
              -105.10819709179253,
              30.833800019670733
            ],
            [
              -105.10810726026412,
              30.833800019670733
            ],
            [
              -105.1080174287357,
              30.833889851199146
            ],
            [
              -105.1079275972073,
              30.833889851199146
            ],
            [
              -105.10783776567888,
              30.83397968272756
            ],
            [
              -105.10774793415047,
              30.83397968272756
            ],
            [
              -105.10765810262205,
              30.834069514255972
            ],
            [
              -105.10765810262205,
              30.8342491773128
            ],
            [
              -105.10756827109364,
              30.8342491773128
            ],
            [
              -105.10756827109364,
              30.83397968272756
            ],
            [
              -105.10774793415047,
              30.833800019670733
            ],
            [
              -105.10783776567888,
              30.833800019670733
            ],
            [
              -105.1079275972073,
              30.83371018814232
            ],
            [
              -105.1080174287357,
              30.83371018814232
            ],
            [
              -105.10819709179253,
              30.833530525085493
            ],
            [
              -105.10828692332095,
              30.833530525085493
            ],
            [
              -105.10837675484936,
              30.83344069355708
            ],
            [
              -105.10855641790619,
              30.83344069355708
            ],
            [
              -105.10855641790619,
              30.833530525085493
            ]
          ]
        ]
      }
    },
    {
      "type": "Feature",
      "properties": {
        "label": "dhf_low",
        "range": [
          0,
          0.35
        ],
        "group_id": 113,
        "area": 1326,
        "mean_ndmi": 0.0,
        "mean_ndvi": 0.11
      },
      "geometry": {
        "type": "Polygon",
        "coordinates": [
          [
            [
              -105.10855641790619,
              30.826074508227194
            ],
            [
              -105.10819709179253,
              30.826433834340847
            ],
            [
              -105.10819709179253,
              30.82652366586926
            ],
            [
              -105.10828692332095,
              30.826613497397673
            ],
            [
              -105.10828692332095,
              30.826703328926087
            ],
            [
              -105.10819709179253,
              30.826703328926087
            ],
            [
              -105.10819709179253,
              30.826613497397673
            ],
            [
              -105.10810726026412,
              30.82652366586926
            ],
            [
              -105.10810726026412,
              30.82625417128402
            ],
            [
              -105.10828692332095,
              30.826074508227194
            ],
            [
              -105.10837675484936,
              30.826074508227194
            ],
            [
              -105.10846658637777,
              30.82598467669878
            ],
            [
              -105.10846658637777,
              30.825894845170367
            ],
            [
              -105.10855641790619,
              30.825894845170367
            ],
            [
              -105.10855641790619,
              30.826074508227194
            ]
          ]
        ]
      }
    },
    {
      "type": "Feature",
      "properties": {
        "label": "dhf_low",
        "range": [
          0,
          0.35
        ],
        "group_id": 118,
        "area": 855,
        "mean_ndmi": 0.0,
        "mean_ndvi": 0.1
      },
      "geometry": {
        "type": "Polygon",
        "coordinates": [
          [
            [
              -105.1080174287357,
              30.825535519056714
            ],
            [
              -105.1079275972073,
              30.825535519056714
            ],
            [
              -105.10783776567888,
              30.825625350585128
            ],
            [
              -105.10783776567888,
              30.82571518211354
            ],
            [
              -105.10765810262205,
              30.825894845170367
            ],
            [
              -105.10756827109364,
              30.825894845170367
            ],
            [
              -105.10756827109364,
              30.82571518211354
            ],
            [
              -105.10774793415047,
              30.825535519056714
            ],
            [
              -105.10783776567888,
              30.825535519056714
            ],
            [
              -105.1079275972073,
              30.8254456875283
            ],
            [
              -105.1080174287357,
              30.8254456875283
            ],
            [
              -105.1080174287357,
              30.825535519056714
            ]
          ]
        ]
      }
    },
    {
      "type": "Feature",
      "properties": {
        "label": "dhf_low",
        "range": [
          0,
          0.35
        ],
        "group_id": 120,
        "area": 1583,
        "mean_ndmi": -0.0,
        "mean_ndvi": 0.1
      },
      "geometry": {
        "type": "Polygon",
        "coordinates": [
          [
            [
              -105.10783776567888,
              30.814665904118712
            ],
            [
              -105.10774793415047,
              30.814755735647125
            ],
            [
              -105.10774793415047,
              30.815564219402845
            ],
            [
              -105.10765810262205,
              30.815654050931258
            ],
            [
              -105.10765810262205,
              30.81574388245967
            ],
            [
              -105.10756827109364,
              30.815833713988084
            ],
            [
              -105.10747843956523,
              30.815833713988084
            ],
            [
              -105.10747843956523,
              30.815654050931258
            ],
            [
              -105.10765810262205,
              30.81547438787443
            ],
            [
              -105.10765810262205,
              30.814935398703952
            ],
            [
              -105.10756827109364,
              30.81484556717554
            ],
            [
              -105.10756827109364,
              30.814755735647125
            ],
            [
              -105.10765810262205,
              30.814755735647125
            ],
            [
              -105.10774793415047,
              30.814665904118712
            ],
            [
              -105.10774793415047,
              30.8145760725903
            ],
            [
              -105.10783776567888,
              30.8145760725903
            ],
            [
              -105.10783776567888,
              30.814665904118712
            ]
          ]
        ]
      }
    },
    {
      "type": "Feature",
      "properties": {
        "label": "dhf_low",
        "range": [
          0,
          0.35
        ],
        "group_id": 122,
        "area": 1369,
        "mean_ndmi": 0.0,
        "mean_ndvi": 0.1
      },
      "geometry": {
        "type": "Polygon",
        "coordinates": [
          [
            [
              -105.10774793415047,
              30.839369574432354
            ],
            [
              -105.10765810262205,
              30.839459405960767
            ],
            [
              -105.10765810262205,
              30.839639069017593
            ],
            [
              -105.10756827109364,
              30.839728900546007
            ],
            [
              -105.10756827109364,
              30.83981873207442
            ],
            [
              -105.10738860803681,
              30.839998395131246
            ],
            [
              -105.1072987765084,
              30.839998395131246
            ],
            [
              -105.1072987765084,
              30.83981873207442
            ],
            [
              -105.10756827109364,
              30.83954923748918
            ],
            [
              -105.10756827109364,
              30.839369574432354
            ],
            [
              -105.10765810262205,
              30.83927974290394
            ],
            [
              -105.10765810262205,
              30.839100079847114
            ],
            [
              -105.10774793415047,
              30.839100079847114
            ],
            [
              -105.10774793415047,
              30.839369574432354
            ]
          ]
        ]
      }
    },
    {
      "type": "Feature",
      "properties": {
        "label": "dhf_low",
        "range": [
          0,
          0.35
        ],
        "group_id": 125,
        "area": 2653,
        "mean_ndmi": 0.0,
        "mean_ndvi": 0.11
      },
      "geometry": {
        "type": "Polygon",
        "coordinates": [
          [
            [
              -105.10774793415047,
              30.813947251891406
            ],
            [
              -105.10765810262205,
              30.81403708341982
            ],
            [
              -105.10738860803681,
              30.81403708341982
            ],
            [
              -105.1072987765084,
              30.814126914948233
            ],
            [
              -105.10711911345157,
              30.814126914948233
            ],
            [
              -105.10693945039475,
              30.81430657800506
            ],
            [
              -105.10666995580951,
              30.81430657800506
            ],
            [
              -105.1065801242811,
              30.814396409533472
            ],
            [
              -105.10613096663903,
              30.814396409533472
            ],
            [
              -105.10604113511062,
              30.81430657800506
            ],
            [
              -105.10559197746855,
              30.81430657800506
            ],
            [
              -105.10559197746855,
              30.814216746476646
            ],
            [
              -105.10622079816744,
              30.814216746476646
            ],
            [
              -105.10631062969586,
              30.81430657800506
            ],
            [
              -105.10649029275268,
              30.81430657800506
            ],
            [
              -105.1065801242811,
              30.814216746476646
            ],
            [
              -105.10675978733792,
              30.814216746476646
            ],
            [
              -105.10684961886633,
              30.814126914948233
            ],
            [
              -105.10693945039475,
              30.814126914948233
            ],
            [
              -105.10702928192316,
              30.81403708341982
            ],
            [
              -105.1072987765084,
              30.81403708341982
            ],
            [
              -105.10738860803681,
              30.813947251891406
            ],
            [
              -105.10756827109364,
              30.813947251891406
            ],
            [
              -105.10765810262205,
              30.813857420362993
            ],
            [
              -105.10774793415047,
              30.813857420362993
            ],
            [
              -105.10774793415047,
              30.813947251891406
            ]
          ]
        ]
      }
    },
    {
      "type": "Feature",
      "properties": {
        "label": "dhf_low",
        "range": [
          0,
          0.35
        ],
        "group_id": 126,
        "area": 1326,
        "mean_ndmi": -0.01,
        "mean_ndvi": 0.1
      },
      "geometry": {
        "type": "Polygon",
        "coordinates": [
          [
            [
              -105.10774793415047,
              30.809994664641223
            ],
            [
              -105.10765810262205,
              30.810084496169637
            ],
            [
              -105.10765810262205,
              30.81017432769805
            ],
            [
              -105.10756827109364,
              30.810264159226463
            ],
            [
              -105.10756827109364,
              30.810533653811703
            ],
            [
              -105.10747843956523,
              30.810623485340116
            ],
            [
              -105.10747843956523,
              30.810892979925356
            ],
            [
              -105.10738860803681,
              30.810892979925356
            ],
            [
              -105.10738860803681,
              30.810533653811703
            ],
            [
              -105.10747843956523,
              30.81044382228329
            ],
            [
              -105.10747843956523,
              30.810084496169637
            ],
            [
              -105.10756827109364,
              30.809994664641223
            ],
            [
              -105.10756827109364,
              30.80990483311281
            ],
            [
              -105.10774793415047,
              30.80990483311281
            ],
            [
              -105.10774793415047,
              30.809994664641223
            ]
          ]
        ]
      }
    },
    {
      "type": "Feature",
      "properties": {
        "label": "dhf_low",
        "range": [
          0,
          0.35
        ],
        "group_id": 131,
        "area": 1283,
        "mean_ndmi": 0.0,
        "mean_ndvi": 0.1
      },
      "geometry": {
        "type": "Polygon",
        "coordinates": [
          [
            [
              -105.10738860803681,
              30.83182372604564
            ],
            [
              -105.1072987765084,
              30.831913557574055
            ],
            [
              -105.1072987765084,
              30.832003389102468
            ],
            [
              -105.10720894497999,
              30.832003389102468
            ],
            [
              -105.10702928192316,
              30.832183052159294
            ],
            [
              -105.10702928192316,
              30.832272883687708
            ],
            [
              -105.10693945039475,
              30.83236271521612
            ],
            [
              -105.10693945039475,
              30.832452546744534
            ],
            [
              -105.10684961886633,
              30.832452546744534
            ],
            [
              -105.10684961886633,
              30.832272883687708
            ],
            [
              -105.10693945039475,
              30.832183052159294
            ],
            [
              -105.10693945039475,
              30.832003389102468
            ],
            [
              -105.10702928192316,
              30.831913557574055
            ],
            [
              -105.10711911345157,
              30.831913557574055
            ],
            [
              -105.1072987765084,
              30.831733894517228
            ],
            [
              -105.10738860803681,
              30.831733894517228
            ],
            [
              -105.10738860803681,
              30.83182372604564
            ]
          ]
        ]
      }
    },
    {
      "type": "Feature",
      "properties": {
        "label": "dhf_low",
        "range": [
          0,
          0.35
        ],
        "group_id": 132,
        "area": 984,
        "mean_ndmi": 0.0,
        "mean_ndvi": 0.1
      },
      "geometry": {
        "type": "Polygon",
        "coordinates": [
          [
            [
              -105.10738860803681,
              30.81484556717554
            ],
            [
              -105.10711911345157,
              30.81484556717554
            ],
            [
              -105.10693945039475,
              30.815025230232365
            ],
            [
              -105.10693945039475,
              30.81511506176078
            ],
            [
              -105.10666995580951,
              30.81511506176078
            ],
            [
              -105.10666995580951,
              30.815025230232365
            ],
            [
              -105.10675978733792,
              30.815025230232365
            ],
            [
              -105.10702928192316,
              30.814755735647125
            ],
            [
              -105.10738860803681,
              30.814755735647125
            ],
            [
              -105.10738860803681,
              30.81484556717554
            ]
          ]
        ]
      }
    },
    {
      "type": "Feature",
      "properties": {
        "label": "dhf_low",
        "range": [
          0,
          0.35
        ],
        "group_id": 133,
        "area": 1241,
        "mean_ndmi": 0.0,
        "mean_ndvi": 0.1
      },
      "geometry": {
        "type": "Polygon",
        "coordinates": [
          [
            [
              -105.1072987765084,
              30.829128780193244
            ],
            [
              -105.10720894497999,
              30.829218611721657
            ],
            [
              -105.10720894497999,
              30.82930844325007
            ],
            [
              -105.10711911345157,
              30.82930844325007
            ],
            [
              -105.10702928192316,
              30.829398274778484
            ],
            [
              -105.10702928192316,
              30.829488106306897
            ],
            [
              -105.10684961886633,
              30.829667769363724
            ],
            [
              -105.10675978733792,
              30.829667769363724
            ],
            [
              -105.10675978733792,
              30.829488106306897
            ],
            [
              -105.10720894497999,
              30.82903894866483
            ],
            [
              -105.1072987765084,
              30.82903894866483
            ],
            [
              -105.1072987765084,
              30.829128780193244
            ]
          ]
        ]
      }
    },
    {
      "type": "Feature",
      "properties": {
        "label": "dhf_low",
        "range": [
          0,
          0.35
        ],
        "group_id": 135,
        "area": 2696,
        "mean_ndmi": 0.0,
        "mean_ndvi": 0.1
      },
      "geometry": {
        "type": "Polygon",
        "coordinates": [
          [
            [
              -105.10702928192316,
              30.81655236621539
            ],
            [
              -105.10693945039475,
              30.81655236621539
            ],
            [
              -105.10684961886633,
              30.816642197743803
            ],
            [
              -105.10675978733792,
              30.816642197743803
            ],
            [
              -105.1065801242811,
              30.81682186080063
            ],
            [
              -105.10649029275268,
              30.81682186080063
            ],
            [
              -105.10640046122427,
              30.816911692329043
            ],
            [
              -105.10640046122427,
              30.817001523857456
            ],
            [
              -105.10622079816744,
              30.817001523857456
            ],
            [
              -105.10613096663903,
              30.81709135538587
            ],
            [
              -105.10604113511062,
              30.81709135538587
            ],
            [
              -105.1059513035822,
              30.817181186914283
            ],
            [
              -105.10577164052538,
              30.817181186914283
            ],
            [
              -105.10550214594014,
              30.817450681499523
            ],
            [
              -105.1052326513549,
              30.817450681499523
            ],
            [
              -105.1052326513549,
              30.81736084997111
            ],
            [
              -105.10532248288331,
              30.81736084997111
            ],
            [
              -105.10550214594014,
              30.817181186914283
            ],
            [
              -105.10559197746855,
              30.817181186914283
            ],
            [
              -105.10568180899696,
              30.81709135538587
            ],
            [
              -105.10577164052538,
              30.81709135538587
            ],
            [
              -105.10586147205379,
              30.817001523857456
            ],
            [
              -105.10604113511062,
              30.817001523857456
            ],
            [
              -105.10613096663903,
              30.816911692329043
            ],
            [
              -105.10622079816744,
              30.816911692329043
            ],
            [
              -105.10640046122427,
              30.816732029272217
            ],
            [
              -105.10649029275268,
              30.816732029272217
            ],
            [
              -105.1065801242811,
              30.816642197743803
            ],
            [
              -105.10666995580951,
              30.816642197743803
            ],
            [
              -105.10675978733792,
              30.81655236621539
            ],
            [
              -105.10684961886633,
              30.81655236621539
            ],
            [
              -105.10693945039475,
              30.816462534686977
            ],
            [
              -105.10702928192316,
              30.816462534686977
            ],
            [
              -105.10702928192316,
              30.81655236621539
            ]
          ]
        ]
      }
    },
    {
      "type": "Feature",
      "properties": {
        "label": "dhf_low",
        "range": [
          0,
          0.35
        ],
        "group_id": 136,
        "area": 898,
        "mean_ndmi": -0.01,
        "mean_ndvi": 0.11
      },
      "geometry": {
        "type": "Polygon",
        "coordinates": [
          [
            [
              -105.10684961886633,
              30.832722041329774
            ],
            [
              -105.10675978733792,
              30.832811872858187
            ],
            [
              -105.10675978733792,
              30.8329017043866
            ],
            [
              -105.10649029275268,
              30.83317119897184
            ],
            [
              -105.10649029275268,
              30.833261030500253
            ],
            [
              -105.10640046122427,
              30.833261030500253
            ],
            [
              -105.10640046122427,
              30.832991535915014
            ],
            [
              -105.10649029275268,
              30.832991535915014
            ],
            [
              -105.10675978733792,
              30.832722041329774
            ],
            [
              -105.10675978733792,
              30.83263220980136
            ],
            [
              -105.10684961886633,
              30.83263220980136
            ],
            [
              -105.10684961886633,
              30.832722041329774
            ]
          ]
        ]
      }
    },
    {
      "type": "Feature",
      "properties": {
        "label": "dhf_low",
        "range": [
          0,
          0.35
        ],
        "group_id": 140,
        "area": 1369,
        "mean_ndmi": -0.01,
        "mean_ndvi": 0.12
      },
      "geometry": {
        "type": "Polygon",
        "coordinates": [
          [
            [
              -105.10666995580951,
              30.828050801852285
            ],
            [
              -105.1065801242811,
              30.8281406333807
            ],
            [
              -105.1065801242811,
              30.828320296437525
            ],
            [
              -105.10649029275268,
              30.828410127965938
            ],
            [
              -105.10649029275268,
              30.828589791022765
            ],
            [
              -105.10640046122427,
              30.828679622551178
            ],
            [
              -105.10640046122427,
              30.82876945407959
            ],
            [
              -105.10622079816744,
              30.828949117136418
            ],
            [
              -105.10622079816744,
              30.82903894866483
            ],
            [
              -105.10613096663903,
              30.829128780193244
            ],
            [
              -105.10613096663903,
              30.829218611721657
            ],
            [
              -105.10604113511062,
              30.829218611721657
            ],
            [
              -105.10604113511062,
              30.829128780193244
            ],
            [
              -105.10613096663903,
              30.82903894866483
            ],
            [
              -105.10613096663903,
              30.828949117136418
            ],
            [
              -105.10622079816744,
              30.828859285608004
            ],
            [
              -105.10622079816744,
              30.82876945407959
            ],
            [
              -105.10631062969586,
              30.828679622551178
            ],
            [
              -105.10631062969586,
              30.828589791022765
            ],
            [
              -105.10640046122427,
              30.82849995949435
            ],
            [
              -105.10640046122427,
              30.828410127965938
            ],
            [
              -105.10649029275268,
              30.828320296437525
            ],
            [
              -105.10649029275268,
              30.8281406333807
            ],
            [
              -105.1065801242811,
              30.828050801852285
            ],
            [
              -105.1065801242811,
              30.827960970323872
            ],
            [
              -105.10666995580951,
              30.827960970323872
            ],
            [
              -105.10666995580951,
              30.828050801852285
            ]
          ]
        ]
      }
    },
    {
      "type": "Feature",
      "properties": {
        "label": "dhf_low",
        "range": [
          0,
          0.35
        ],
        "group_id": 142,
        "area": 2567,
        "mean_ndmi": 0.0,
        "mean_ndvi": 0.1
      },
      "geometry": {
        "type": "Polygon",
        "coordinates": [
          [
            [
              -105.10640046122427,
              30.83514749259693
            ],
            [
              -105.10604113511062,
              30.83514749259693
            ],
            [
              -105.10559197746855,
              30.835596650238998
            ],
            [
              -105.10559197746855,
              30.83568648176741
            ],
            [
              -105.10541231441172,
              30.835866144824237
            ],
            [
              -105.10541231441172,
              30.83595597635265
            ],
            [
              -105.10532248288331,
              30.836045807881064
            ],
            [
              -105.10514281982648,
              30.836045807881064
            ],
            [
              -105.10514281982648,
              30.83595597635265
            ],
            [
              -105.10532248288331,
              30.835776313295824
            ],
            [
              -105.10532248288331,
              30.83568648176741
            ],
            [
              -105.10559197746855,
              30.83541698718217
            ],
            [
              -105.10559197746855,
              30.835327155653758
            ],
            [
              -105.10577164052538,
              30.83514749259693
            ],
            [
              -105.10586147205379,
              30.83514749259693
            ],
            [
              -105.1059513035822,
              30.835057661068518
            ],
            [
              -105.10640046122427,
              30.835057661068518
            ],
            [
              -105.10640046122427,
              30.83514749259693
            ]
          ]
        ]
      }
    },
    {
      "type": "Feature",
      "properties": {
        "label": "dhf_low",
        "range": [
          0,
          0.35
        ],
        "group_id": 145,
        "area": 1241,
        "mean_ndmi": 0.0,
        "mean_ndvi": 0.1
      },
      "geometry": {
        "type": "Polygon",
        "coordinates": [
          [
            [
              -105.10640046122427,
              30.812509947436794
            ],
            [
              -105.10631062969586,
              30.812599778965208
            ],
            [
              -105.10631062969586,
              30.81268961049362
            ],
            [
              -105.10613096663903,
              30.81268961049362
            ],
            [
              -105.10604113511062,
              30.812779442022034
            ],
            [
              -105.10604113511062,
              30.812869273550447
            ],
            [
              -105.10577164052538,
              30.812869273550447
            ],
            [
              -105.10568180899696,
              30.81295910507886
            ],
            [
              -105.10559197746855,
              30.81295910507886
            ],
            [
              -105.10550214594014,
              30.813048936607274
            ],
            [
              -105.10541231441172,
              30.813048936607274
            ],
            [
              -105.10541231441172,
              30.81295910507886
            ],
            [
              -105.10550214594014,
              30.81295910507886
            ],
            [
              -105.10559197746855,
              30.812869273550447
            ],
            [
              -105.10568180899696,
              30.812869273550447
            ],
            [
              -105.10577164052538,
              30.812779442022034
            ],
            [
              -105.10586147205379,
              30.812779442022034
            ],
            [
              -105.10604113511062,
              30.812599778965208
            ],
            [
              -105.10622079816744,
              30.812599778965208
            ],
            [
              -105.10631062969586,
              30.812509947436794
            ],
            [
              -105.10631062969586,
              30.81242011590838
            ],
            [
              -105.10640046122427,
              30.81242011590838
            ],
            [
              -105.10640046122427,
              30.812509947436794
            ]
          ]
        ]
      }
    },
    {
      "type": "Feature",
      "properties": {
        "label": "dhf_low",
        "range": [
          0,
          0.35
        ],
        "group_id": 146,
        "area": 770,
        "mean_ndmi": 0.0,
        "mean_ndvi": 0.1
      },
      "geometry": {
        "type": "Polygon",
        "coordinates": [
          [
            [
              -105.10631062969586,
              30.83981873207442
            ],
            [
              -105.10622079816744,
              30.83981873207442
            ],
            [
              -105.10622079816744,
              30.839459405960767
            ],
            [
              -105.10613096663903,
              30.839369574432354
            ],
            [
              -105.10613096663903,
              30.839100079847114
            ],
            [
              -105.10622079816744,
              30.839100079847114
            ],
            [
              -105.10622079816744,
              30.83927974290394
            ],
            [
              -105.10631062969586,
              30.839369574432354
            ],
            [
              -105.10631062969586,
              30.83981873207442
            ]
          ]
        ]
      }
    },
    {
      "type": "Feature",
      "properties": {
        "label": "dhf_low",
        "range": [
          0,
          0.35
        ],
        "group_id": 151,
        "area": 856,
        "mean_ndmi": 0.0,
        "mean_ndvi": 0.1
      },
      "geometry": {
        "type": "Polygon",
        "coordinates": [
          [
            [
              -105.10568180899696,
              30.821133774164466
            ],
            [
              -105.10559197746855,
              30.82122360569288
            ],
            [
              -105.10559197746855,
              30.821313437221292
            ],
            [
              -105.10550214594014,
              30.821403268749705
            ],
            [
              -105.10550214594014,
              30.82149310027812
            ],
            [
              -105.10541231441172,
              30.82158293180653
            ],
            [
              -105.10541231441172,
              30.821672763334945
            ],
            [
              -105.10532248288331,
              30.821672763334945
            ],
            [
              -105.10532248288331,
              30.821403268749705
            ],
            [
              -105.10559197746855,
              30.821133774164466
            ],
            [
              -105.10559197746855,
              30.821043942636052
            ],
            [
              -105.10568180899696,
              30.821043942636052
            ],
            [
              -105.10568180899696,
              30.821133774164466
            ]
          ]
        ]
      }
    },
    {
      "type": "Feature",
      "properties": {
        "label": "dhf_low",
        "range": [
          0,
          0.35
        ],
        "group_id": 154,
        "area": 684,
        "mean_ndmi": 0.0,
        "mean_ndvi": 0.11
      },
      "geometry": {
        "type": "Polygon",
        "coordinates": [
          [
            [
              -105.10532248288331,
              30.81430657800506
            ],
            [
              -105.10514281982648,
              30.81430657800506
            ],
            [
              -105.10505298829807,
              30.814396409533472
            ],
            [
              -105.10478349371283,
              30.814396409533472
            ],
            [
              -105.10478349371283,
              30.81430657800506
            ],
            [
              -105.10487332524124,
              30.81430657800506
            ],
            [
              -105.10496315676966,
              30.814216746476646
            ],
            [
              -105.10532248288331,
              30.814216746476646
            ],
            [
              -105.10532248288331,
              30.81430657800506
            ]
          ]
        ]
      }
    },
    {
      "type": "Feature",
      "properties": {
        "label": "dhf_low",
        "range": [
          0,
          0.35
        ],
        "group_id": 155,
        "area": 5479,
        "mean_ndmi": -0.0,
        "mean_ndvi": 0.14
      },
      "geometry": {
        "type": "Polygon",
        "coordinates": [
          [
            [
              -105.1052326513549,
              30.81044382228329
            ],
            [
              -105.10505298829807,
              30.81044382228329
            ],
            [
              -105.10496315676966,
              30.810533653811703
            ],
            [
              -105.10496315676966,
              30.810623485340116
            ],
            [
              -105.10469366218442,
              30.810892979925356
            ],
            [
              -105.10451399912759,
              30.810892979925356
            ],
            [
              -105.10442416759918,
              30.81098281145377
            ],
            [
              -105.10442416759918,
              30.811072642982182
            ],
            [
              -105.10397500995711,
              30.81152180062425
            ],
            [
              -105.10370551537187,
              30.81152180062425
            ],
            [
              -105.10352585231504,
              30.811701463681075
            ],
            [
              -105.10352585231504,
              30.81179129520949
            ],
            [
              -105.10334618925822,
              30.811970958266315
            ],
            [
              -105.10316652620139,
              30.811970958266315
            ],
            [
              -105.10289703161615,
              30.812240452851555
            ],
            [
              -105.10289703161615,
              30.812330284379968
            ],
            [
              -105.10271736855933,
              30.812330284379968
            ],
            [
              -105.10262753703091,
              30.81242011590838
            ],
            [
              -105.10262753703091,
              30.812509947436794
            ],
            [
              -105.1025377055025,
              30.812509947436794
            ],
            [
              -105.10244787397409,
              30.812599778965208
            ],
            [
              -105.10235804244567,
              30.812599778965208
            ],
            [
              -105.10235804244567,
              30.81242011590838
            ],
            [
              -105.10244787397409,
              30.812330284379968
            ],
            [
              -105.1025377055025,
              30.812330284379968
            ],
            [
              -105.10262753703091,
              30.812240452851555
            ],
            [
              -105.10280720008774,
              30.812240452851555
            ],
            [
              -105.10289703161615,
              30.81215062132314
            ],
            [
              -105.10289703161615,
              30.812060789794728
            ],
            [
              -105.10307669467298,
              30.8118811267379
            ],
            [
              -105.1032563577298,
              30.8118811267379
            ],
            [
              -105.10352585231504,
              30.811611632152662
            ],
            [
              -105.10352585231504,
              30.81152180062425
            ],
            [
              -105.10361568384346,
              30.81152180062425
            ],
            [
              -105.10370551537187,
              30.811431969095835
            ],
            [
              -105.10379534690028,
              30.811431969095835
            ],
            [
              -105.10442416759918,
              30.810803148396943
            ],
            [
              -105.10451399912759,
              30.810803148396943
            ],
            [
              -105.10496315676966,
              30.810353990754876
            ],
            [
              -105.1052326513549,
              30.810353990754876
            ],
            [
              -105.1052326513549,
              30.81044382228329
            ]
          ]
        ]
      }
    },
    {
      "type": "Feature",
      "properties": {
        "label": "dhf_low",
        "range": [
          0,
          0.35
        ],
        "group_id": 157,
        "area": 2482,
        "mean_ndmi": -0.0,
        "mean_ndvi": 0.1
      },
      "geometry": {
        "type": "Polygon",
        "coordinates": [
          [
            [
              -105.10514281982648,
              30.822750741675904
            ],
            [
              -105.10505298829807,
              30.822840573204317
            ],
            [
              -105.10505298829807,
              30.82293040473273
            ],
            [
              -105.10496315676966,
              30.823020236261144
            ],
            [
              -105.10496315676966,
              30.823110067789557
            ],
            [
              -105.10487332524124,
              30.82319989931797
            ],
            [
              -105.10487332524124,
              30.823289730846383
            ],
            [
              -105.10478349371283,
              30.823379562374797
            ],
            [
              -105.10478349371283,
              30.82346939390321
            ],
            [
              -105.10469366218442,
              30.823559225431623
            ],
            [
              -105.10469366218442,
              30.823649056960036
            ],
            [
              -105.104603830656,
              30.82373888848845
            ],
            [
              -105.104603830656,
              30.823828720016863
            ],
            [
              -105.10451399912759,
              30.823918551545276
            ],
            [
              -105.10451399912759,
              30.824188046130516
            ],
            [
              -105.10433433607076,
              30.824188046130516
            ],
            [
              -105.10433433607076,
              30.823828720016863
            ],
            [
              -105.10451399912759,
              30.823649056960036
            ],
            [
              -105.10451399912759,
              30.823559225431623
            ],
            [
              -105.104603830656,
              30.82346939390321
            ],
            [
              -105.104603830656,
              30.823289730846383
            ],
            [
              -105.10469366218442,
              30.823289730846383
            ],
            [
              -105.10487332524124,
              30.823110067789557
            ],
            [
              -105.10487332524124,
              30.823020236261144
            ],
            [
              -105.10496315676966,
              30.82293040473273
            ],
            [
              -105.10496315676966,
              30.822840573204317
            ],
            [
              -105.10505298829807,
              30.822750741675904
            ],
            [
              -105.10505298829807,
              30.82266091014749
            ],
            [
              -105.10514281982648,
              30.82266091014749
            ],
            [
              -105.10514281982648,
              30.822750741675904
            ]
          ]
        ]
      }
    },
    {
      "type": "Feature",
      "properties": {
        "label": "dhf_low",
        "range": [
          0,
          0.35
        ],
        "group_id": 160,
        "area": 856,
        "mean_ndmi": 0.0,
        "mean_ndvi": 0.1
      },
      "geometry": {
        "type": "Polygon",
        "coordinates": [
          [
            [
              -105.10505298829807,
              30.813318431192513
            ],
            [
              -105.10478349371283,
              30.813587925777753
            ],
            [
              -105.10442416759918,
              30.813587925777753
            ],
            [
              -105.10442416759918,
              30.81349809424934
            ],
            [
              -105.10469366218442,
              30.81349809424934
            ],
            [
              -105.10496315676966,
              30.8132285996641
            ],
            [
              -105.10505298829807,
              30.8132285996641
            ],
            [
              -105.10505298829807,
              30.813318431192513
            ]
          ]
        ]
      }
    },
    {
      "type": "Feature",
      "properties": {
        "label": "dhf_low",
        "range": [
          0,
          0.35
        ],
        "group_id": 161,
        "area": 898,
        "mean_ndmi": 0.0,
        "mean_ndvi": 0.13
      },
      "geometry": {
        "type": "Polygon",
        "coordinates": [
          [
            [
              -105.10478349371283,
              30.820504953465573
            ],
            [
              -105.10469366218442,
              30.820594784993986
            ],
            [
              -105.10469366218442,
              30.8206846165224
            ],
            [
              -105.104603830656,
              30.8206846165224
            ],
            [
              -105.10451399912759,
              30.820774448050813
            ],
            [
              -105.10424450454235,
              30.820774448050813
            ],
            [
              -105.10424450454235,
              30.8206846165224
            ],
            [
              -105.10433433607076,
              30.8206846165224
            ],
            [
              -105.10442416759918,
              30.820594784993986
            ],
            [
              -105.10451399912759,
              30.820594784993986
            ],
            [
              -105.10469366218442,
              30.82041512193716
            ],
            [
              -105.10478349371283,
              30.82041512193716
            ],
            [
              -105.10478349371283,
              30.820504953465573
            ]
          ]
        ]
      }
    },
    {
      "type": "Feature",
      "properties": {
        "label": "dhf_low",
        "range": [
          0,
          0.35
        ],
        "group_id": 173,
        "area": 3509,
        "mean_ndmi": 0.0,
        "mean_ndvi": 0.11
      },
      "geometry": {
        "type": "Polygon",
        "coordinates": [
          [
            [
              -105.10415467301394,
              30.816193040101737
            ],
            [
              -105.10352585231504,
              30.81682186080063
            ],
            [
              -105.10352585231504,
              30.816911692329043
            ],
            [
              -105.10343602078663,
              30.817001523857456
            ],
            [
              -105.10343602078663,
              30.81709135538587
            ],
            [
              -105.10307669467298,
              30.817450681499523
            ],
            [
              -105.10271736855933,
              30.817450681499523
            ],
            [
              -105.10271736855933,
              30.81736084997111
            ],
            [
              -105.10289703161615,
              30.81736084997111
            ],
            [
              -105.10334618925822,
              30.816911692329043
            ],
            [
              -105.10334618925822,
              30.81682186080063
            ],
            [
              -105.10343602078663,
              30.816732029272217
            ],
            [
              -105.10343602078663,
              30.816642197743803
            ],
            [
              -105.1038851784287,
              30.816193040101737
            ],
            [
              -105.10397500995711,
              30.816193040101737
            ],
            [
              -105.10406484148552,
              30.816103208573324
            ],
            [
              -105.10415467301394,
              30.816103208573324
            ],
            [
              -105.10415467301394,
              30.816193040101737
            ]
          ]
        ]
      }
    },
    {
      "type": "Feature",
      "properties": {
        "label": "dhf_low",
        "range": [
          0,
          0.35
        ],
        "group_id": 177,
        "area": 2054,
        "mean_ndmi": -0.01,
        "mean_ndvi": 0.1
      },
      "geometry": {
        "type": "Polygon",
        "coordinates": [
          [
            [
              -105.10361568384346,
              30.836315302466303
            ],
            [
              -105.10352585231504,
              30.836315302466303
            ],
            [
              -105.10334618925822,
              30.83649496552313
            ],
            [
              -105.10334618925822,
              30.836584797051543
            ],
            [
              -105.10298686314457,
              30.836944123165196
            ],
            [
              -105.10298686314457,
              30.83703395469361
            ],
            [
              -105.10289703161615,
              30.837123786222023
            ],
            [
              -105.10280720008774,
              30.837123786222023
            ],
            [
              -105.10280720008774,
              30.836854291636783
            ],
            [
              -105.10343602078663,
              30.83622547093789
            ],
            [
              -105.10361568384346,
              30.83622547093789
            ],
            [
              -105.10361568384346,
              30.836315302466303
            ]
          ]
        ]
      }
    },
    {
      "type": "Feature",
      "properties": {
        "label": "dhf_low",
        "range": [
          0,
          0.35
        ],
        "group_id": 181,
        "area": 1968,
        "mean_ndmi": -0.01,
        "mean_ndvi": 0.1
      },
      "geometry": {
        "type": "Polygon",
        "coordinates": [
          [
            [
              -105.10334618925822,
              30.831913557574055
            ],
            [
              -105.1032563577298,
              30.831913557574055
            ],
            [
              -105.10316652620139,
              30.832003389102468
            ],
            [
              -105.10298686314457,
              30.832003389102468
            ],
            [
              -105.10289703161615,
              30.83209322063088
            ],
            [
              -105.10280720008774,
              30.83209322063088
            ],
            [
              -105.10244787397409,
              30.832452546744534
            ],
            [
              -105.10244787397409,
              30.83263220980136
            ],
            [
              -105.10226821091726,
              30.83263220980136
            ],
            [
              -105.10217837938885,
              30.832722041329774
            ],
            [
              -105.10208854786043,
              30.832722041329774
            ],
            [
              -105.10208854786043,
              30.83263220980136
            ],
            [
              -105.10262753703091,
              30.83209322063088
            ],
            [
              -105.10271736855933,
              30.83209322063088
            ],
            [
              -105.10289703161615,
              30.831913557574055
            ],
            [
              -105.10316652620139,
              30.831913557574055
            ],
            [
              -105.1032563577298,
              30.83182372604564
            ],
            [
              -105.10334618925822,
              30.83182372604564
            ],
            [
              -105.10334618925822,
              30.831913557574055
            ]
          ]
        ]
      }
    },
    {
      "type": "Feature",
      "properties": {
        "label": "dhf_low",
        "range": [
          0,
          0.35
        ],
        "group_id": 182,
        "area": 1155,
        "mean_ndmi": -0.0,
        "mean_ndvi": 0.11
      },
      "geometry": {
        "type": "Polygon",
        "coordinates": [
          [
            [
              -105.1032563577298,
              30.830027095477377
            ],
            [
              -105.10316652620139,
              30.83011692700579
            ],
            [
              -105.10316652620139,
              30.830206758534203
            ],
            [
              -105.10280720008774,
              30.830206758534203
            ],
            [
              -105.10280720008774,
              30.83011692700579
            ],
            [
              -105.10298686314457,
              30.83011692700579
            ],
            [
              -105.10307669467298,
              30.830027095477377
            ],
            [
              -105.10307669467298,
              30.82984743242055
            ],
            [
              -105.10316652620139,
              30.829757600892137
            ],
            [
              -105.10316652620139,
              30.82957793783531
            ],
            [
              -105.1032563577298,
              30.82957793783531
            ],
            [
              -105.1032563577298,
              30.830027095477377
            ]
          ]
        ]
      }
    },
    {
      "type": "Feature",
      "properties": {
        "label": "dhf_low",
        "range": [
          0,
          0.35
        ],
        "group_id": 183,
        "area": 1369,
        "mean_ndmi": 0.0,
        "mean_ndvi": 0.1
      },
      "geometry": {
        "type": "Polygon",
        "coordinates": [
          [
            [
              -105.1032563577298,
              30.814126914948233
            ],
            [
              -105.10316652620139,
              30.814126914948233
            ],
            [
              -105.10307669467298,
              30.814216746476646
            ],
            [
              -105.10298686314457,
              30.814216746476646
            ],
            [
              -105.10289703161615,
              30.81430657800506
            ],
            [
              -105.10280720008774,
              30.81430657800506
            ],
            [
              -105.10271736855933,
              30.814396409533472
            ],
            [
              -105.10262753703091,
              30.814396409533472
            ],
            [
              -105.10244787397409,
              30.8145760725903
            ],
            [
              -105.10217837938885,
              30.8145760725903
            ],
            [
              -105.10217837938885,
              30.814486241061886
            ],
            [
              -105.10226821091726,
              30.814486241061886
            ],
            [
              -105.10235804244567,
              30.814396409533472
            ],
            [
              -105.10244787397409,
              30.814396409533472
            ],
            [
              -105.1025377055025,
              30.81430657800506
            ],
            [
              -105.10262753703091,
              30.81430657800506
            ],
            [
              -105.10271736855933,
              30.814216746476646
            ],
            [
              -105.10289703161615,
              30.814216746476646
            ],
            [
              -105.10298686314457,
              30.814126914948233
            ],
            [
              -105.10307669467298,
              30.814126914948233
            ],
            [
              -105.10316652620139,
              30.81403708341982
            ],
            [
              -105.1032563577298,
              30.81403708341982
            ],
            [
              -105.1032563577298,
              30.814126914948233
            ]
          ]
        ]
      }
    },
    {
      "type": "Feature",
      "properties": {
        "label": "dhf_low",
        "range": [
          0,
          0.35
        ],
        "group_id": 186,
        "area": 2225,
        "mean_ndmi": 0.0,
        "mean_ndvi": 0.1
      },
      "geometry": {
        "type": "Polygon",
        "coordinates": [
          [
            [
              -105.10289703161615,
              30.81628287163015
            ],
            [
              -105.10280720008774,
              30.81628287163015
            ],
            [
              -105.10271736855933,
              30.816372703158564
            ],
            [
              -105.10262753703091,
              30.816372703158564
            ],
            [
              -105.1025377055025,
              30.816462534686977
            ],
            [
              -105.10244787397409,
              30.816462534686977
            ],
            [
              -105.10235804244567,
              30.81655236621539
            ],
            [
              -105.10217837938885,
              30.81655236621539
            ],
            [
              -105.10208854786043,
              30.816642197743803
            ],
            [
              -105.1019088848036,
              30.816642197743803
            ],
            [
              -105.1018190532752,
              30.81655236621539
            ],
            [
              -105.10154955868995,
              30.81655236621539
            ],
            [
              -105.10145972716154,
              30.816642197743803
            ],
            [
              -105.10136989563313,
              30.816642197743803
            ],
            [
              -105.10136989563313,
              30.81655236621539
            ],
            [
              -105.10145972716154,
              30.816462534686977
            ],
            [
              -105.10217837938885,
              30.816462534686977
            ],
            [
              -105.10226821091726,
              30.816372703158564
            ],
            [
              -105.10244787397409,
              30.816372703158564
            ],
            [
              -105.10262753703091,
              30.816193040101737
            ],
            [
              -105.10289703161615,
              30.816193040101737
            ],
            [
              -105.10289703161615,
              30.81628287163015
            ]
          ]
        ]
      }
    },
    {
      "type": "Feature",
      "properties": {
        "label": "dhf_low",
        "range": [
          0,
          0.35
        ],
        "group_id": 189,
        "area": 941,
        "mean_ndmi": 0.0,
        "mean_ndvi": 0.1
      },
      "geometry": {
        "type": "Polygon",
        "coordinates": [
          [
            [
              -105.10271736855933,
              30.823918551545276
            ],
            [
              -105.10262753703091,
              30.82400838307369
            ],
            [
              -105.10262753703091,
              30.82454737224417
            ],
            [
              -105.1025377055025,
              30.82454737224417
            ],
            [
              -105.1025377055025,
              30.823918551545276
            ],
            [
              -105.10262753703091,
              30.823828720016863
            ],
            [
              -105.10262753703091,
              30.823649056960036
            ],
            [
              -105.10271736855933,
              30.823649056960036
            ],
            [
              -105.10271736855933,
              30.823918551545276
            ]
          ]
        ]
      }
    },
    {
      "type": "Feature",
      "properties": {
        "label": "dhf_low",
        "range": [
          0,
          0.35
        ],
        "group_id": 190,
        "area": 6334,
        "mean_ndmi": -0.0,
        "mean_ndvi": 0.1
      },
      "geometry": {
        "type": "Polygon",
        "coordinates": [
          [
            [
              -105.10271736855933,
              30.817720176084762
            ],
            [
              -105.10262753703091,
              30.817810007613176
            ],
            [
              -105.10262753703091,
              30.81789983914159
            ],
            [
              -105.1025377055025,
              30.817989670670002
            ],
            [
              -105.1025377055025,
              30.81816933372683
            ],
            [
              -105.10244787397409,
              30.818259165255242
            ],
            [
              -105.10244787397409,
              30.818348996783655
            ],
            [
              -105.10235804244567,
              30.81843882831207
            ],
            [
              -105.10235804244567,
              30.81852865984048
            ],
            [
              -105.10208854786043,
              30.81879815442572
            ],
            [
              -105.10208854786043,
              30.818887985954134
            ],
            [
              -105.1018190532752,
              30.819157480539374
            ],
            [
              -105.10172922174678,
              30.819157480539374
            ],
            [
              -105.10163939021837,
              30.819247312067787
            ],
            [
              -105.10163939021837,
              30.8193371435962
            ],
            [
              -105.10154955868995,
              30.819426975124614
            ],
            [
              -105.10145972716154,
              30.819426975124614
            ],
            [
              -105.10128006410471,
              30.81960663818144
            ],
            [
              -105.1011902325763,
              30.81960663818144
            ],
            [
              -105.10110040104789,
              30.819696469709854
            ],
            [
              -105.10065124340582,
              30.819696469709854
            ],
            [
              -105.10038174882058,
              30.819965964295093
            ],
            [
              -105.10038174882058,
              30.820055795823507
            ],
            [
              -105.10029191729217,
              30.82014562735192
            ],
            [
              -105.10029191729217,
              30.820235458880333
            ],
            [
              -105.10002242270693,
              30.820235458880333
            ],
            [
              -105.10002242270693,
              30.82014562735192
            ],
            [
              -105.10011225423534,
              30.82014562735192
            ],
            [
              -105.10020208576375,
              30.820055795823507
            ],
            [
              -105.10020208576375,
              30.819965964295093
            ],
            [
              -105.10029191729217,
              30.81987613276668
            ],
            [
              -105.10029191729217,
              30.819786301238267
            ],
            [
              -105.10038174882058,
              30.819696469709854
            ],
            [
              -105.100471580349,
              30.819696469709854
            ],
            [
              -105.10056141187741,
              30.81960663818144
            ],
            [
              -105.10092073799106,
              30.81960663818144
            ],
            [
              -105.10101056951947,
              30.819516806653027
            ],
            [
              -105.10110040104789,
              30.819516806653027
            ],
            [
              -105.10136989563313,
              30.819247312067787
            ],
            [
              -105.10145972716154,
              30.819247312067787
            ],
            [
              -105.1018190532752,
              30.818887985954134
            ],
            [
              -105.1019088848036,
              30.818887985954134
            ],
            [
              -105.10199871633202,
              30.81879815442572
            ],
            [
              -105.10199871633202,
              30.818618491368895
            ],
            [
              -105.10235804244567,
              30.818259165255242
            ],
            [
              -105.10235804244567,
              30.818079502198415
            ],
            [
              -105.10244787397409,
              30.817989670670002
            ],
            [
              -105.10244787397409,
              30.817810007613176
            ],
            [
              -105.1025377055025,
              30.817720176084762
            ],
            [
              -105.1025377055025,
              30.81763034455635
            ],
            [
              -105.10271736855933,
              30.81763034455635
            ],
            [
              -105.10271736855933,
              30.817720176084762
            ]
          ]
        ]
      }
    },
    {
      "type": "Feature",
      "properties": {
        "label": "dhf_low",
        "range": [
          0,
          0.35
        ],
        "group_id": 192,
        "area": 770,
        "mean_ndmi": -0.01,
        "mean_ndvi": 0.11
      },
      "geometry": {
        "type": "Polygon",
        "coordinates": [
          [
            [
              -105.10262753703091,
              30.82930844325007
            ],
            [
              -105.10235804244567,
              30.82957793783531
            ],
            [
              -105.10217837938885,
              30.82957793783531
            ],
            [
              -105.10217837938885,
              30.829488106306897
            ],
            [
              -105.10226821091726,
              30.829398274778484
            ],
            [
              -105.10235804244567,
              30.829398274778484
            ],
            [
              -105.1025377055025,
              30.829218611721657
            ],
            [
              -105.10262753703091,
              30.829218611721657
            ],
            [
              -105.10262753703091,
              30.82930844325007
            ]
          ]
        ]
      }
    },
    {
      "type": "Feature",
      "properties": {
        "label": "dhf_low",
        "range": [
          0,
          0.35
        ],
        "group_id": 194,
        "area": 2824,
        "mean_ndmi": -0.01,
        "mean_ndvi": 0.1
      },
      "geometry": {
        "type": "Polygon",
        "coordinates": [
          [
            [
              -105.10244787397409,
              30.8254456875283
            ],
            [
              -105.10199871633202,
              30.825894845170367
            ],
            [
              -105.10199871633202,
              30.82598467669878
            ],
            [
              -105.10172922174678,
              30.82625417128402
            ],
            [
              -105.10172922174678,
              30.826433834340847
            ],
            [
              -105.10163939021837,
              30.82652366586926
            ],
            [
              -105.10163939021837,
              30.826703328926087
            ],
            [
              -105.10154955868995,
              30.8267931604545
            ],
            [
              -105.10154955868995,
              30.827242318096566
            ],
            [
              -105.10145972716154,
              30.827242318096566
            ],
            [
              -105.10145972716154,
              30.826703328926087
            ],
            [
              -105.10154955868995,
              30.826613497397673
            ],
            [
              -105.10154955868995,
              30.826344002812434
            ],
            [
              -105.10163939021837,
              30.82625417128402
            ],
            [
              -105.10163939021837,
              30.826074508227194
            ],
            [
              -105.10172922174678,
              30.826074508227194
            ],
            [
              -105.1019088848036,
              30.825894845170367
            ],
            [
              -105.1019088848036,
              30.82571518211354
            ],
            [
              -105.10199871633202,
              30.82571518211354
            ],
            [
              -105.10235804244567,
              30.825355855999888
            ],
            [
              -105.10244787397409,
              30.825355855999888
            ],
            [
              -105.10244787397409,
              30.8254456875283
            ]
          ]
        ]
      }
    },
    {
      "type": "Feature",
      "properties": {
        "label": "dhf_low",
        "range": [
          0,
          0.35
        ],
        "group_id": 195,
        "area": 856,
        "mean_ndmi": 0.0,
        "mean_ndvi": 0.1
      },
      "geometry": {
        "type": "Polygon",
        "coordinates": [
          [
            [
              -105.10244787397409,
              30.823379562374797
            ],
            [
              -105.10226821091726,
              30.823379562374797
            ],
            [
              -105.10208854786043,
              30.823559225431623
            ],
            [
              -105.1018190532752,
              30.823559225431623
            ],
            [
              -105.1018190532752,
              30.82346939390321
            ],
            [
              -105.1019088848036,
              30.82346939390321
            ],
            [
              -105.10199871633202,
              30.823379562374797
            ],
            [
              -105.10208854786043,
              30.823379562374797
            ],
            [
              -105.10217837938885,
              30.823289730846383
            ],
            [
              -105.10244787397409,
              30.823289730846383
            ],
            [
              -105.10244787397409,
              30.823379562374797
            ]
          ]
        ]
      }
    },
    {
      "type": "Feature",
      "properties": {
        "label": "dhf_low",
        "range": [
          0,
          0.35
        ],
        "group_id": 196,
        "area": 2653,
        "mean_ndmi": 0.0,
        "mean_ndvi": 0.1
      },
      "geometry": {
        "type": "Polygon",
        "coordinates": [
          [
            [
              -105.10244787397409,
              30.815654050931258
            ],
            [
              -105.1019088848036,
              30.815654050931258
            ],
            [
              -105.1018190532752,
              30.81574388245967
            ],
            [
              -105.10136989563313,
              30.81574388245967
            ],
            [
              -105.10101056951947,
              30.816103208573324
            ],
            [
              -105.10092073799106,
              30.816103208573324
            ],
            [
              -105.10083090646265,
              30.816193040101737
            ],
            [
              -105.10056141187741,
              30.816193040101737
            ],
            [
              -105.10056141187741,
              30.816103208573324
            ],
            [
              -105.10065124340582,
              30.816103208573324
            ],
            [
              -105.10074107493423,
              30.81601337704491
            ],
            [
              -105.10083090646265,
              30.81601337704491
            ],
            [
              -105.10110040104789,
              30.81574388245967
            ],
            [
              -105.1011902325763,
              30.81574388245967
            ],
            [
              -105.10128006410471,
              30.815654050931258
            ],
            [
              -105.10172922174678,
              30.815654050931258
            ],
            [
              -105.1018190532752,
              30.815564219402845
            ],
            [
              -105.10244787397409,
              30.815564219402845
            ],
            [
              -105.10244787397409,
              30.815654050931258
            ]
          ]
        ]
      }
    },
    {
      "type": "Feature",
      "properties": {
        "label": "dhf_low",
        "range": [
          0,
          0.35
        ],
        "group_id": 197,
        "area": 2182,
        "mean_ndmi": 0.0,
        "mean_ndvi": 0.1
      },
      "geometry": {
        "type": "Polygon",
        "coordinates": [
          [
            [
              -105.10217837938885,
              30.839908563602833
            ],
            [
              -105.10208854786043,
              30.839908563602833
            ],
            [
              -105.1018190532752,
              30.840178058188073
            ],
            [
              -105.10172922174678,
              30.840178058188073
            ],
            [
              -105.10163939021837,
              30.840267889716486
            ],
            [
              -105.10145972716154,
              30.840267889716486
            ],
            [
              -105.10136989563313,
              30.8403577212449
            ],
            [
              -105.10101056951947,
              30.8403577212449
            ],
            [
              -105.10092073799106,
              30.840267889716486
            ],
            [
              -105.10092073799106,
              30.840178058188073
            ],
            [
              -105.10101056951947,
              30.840178058188073
            ],
            [
              -105.10110040104789,
              30.840267889716486
            ],
            [
              -105.10128006410471,
              30.840267889716486
            ],
            [
              -105.10136989563313,
              30.840178058188073
            ],
            [
              -105.10145972716154,
              30.840178058188073
            ],
            [
              -105.10154955868995,
              30.84008822665966
            ],
            [
              -105.10163939021837,
              30.84008822665966
            ],
            [
              -105.1019088848036,
              30.83981873207442
            ],
            [
              -105.10199871633202,
              30.83981873207442
            ],
            [
              -105.10208854786043,
              30.839728900546007
            ],
            [
              -105.10217837938885,
              30.839728900546007
            ],
            [
              -105.10217837938885,
              30.839908563602833
            ]
          ]
        ]
      }
    },
    {
      "type": "Feature",
      "properties": {
        "label": "dhf_low",
        "range": [
          0,
          0.35
        ],
        "group_id": 201,
        "area": 984,
        "mean_ndmi": 0.0,
        "mean_ndvi": 0.1
      },
      "geometry": {
        "type": "Polygon",
        "coordinates": [
          [
            [
              -105.10199871633202,
              30.83541698718217
            ],
            [
              -105.10163939021837,
              30.835776313295824
            ],
            [
              -105.10154955868995,
              30.835776313295824
            ],
            [
              -105.10154955868995,
              30.835596650238998
            ],
            [
              -105.10172922174678,
              30.83541698718217
            ],
            [
              -105.1018190532752,
              30.83541698718217
            ],
            [
              -105.1019088848036,
              30.835327155653758
            ],
            [
              -105.10199871633202,
              30.835327155653758
            ],
            [
              -105.10199871633202,
              30.83541698718217
            ]
          ]
        ]
      }
    },
    {
      "type": "Feature",
      "properties": {
        "label": "dhf_low",
        "range": [
          0,
          0.35
        ],
        "group_id": 205,
        "area": 2653,
        "mean_ndmi": -0.01,
        "mean_ndvi": 0.12
      },
      "geometry": {
        "type": "Polygon",
        "coordinates": [
          [
            [
              -105.1018190532752,
              30.822032089448598
            ],
            [
              -105.10172922174678,
              30.822032089448598
            ],
            [
              -105.10163939021837,
              30.82212192097701
            ],
            [
              -105.10154955868995,
              30.82212192097701
            ],
            [
              -105.10145972716154,
              30.822211752505424
            ],
            [
              -105.10136989563313,
              30.822211752505424
            ],
            [
              -105.1011902325763,
              30.82239141556225
            ],
            [
              -105.1011902325763,
              30.822481247090664
            ],
            [
              -105.10101056951947,
              30.822481247090664
            ],
            [
              -105.10092073799106,
              30.822571078619077
            ],
            [
              -105.10092073799106,
              30.82266091014749
            ],
            [
              -105.10074107493423,
              30.82266091014749
            ],
            [
              -105.10065124340582,
              30.822750741675904
            ],
            [
              -105.10065124340582,
              30.82293040473273
            ],
            [
              -105.10056141187741,
              30.823020236261144
            ],
            [
              -105.100471580349,
              30.823020236261144
            ],
            [
              -105.10029191729217,
              30.82319989931797
            ],
            [
              -105.10020208576375,
              30.82319989931797
            ],
            [
              -105.10020208576375,
              30.823110067789557
            ],
            [
              -105.10038174882058,
              30.82293040473273
            ],
            [
              -105.100471580349,
              30.82293040473273
            ],
            [
              -105.10056141187741,
              30.822840573204317
            ],
            [
              -105.10056141187741,
              30.82266091014749
            ],
            [
              -105.10065124340582,
              30.822571078619077
            ],
            [
              -105.10074107493423,
              30.822571078619077
            ],
            [
              -105.10092073799106,
              30.82239141556225
            ],
            [
              -105.10101056951947,
              30.82239141556225
            ],
            [
              -105.1011902325763,
              30.822211752505424
            ],
            [
              -105.10128006410471,
              30.822211752505424
            ],
            [
              -105.10145972716154,
              30.822032089448598
            ],
            [
              -105.10154955868995,
              30.822032089448598
            ],
            [
              -105.10163939021837,
              30.821942257920185
            ],
            [
              -105.1018190532752,
              30.821942257920185
            ],
            [
              -105.1018190532752,
              30.822032089448598
            ]
          ]
        ]
      }
    },
    {
      "type": "Feature",
      "properties": {
        "label": "dhf_low",
        "range": [
          0,
          0.35
        ],
        "group_id": 208,
        "area": 984,
        "mean_ndmi": -0.02,
        "mean_ndvi": 0.1
      },
      "geometry": {
        "type": "Polygon",
        "coordinates": [
          [
            [
              -105.10154955868995,
              30.81349809424934
            ],
            [
              -105.10145972716154,
              30.813587925777753
            ],
            [
              -105.10145972716154,
              30.813677757306166
            ],
            [
              -105.10136989563313,
              30.813677757306166
            ],
            [
              -105.1011902325763,
              30.813857420362993
            ],
            [
              -105.10101056951947,
              30.813857420362993
            ],
            [
              -105.10101056951947,
              30.81376758883458
            ],
            [
              -105.10110040104789,
              30.813677757306166
            ],
            [
              -105.1011902325763,
              30.813677757306166
            ],
            [
              -105.10145972716154,
              30.813408262720927
            ],
            [
              -105.10154955868995,
              30.813408262720927
            ],
            [
              -105.10154955868995,
              30.81349809424934
            ]
          ]
        ]
      }
    },
    {
      "type": "Feature",
      "properties": {
        "label": "dhf_low",
        "range": [
          0,
          0.35
        ],
        "group_id": 212,
        "area": 684,
        "mean_ndmi": 0.0,
        "mean_ndvi": 0.13
      },
      "geometry": {
        "type": "Polygon",
        "coordinates": [
          [
            [
              -105.10128006410471,
              30.812599778965208
            ],
            [
              -105.10083090646265,
              30.812599778965208
            ],
            [
              -105.10074107493423,
              30.812509947436794
            ],
            [
              -105.10065124340582,
              30.812509947436794
            ],
            [
              -105.10065124340582,
              30.81242011590838
            ],
            [
              -105.10083090646265,
              30.81242011590838
            ],
            [
              -105.10092073799106,
              30.812509947436794
            ],
            [
              -105.10128006410471,
              30.812509947436794
            ],
            [
              -105.10128006410471,
              30.812599778965208
            ]
          ]
        ]
      }
    },
    {
      "type": "Feature",
      "properties": {
        "label": "dhf_low",
        "range": [
          0,
          0.35
        ],
        "group_id": 214,
        "area": 2953,
        "mean_ndmi": -0.01,
        "mean_ndvi": 0.1
      },
      "geometry": {
        "type": "Polygon",
        "coordinates": [
          [
            [
              -105.10101056951947,
              30.828050801852285
            ],
            [
              -105.10083090646265,
              30.82823046490911
            ],
            [
              -105.10065124340582,
              30.82823046490911
            ],
            [
              -105.10056141187741,
              30.828320296437525
            ],
            [
              -105.10038174882058,
              30.828320296437525
            ],
            [
              -105.10029191729217,
              30.828410127965938
            ],
            [
              -105.10029191729217,
              30.82849995949435
            ],
            [
              -105.10020208576375,
              30.828589791022765
            ],
            [
              -105.10020208576375,
              30.828859285608004
            ],
            [
              -105.10011225423534,
              30.828859285608004
            ],
            [
              -105.10011225423534,
              30.828589791022765
            ],
            [
              -105.10002242270693,
              30.82849995949435
            ],
            [
              -105.09975292812169,
              30.82849995949435
            ],
            [
              -105.09948343353645,
              30.82876945407959
            ],
            [
              -105.09930377047962,
              30.82876945407959
            ],
            [
              -105.09930377047962,
              30.828679622551178
            ],
            [
              -105.09948343353645,
              30.82849995949435
            ],
            [
              -105.09957326506486,
              30.82849995949435
            ],
            [
              -105.09966309659328,
              30.828410127965938
            ],
            [
              -105.10011225423534,
              30.828410127965938
            ],
            [
              -105.10020208576375,
              30.828320296437525
            ],
            [
              -105.10029191729217,
              30.828320296437525
            ],
            [
              -105.10038174882058,
              30.82823046490911
            ],
            [
              -105.100471580349,
              30.82823046490911
            ],
            [
              -105.10056141187741,
              30.8281406333807
            ],
            [
              -105.10065124340582,
              30.8281406333807
            ],
            [
              -105.10074107493423,
              30.828050801852285
            ],
            [
              -105.10083090646265,
              30.828050801852285
            ],
            [
              -105.10092073799106,
              30.827960970323872
            ],
            [
              -105.10101056951947,
              30.827960970323872
            ],
            [
              -105.10101056951947,
              30.828050801852285
            ]
          ]
        ]
      }
    },
    {
      "type": "Feature",
      "properties": {
        "label": "dhf_low",
        "range": [
          0,
          0.35
        ],
        "group_id": 215,
        "area": 1284,
        "mean_ndmi": -0.03,
        "mean_ndvi": 0.1
      },
      "geometry": {
        "type": "Polygon",
        "coordinates": [
          [
            [
              -105.10101056951947,
              30.81098281145377
            ],
            [
              -105.10083090646265,
              30.811162474510596
            ],
            [
              -105.10074107493423,
              30.811162474510596
            ],
            [
              -105.10065124340582,
              30.81125230603901
            ],
            [
              -105.10056141187741,
              30.81125230603901
            ],
            [
              -105.100471580349,
              30.811342137567422
            ],
            [
              -105.10029191729217,
              30.811342137567422
            ],
            [
              -105.10029191729217,
              30.81125230603901
            ],
            [
              -105.10038174882058,
              30.811162474510596
            ],
            [
              -105.100471580349,
              30.811162474510596
            ],
            [
              -105.10056141187741,
              30.811072642982182
            ],
            [
              -105.10065124340582,
              30.811072642982182
            ],
            [
              -105.10074107493423,
              30.81098281145377
            ],
            [
              -105.10083090646265,
              30.81098281145377
            ],
            [
              -105.10092073799106,
              30.810892979925356
            ],
            [
              -105.10101056951947,
              30.810892979925356
            ],
            [
              -105.10101056951947,
              30.81098281145377
            ]
          ]
        ]
      }
    },
    {
      "type": "Feature",
      "properties": {
        "label": "dhf_low",
        "range": [
          0,
          0.35
        ],
        "group_id": 216,
        "area": 941,
        "mean_ndmi": -0.02,
        "mean_ndvi": 0.1
      },
      "geometry": {
        "type": "Polygon",
        "coordinates": [
          [
            [
              -105.10083090646265,
              30.832003389102468
            ],
            [
              -105.10065124340582,
              30.832183052159294
            ],
            [
              -105.10029191729217,
              30.832183052159294
            ],
            [
              -105.10020208576375,
              30.832272883687708
            ],
            [
              -105.10011225423534,
              30.832272883687708
            ],
            [
              -105.10011225423534,
              30.832183052159294
            ],
            [
              -105.10020208576375,
              30.832183052159294
            ],
            [
              -105.10029191729217,
              30.83209322063088
            ],
            [
              -105.100471580349,
              30.83209322063088
            ],
            [
              -105.10056141187741,
              30.832003389102468
            ],
            [
              -105.10065124340582,
              30.832003389102468
            ],
            [
              -105.10074107493423,
              30.831913557574055
            ],
            [
              -105.10083090646265,
              30.831913557574055
            ],
            [
              -105.10083090646265,
              30.832003389102468
            ]
          ]
        ]
      }
    },
    {
      "type": "Feature",
      "properties": {
        "label": "dhf_low",
        "range": [
          0,
          0.35
        ],
        "group_id": 217,
        "area": 1797,
        "mean_ndmi": 0.0,
        "mean_ndvi": 0.1
      },
      "geometry": {
        "type": "Polygon",
        "coordinates": [
          [
            [
              -105.10083090646265,
              30.817450681499523
            ],
            [
              -105.10065124340582,
              30.81763034455635
            ],
            [
              -105.10065124340582,
              30.817720176084762
            ],
            [
              -105.10056141187741,
              30.817720176084762
            ],
            [
              -105.100471580349,
              30.817810007613176
            ],
            [
              -105.10038174882058,
              30.817810007613176
            ],
            [
              -105.10002242270693,
              30.81816933372683
            ],
            [
              -105.09993259117851,
              30.81816933372683
            ],
            [
              -105.09993259117851,
              30.817989670670002
            ],
            [
              -105.10002242270693,
              30.81789983914159
            ],
            [
              -105.10011225423534,
              30.81789983914159
            ],
            [
              -105.10038174882058,
              30.81763034455635
            ],
            [
              -105.100471580349,
              30.81763034455635
            ],
            [
              -105.10074107493423,
              30.81736084997111
            ],
            [
              -105.10083090646265,
              30.81736084997111
            ],
            [
              -105.10083090646265,
              30.817450681499523
            ]
          ]
        ]
      }
    },
    {
      "type": "Feature",
      "properties": {
        "label": "dhf_low",
        "range": [
          0,
          0.35
        ],
        "group_id": 220,
        "area": 1326,
        "mean_ndmi": -0.03,
        "mean_ndvi": 0.1
      },
      "geometry": {
        "type": "Polygon",
        "coordinates": [
          [
            [
              -105.100471580349,
              30.81349809424934
            ],
            [
              -105.10020208576375,
              30.81376758883458
            ],
            [
              -105.10020208576375,
              30.813857420362993
            ],
            [
              -105.10011225423534,
              30.813857420362993
            ],
            [
              -105.10002242270693,
              30.813947251891406
            ],
            [
              -105.09966309659328,
              30.813947251891406
            ],
            [
              -105.09966309659328,
              30.813857420362993
            ],
            [
              -105.0998427596501,
              30.813857420362993
            ],
            [
              -105.09993259117851,
              30.81376758883458
            ],
            [
              -105.10002242270693,
              30.81376758883458
            ],
            [
              -105.10038174882058,
              30.813408262720927
            ],
            [
              -105.100471580349,
              30.813408262720927
            ],
            [
              -105.100471580349,
              30.81349809424934
            ]
          ]
        ]
      }
    },
    {
      "type": "Feature",
      "properties": {
        "label": "dhf_low",
        "range": [
          0,
          0.35
        ],
        "group_id": 222,
        "area": 984,
        "mean_ndmi": 0.0,
        "mean_ndvi": 0.1
      },
      "geometry": {
        "type": "Polygon",
        "coordinates": [
          [
            [
              -105.10038174882058,
              30.834698334954865
            ],
            [
              -105.09993259117851,
              30.83514749259693
            ],
            [
              -105.0998427596501,
              30.83514749259693
            ],
            [
              -105.0998427596501,
              30.834967829540105
            ],
            [
              -105.09993259117851,
              30.834967829540105
            ],
            [
              -105.10029191729217,
              30.834608503426452
            ],
            [
              -105.10038174882058,
              30.834608503426452
            ],
            [
              -105.10038174882058,
              30.834698334954865
            ]
          ]
        ]
      }
    },
    {
      "type": "Feature",
      "properties": {
        "label": "dhf_low",
        "range": [
          0,
          0.35
        ],
        "group_id": 228,
        "area": 6805,
        "mean_ndmi": -0.0,
        "mean_ndvi": 0.14
      },
      "geometry": {
        "type": "Polygon",
        "coordinates": [
          [
            [
              -105.10002242270693,
              30.81242011590838
            ],
            [
              -105.09957326506486,
              30.81242011590838
            ],
            [
              -105.09948343353645,
              30.812509947436794
            ],
            [
              -105.09939360200804,
              30.812509947436794
            ],
            [
              -105.09930377047962,
              30.812599778965208
            ],
            [
              -105.09921393895121,
              30.812599778965208
            ],
            [
              -105.0991241074228,
              30.81268961049362
            ],
            [
              -105.09858511825232,
              30.81268961049362
            ],
            [
              -105.0984952867239,
              30.812779442022034
            ],
            [
              -105.09831562366708,
              30.812779442022034
            ],
            [
              -105.09822579213866,
              30.812869273550447
            ],
            [
              -105.09804612908184,
              30.812869273550447
            ],
            [
              -105.09795629755342,
              30.81295910507886
            ],
            [
              -105.09768680296818,
              30.81295910507886
            ],
            [
              -105.09759697143977,
              30.813048936607274
            ],
            [
              -105.09741730838294,
              30.813048936607274
            ],
            [
              -105.09732747685453,
              30.813138768135687
            ],
            [
              -105.0971478137977,
              30.813138768135687
            ],
            [
              -105.09705798226929,
              30.8132285996641
            ],
            [
              -105.09678848768405,
              30.8132285996641
            ],
            [
              -105.09669865615564,
              30.813318431192513
            ],
            [
              -105.09651899309881,
              30.813318431192513
            ],
            [
              -105.0964291615704,
              30.813408262720927
            ],
            [
              -105.09633933004199,
              30.813408262720927
            ],
            [
              -105.09624949851357,
              30.81349809424934
            ],
            [
              -105.09606983545675,
              30.81349809424934
            ],
            [
              -105.09598000392833,
              30.813587925777753
            ],
            [
              -105.09589017239992,
              30.813587925777753
            ],
            [
              -105.0958003408715,
              30.813677757306166
            ],
            [
              -105.09571050934309,
              30.813677757306166
            ],
            [
              -105.09553084628627,
              30.813857420362993
            ],
            [
              -105.09544101475785,
              30.813857420362993
            ],
            [
              -105.09535118322944,
              30.813947251891406
            ],
            [
              -105.09535118322944,
              30.81403708341982
            ],
            [
              -105.09490202558737,
              30.814486241061886
            ],
            [
              -105.09490202558737,
              30.8145760725903
            ],
            [
              -105.09481219405896,
              30.814665904118712
            ],
            [
              -105.09463253100213,
              30.814665904118712
            ],
            [
              -105.09463253100213,
              30.8145760725903
            ],
            [
              -105.09526135170103,
              30.813947251891406
            ],
            [
              -105.09535118322944,
              30.813947251891406
            ],
            [
              -105.09544101475785,
              30.813857420362993
            ],
            [
              -105.09544101475785,
              30.81376758883458
            ],
            [
              -105.09562067781468,
              30.813587925777753
            ],
            [
              -105.09571050934309,
              30.813587925777753
            ],
            [
              -105.0958003408715,
              30.81349809424934
            ],
            [
              -105.09589017239992,
              30.81349809424934
            ],
            [
              -105.09598000392833,
              30.813408262720927
            ],
            [
              -105.09615966698516,
              30.813408262720927
            ],
            [
              -105.09624949851357,
              30.813318431192513
            ],
            [
              -105.09633933004199,
              30.813318431192513
            ],
            [
              -105.0964291615704,
              30.8132285996641
            ],
            [
              -105.09660882462722,
              30.8132285996641
            ],
            [
              -105.09669865615564,
              30.813138768135687
            ],
            [
              -105.09696815074088,
              30.813138768135687
            ],
            [
              -105.09705798226929,
              30.813048936607274
            ],
            [
              -105.09732747685453,
              30.813048936607274
            ],
            [
              -105.09741730838294,
              30.81295910507886
            ],
            [
              -105.09750713991136,
              30.81295910507886
            ],
            [
              -105.09759697143977,
              30.812869273550447
            ],
            [
              -105.09786646602501,
              30.812869273550447
            ],
            [
              -105.09795629755342,
              30.812779442022034
            ],
            [
              -105.09813596061025,
              30.812779442022034
            ],
            [
              -105.09822579213866,
              30.81268961049362
            ],
            [
              -105.09840545519549,
              30.81268961049362
            ],
            [
              -105.0984952867239,
              30.812599778965208
            ],
            [
              -105.0991241074228,
              30.812599778965208
            ],
            [
              -105.09921393895121,
              30.812509947436794
            ],
            [
              -105.09930377047962,
              30.812509947436794
            ],
            [
              -105.09939360200804,
              30.81242011590838
            ],
            [
              -105.09948343353645,
              30.81242011590838
            ],
            [
              -105.09957326506486,
              30.812330284379968
            ],
            [
              -105.10002242270693,
              30.812330284379968
            ],
            [
              -105.10002242270693,
              30.81242011590838
            ]
          ]
        ]
      }
    },
    {
      "type": "Feature",
      "properties": {
        "label": "dhf_low",
        "range": [
          0,
          0.35
        ],
        "group_id": 230,
        "area": 1754,
        "mean_ndmi": 0.0,
        "mean_ndvi": 0.1
      },
      "geometry": {
        "type": "Polygon",
        "coordinates": [
          [
            [
              -105.0998427596501,
              30.83344069355708
            ],
            [
              -105.09930377047962,
              30.83397968272756
            ],
            [
              -105.09930377047962,
              30.834069514255972
            ],
            [
              -105.09921393895121,
              30.834069514255972
            ],
            [
              -105.0991241074228,
              30.83397968272756
            ],
            [
              -105.0991241074228,
              30.833889851199146
            ],
            [
              -105.09957326506486,
              30.83344069355708
            ],
            [
              -105.09966309659328,
              30.83344069355708
            ],
            [
              -105.09975292812169,
              30.833350862028666
            ],
            [
              -105.0998427596501,
              30.833350862028666
            ],
            [
              -105.0998427596501,
              30.83344069355708
            ]
          ]
        ]
      }
    },
    {
      "type": "Feature",
      "properties": {
        "label": "dhf_low",
        "range": [
          0,
          0.35
        ],
        "group_id": 231,
        "area": 1540,
        "mean_ndmi": -0.01,
        "mean_ndvi": 0.1
      },
      "geometry": {
        "type": "Polygon",
        "coordinates": [
          [
            [
              -105.0998427596501,
              30.829667769363724
            ],
            [
              -105.09948343353645,
              30.830027095477377
            ],
            [
              -105.09948343353645,
              30.83011692700579
            ],
            [
              -105.09939360200804,
              30.830206758534203
            ],
            [
              -105.09921393895121,
              30.830206758534203
            ],
            [
              -105.09921393895121,
              30.83011692700579
            ],
            [
              -105.09930377047962,
              30.830027095477377
            ],
            [
              -105.09930377047962,
              30.829937263948963
            ],
            [
              -105.09957326506486,
              30.829667769363724
            ],
            [
              -105.09966309659328,
              30.829667769363724
            ],
            [
              -105.09975292812169,
              30.82957793783531
            ],
            [
              -105.0998427596501,
              30.82957793783531
            ],
            [
              -105.0998427596501,
              30.829667769363724
            ]
          ]
        ]
      }
    },
    {
      "type": "Feature",
      "properties": {
        "label": "dhf_low",
        "range": [
          0,
          0.35
        ],
        "group_id": 237,
        "area": 1540,
        "mean_ndmi": -0.01,
        "mean_ndvi": 0.11
      },
      "geometry": {
        "type": "Polygon",
        "coordinates": [
          [
            [
              -105.09957326506486,
              30.825355855999888
            ],
            [
              -105.09948343353645,
              30.8254456875283
            ],
            [
              -105.09939360200804,
              30.8254456875283
            ],
            [
              -105.09930377047962,
              30.825535519056714
            ],
            [
              -105.09921393895121,
              30.825535519056714
            ],
            [
              -105.0991241074228,
              30.825625350585128
            ],
            [
              -105.0991241074228,
              30.82571518211354
            ],
            [
              -105.09903427589438,
              30.825805013641954
            ],
            [
              -105.0991241074228,
              30.825894845170367
            ],
            [
              -105.0991241074228,
              30.82598467669878
            ],
            [
              -105.09903427589438,
              30.82598467669878
            ],
            [
              -105.09894444436597,
              30.825894845170367
            ],
            [
              -105.09894444436597,
              30.825625350585128
            ],
            [
              -105.09921393895121,
              30.825355855999888
            ],
            [
              -105.09930377047962,
              30.825355855999888
            ],
            [
              -105.09939360200804,
              30.825266024471475
            ],
            [
              -105.09957326506486,
              30.825266024471475
            ],
            [
              -105.09957326506486,
              30.825355855999888
            ]
          ]
        ]
      }
    },
    {
      "type": "Feature",
      "properties": {
        "label": "dhf_low",
        "range": [
          0,
          0.35
        ],
        "group_id": 238,
        "area": 3252,
        "mean_ndmi": -0.01,
        "mean_ndvi": 0.1
      },
      "geometry": {
        "type": "Polygon",
        "coordinates": [
          [
            [
              -105.09957326506486,
              30.821403268749705
            ],
            [
              -105.09939360200804,
              30.821403268749705
            ],
            [
              -105.09921393895121,
              30.82158293180653
            ],
            [
              -105.09894444436597,
              30.82158293180653
            ],
            [
              -105.0984952867239,
              30.822032089448598
            ],
            [
              -105.0984952867239,
              30.82212192097701
            ],
            [
              -105.09831562366708,
              30.822301584033838
            ],
            [
              -105.09822579213866,
              30.822301584033838
            ],
            [
              -105.09813596061025,
              30.82239141556225
            ],
            [
              -105.09768680296818,
              30.82239141556225
            ],
            [
              -105.09768680296818,
              30.822301584033838
            ],
            [
              -105.09786646602501,
              30.822301584033838
            ],
            [
              -105.09795629755342,
              30.822211752505424
            ],
            [
              -105.09813596061025,
              30.822211752505424
            ],
            [
              -105.09858511825232,
              30.82176259486336
            ],
            [
              -105.09858511825232,
              30.821672763334945
            ],
            [
              -105.09867494978073,
              30.82158293180653
            ],
            [
              -105.09876478130914,
              30.82158293180653
            ],
            [
              -105.09885461283756,
              30.82149310027812
            ],
            [
              -105.09903427589438,
              30.82149310027812
            ],
            [
              -105.0991241074228,
              30.821403268749705
            ],
            [
              -105.09930377047962,
              30.821403268749705
            ],
            [
              -105.09939360200804,
              30.821313437221292
            ],
            [
              -105.09957326506486,
              30.821313437221292
            ],
            [
              -105.09957326506486,
              30.821403268749705
            ]
          ]
        ]
      }
    },
    {
      "type": "Feature",
      "properties": {
        "label": "dhf_low",
        "range": [
          0,
          0.35
        ],
        "group_id": 241,
        "area": 599,
        "mean_ndmi": 0.0,
        "mean_ndvi": 0.1
      },
      "geometry": {
        "type": "Polygon",
        "coordinates": [
          [
            [
              -105.09939360200804,
              30.838291596091395
            ],
            [
              -105.09930377047962,
              30.838291596091395
            ],
            [
              -105.09921393895121,
              30.838381427619808
            ],
            [
              -105.09894444436597,
              30.838381427619808
            ],
            [
              -105.09894444436597,
              30.838291596091395
            ],
            [
              -105.09903427589438,
              30.838291596091395
            ],
            [
              -105.0991241074228,
              30.83820176456298
            ],
            [
              -105.09939360200804,
              30.83820176456298
            ],
            [
              -105.09939360200804,
              30.838291596091395
            ]
          ]
        ]
      }
    },
    {
      "type": "Feature",
      "properties": {
        "label": "dhf_low",
        "range": [
          0,
          0.35
        ],
        "group_id": 245,
        "area": 1412,
        "mean_ndmi": -0.01,
        "mean_ndvi": 0.1
      },
      "geometry": {
        "type": "Polygon",
        "coordinates": [
          [
            [
              -105.09921393895121,
              30.81816933372683
            ],
            [
              -105.0991241074228,
              30.818259165255242
            ],
            [
              -105.09903427589438,
              30.818259165255242
            ],
            [
              -105.09894444436597,
              30.818348996783655
            ],
            [
              -105.09885461283756,
              30.818348996783655
            ],
            [
              -105.09876478130914,
              30.818259165255242
            ],
            [
              -105.09858511825232,
              30.818259165255242
            ],
            [
              -105.09840545519549,
              30.81843882831207
            ],
            [
              -105.09831562366708,
              30.81843882831207
            ],
            [
              -105.09831562366708,
              30.818259165255242
            ],
            [
              -105.09840545519549,
              30.81816933372683
            ],
            [
              -105.09903427589438,
              30.81816933372683
            ],
            [
              -105.0991241074228,
              30.818079502198415
            ],
            [
              -105.09921393895121,
              30.818079502198415
            ],
            [
              -105.09921393895121,
              30.81816933372683
            ]
          ]
        ]
      }
    },
    {
      "type": "Feature",
      "properties": {
        "label": "dhf_low",
        "range": [
          0,
          0.35
        ],
        "group_id": 246,
        "area": 1112,
        "mean_ndmi": 0.0,
        "mean_ndvi": 0.1
      },
      "geometry": {
        "type": "Polygon",
        "coordinates": [
          [
            [
              -105.09921393895121,
              30.815294724817605
            ],
            [
              -105.0991241074228,
              30.815294724817605
            ],
            [
              -105.09903427589438,
              30.815384556346018
            ],
            [
              -105.09903427589438,
              30.81547438787443
            ],
            [
              -105.09894444436597,
              30.815564219402845
            ],
            [
              -105.09885461283756,
              30.815564219402845
            ],
            [
              -105.09876478130914,
              30.815654050931258
            ],
            [
              -105.0984952867239,
              30.815654050931258
            ],
            [
              -105.0984952867239,
              30.815564219402845
            ],
            [
              -105.09858511825232,
              30.81547438787443
            ],
            [
              -105.09867494978073,
              30.81547438787443
            ],
            [
              -105.09876478130914,
              30.815384556346018
            ],
            [
              -105.09903427589438,
              30.815384556346018
            ],
            [
              -105.0991241074228,
              30.815294724817605
            ],
            [
              -105.0991241074228,
              30.81520489328919
            ],
            [
              -105.09921393895121,
              30.81520489328919
            ],
            [
              -105.09921393895121,
              30.815294724817605
            ]
          ]
        ]
      }
    },
    {
      "type": "Feature",
      "properties": {
        "label": "dhf_low",
        "range": [
          0,
          0.35
        ],
        "group_id": 249,
        "area": 1497,
        "mean_ndmi": -0.0,
        "mean_ndvi": 0.1
      },
      "geometry": {
        "type": "Polygon",
        "coordinates": [
          [
            [
              -105.09903427589438,
              30.82930844325007
            ],
            [
              -105.09885461283756,
              30.829488106306897
            ],
            [
              -105.09885461283756,
              30.82957793783531
            ],
            [
              -105.09867494978073,
              30.829757600892137
            ],
            [
              -105.09867494978073,
              30.82984743242055
            ],
            [
              -105.0984952867239,
              30.830027095477377
            ],
            [
              -105.0984952867239,
              30.830206758534203
            ],
            [
              -105.09840545519549,
              30.830206758534203
            ],
            [
              -105.09840545519549,
              30.829937263948963
            ],
            [
              -105.0984952867239,
              30.82984743242055
            ],
            [
              -105.0984952867239,
              30.829757600892137
            ],
            [
              -105.09858511825232,
              30.829667769363724
            ],
            [
              -105.09858511825232,
              30.82957793783531
            ],
            [
              -105.09867494978073,
              30.82957793783531
            ],
            [
              -105.09885461283756,
              30.829398274778484
            ],
            [
              -105.09885461283756,
              30.82930844325007
            ],
            [
              -105.09894444436597,
              30.829218611721657
            ],
            [
              -105.09903427589438,
              30.829218611721657
            ],
            [
              -105.09903427589438,
              30.82930844325007
            ]
          ]
        ]
      }
    },
    {
      "type": "Feature",
      "properties": {
        "label": "dhf_low",
        "range": [
          0,
          0.35
        ],
        "group_id": 251,
        "area": 2610,
        "mean_ndmi": 0.0,
        "mean_ndvi": 0.11
      },
      "geometry": {
        "type": "Polygon",
        "coordinates": [
          [
            [
              -105.09903427589438,
              30.81682186080063
            ],
            [
              -105.09894444436597,
              30.816911692329043
            ],
            [
              -105.09894444436597,
              30.817001523857456
            ],
            [
              -105.0984952867239,
              30.817001523857456
            ],
            [
              -105.09840545519549,
              30.816911692329043
            ],
            [
              -105.09822579213866,
              30.81709135538587
            ],
            [
              -105.09813596061025,
              30.81709135538587
            ],
            [
              -105.09804612908184,
              30.817181186914283
            ],
            [
              -105.09786646602501,
              30.817181186914283
            ],
            [
              -105.0977766344966,
              30.817271018442696
            ],
            [
              -105.09768680296818,
              30.817271018442696
            ],
            [
              -105.09759697143977,
              30.81736084997111
            ],
            [
              -105.09741730838294,
              30.81736084997111
            ],
            [
              -105.09741730838294,
              30.817271018442696
            ],
            [
              -105.09750713991136,
              30.817271018442696
            ],
            [
              -105.09768680296818,
              30.81709135538587
            ],
            [
              -105.09786646602501,
              30.81709135538587
            ],
            [
              -105.09795629755342,
              30.817001523857456
            ],
            [
              -105.09804612908184,
              30.817001523857456
            ],
            [
              -105.09813596061025,
              30.816911692329043
            ],
            [
              -105.09822579213866,
              30.816911692329043
            ],
            [
              -105.09831562366708,
              30.81682186080063
            ],
            [
              -105.09858511825232,
              30.81682186080063
            ],
            [
              -105.09867494978073,
              30.816911692329043
            ],
            [
              -105.09876478130914,
              30.816911692329043
            ],
            [
              -105.09894444436597,
              30.816732029272217
            ],
            [
              -105.09903427589438,
              30.816732029272217
            ],
            [
              -105.09903427589438,
              30.81682186080063
            ]
          ]
        ]
      }
    },
    {
      "type": "Feature",
      "properties": {
        "label": "dhf_low",
        "range": [
          0,
          0.35
        ],
        "group_id": 252,
        "area": 1926,
        "mean_ndmi": -0.05,
        "mean_ndvi": 0.1
      },
      "geometry": {
        "type": "Polygon",
        "coordinates": [
          [
            [
              -105.09894444436597,
              30.81017432769805
            ],
            [
              -105.09885461283756,
              30.81017432769805
            ],
            [
              -105.09876478130914,
              30.810264159226463
            ],
            [
              -105.09876478130914,
              30.810353990754876
            ],
            [
              -105.09867494978073,
              30.81044382228329
            ],
            [
              -105.09867494978073,
              30.810623485340116
            ],
            [
              -105.0984952867239,
              30.810803148396943
            ],
            [
              -105.0984952867239,
              30.810892979925356
            ],
            [
              -105.09840545519549,
              30.81098281145377
            ],
            [
              -105.09840545519549,
              30.811072642982182
            ],
            [
              -105.09831562366708,
              30.811162474510596
            ],
            [
              -105.09831562366708,
              30.81125230603901
            ],
            [
              -105.09822579213866,
              30.81125230603901
            ],
            [
              -105.09822579213866,
              30.81098281145377
            ],
            [
              -105.09831562366708,
              30.810892979925356
            ],
            [
              -105.09831562366708,
              30.810803148396943
            ],
            [
              -105.0984952867239,
              30.810623485340116
            ],
            [
              -105.0984952867239,
              30.810533653811703
            ],
            [
              -105.09867494978073,
              30.810353990754876
            ],
            [
              -105.09867494978073,
              30.810084496169637
            ],
            [
              -105.09894444436597,
              30.810084496169637
            ],
            [
              -105.09894444436597,
              30.81017432769805
            ]
          ]
        ]
      }
    },
    {
      "type": "Feature",
      "properties": {
        "label": "dhf_low",
        "range": [
          0,
          0.35
        ],
        "group_id": 253,
        "area": 1283,
        "mean_ndmi": -0.0,
        "mean_ndvi": 0.1
      },
      "geometry": {
        "type": "Polygon",
        "coordinates": [
          [
            [
              -105.09885461283756,
              30.824367709187342
            ],
            [
              -105.09876478130914,
              30.824457540715755
            ],
            [
              -105.09876478130914,
              30.82454737224417
            ],
            [
              -105.09858511825232,
              30.824727035300995
            ],
            [
              -105.09858511825232,
              30.82481686682941
            ],
            [
              -105.0984952867239,
              30.82481686682941
            ],
            [
              -105.09840545519549,
              30.824727035300995
            ],
            [
              -105.09840545519549,
              30.824637203772582
            ],
            [
              -105.09876478130914,
              30.82427787765893
            ],
            [
              -105.09876478130914,
              30.824098214602103
            ],
            [
              -105.09885461283756,
              30.824098214602103
            ],
            [
              -105.09885461283756,
              30.824367709187342
            ]
          ]
        ]
      }
    },
    {
      "type": "Feature",
      "properties": {
        "label": "dhf_low",
        "range": [
          0,
          0.35
        ],
        "group_id": 254,
        "area": 2225,
        "mean_ndmi": 0.0,
        "mean_ndvi": 0.1
      },
      "geometry": {
        "type": "Polygon",
        "coordinates": [
          [
            [
              -105.09885461283756,
              30.81960663818144
            ],
            [
              -105.0984952867239,
              30.819965964295093
            ],
            [
              -105.0984952867239,
              30.820055795823507
            ],
            [
              -105.09822579213866,
              30.820325290408746
            ],
            [
              -105.09822579213866,
              30.82041512193716
            ],
            [
              -105.09813596061025,
              30.820504953465573
            ],
            [
              -105.09804612908184,
              30.820504953465573
            ],
            [
              -105.09804612908184,
              30.820325290408746
            ],
            [
              -105.09831562366708,
              30.820055795823507
            ],
            [
              -105.09831562366708,
              30.819965964295093
            ],
            [
              -105.09840545519549,
              30.81987613276668
            ],
            [
              -105.09840545519549,
              30.819786301238267
            ],
            [
              -105.09876478130914,
              30.819426975124614
            ],
            [
              -105.09885461283756,
              30.819426975124614
            ],
            [
              -105.09885461283756,
              30.81960663818144
            ]
          ]
        ]
      }
    },
    {
      "type": "Feature",
      "properties": {
        "label": "dhf_low",
        "range": [
          0,
          0.35
        ],
        "group_id": 255,
        "area": 1840,
        "mean_ndmi": -0.01,
        "mean_ndvi": 0.1
      },
      "geometry": {
        "type": "Polygon",
        "coordinates": [
          [
            [
              -105.09876478130914,
              30.8329017043866
            ],
            [
              -105.09867494978073,
              30.832991535915014
            ],
            [
              -105.09867494978073,
              30.833081367443427
            ],
            [
              -105.09858511825232,
              30.83317119897184
            ],
            [
              -105.09858511825232,
              30.833261030500253
            ],
            [
              -105.0984952867239,
              30.833350862028666
            ],
            [
              -105.0984952867239,
              30.83344069355708
            ],
            [
              -105.09813596061025,
              30.833800019670733
            ],
            [
              -105.0977766344966,
              30.833800019670733
            ],
            [
              -105.0977766344966,
              30.83371018814232
            ],
            [
              -105.09786646602501,
              30.83371018814232
            ],
            [
              -105.09795629755342,
              30.833620356613906
            ],
            [
              -105.09813596061025,
              30.833620356613906
            ],
            [
              -105.0984952867239,
              30.833261030500253
            ],
            [
              -105.0984952867239,
              30.832991535915014
            ],
            [
              -105.09858511825232,
              30.832991535915014
            ],
            [
              -105.09867494978073,
              30.8329017043866
            ],
            [
              -105.09867494978073,
              30.832811872858187
            ],
            [
              -105.09876478130914,
              30.832811872858187
            ],
            [
              -105.09876478130914,
              30.8329017043866
            ]
          ]
        ]
      }
    },
    {
      "type": "Feature",
      "properties": {
        "label": "dhf_low",
        "range": [
          0,
          0.35
        ],
        "group_id": 256,
        "area": 1712,
        "mean_ndmi": 0.0,
        "mean_ndvi": 0.1
      },
      "geometry": {
        "type": "Polygon",
        "coordinates": [
          [
            [
              -105.09867494978073,
              30.81484556717554
            ],
            [
              -105.09858511825232,
              30.814935398703952
            ],
            [
              -105.09858511825232,
              30.815025230232365
            ],
            [
              -105.09831562366708,
              30.815294724817605
            ],
            [
              -105.09822579213866,
              30.815294724817605
            ],
            [
              -105.09804612908184,
              30.81547438787443
            ],
            [
              -105.09795629755342,
              30.81547438787443
            ],
            [
              -105.09795629755342,
              30.815294724817605
            ],
            [
              -105.09804612908184,
              30.81520489328919
            ],
            [
              -105.09813596061025,
              30.81520489328919
            ],
            [
              -105.09858511825232,
              30.814755735647125
            ],
            [
              -105.09867494978073,
              30.814755735647125
            ],
            [
              -105.09867494978073,
              30.81484556717554
            ]
          ]
        ]
      }
    },
    {
      "type": "Feature",
      "properties": {
        "label": "dhf_low",
        "range": [
          0,
          0.35
        ],
        "group_id": 258,
        "area": 855,
        "mean_ndmi": 0.0,
        "mean_ndvi": 0.1
      },
      "geometry": {
        "type": "Polygon",
        "coordinates": [
          [
            [
              -105.09822579213866,
              30.839998395131246
            ],
            [
              -105.09804612908184,
              30.840178058188073
            ],
            [
              -105.0977766344966,
              30.840178058188073
            ],
            [
              -105.0977766344966,
              30.84008822665966
            ],
            [
              -105.09786646602501,
              30.839998395131246
            ],
            [
              -105.09795629755342,
              30.839998395131246
            ],
            [
              -105.09804612908184,
              30.839908563602833
            ],
            [
              -105.09822579213866,
              30.839908563602833
            ],
            [
              -105.09822579213866,
              30.839998395131246
            ]
          ]
        ]
      }
    },
    {
      "type": "Feature",
      "properties": {
        "label": "dhf_low",
        "range": [
          0,
          0.35
        ],
        "group_id": 259,
        "area": 1326,
        "mean_ndmi": -0.01,
        "mean_ndvi": 0.1
      },
      "geometry": {
        "type": "Polygon",
        "coordinates": [
          [
            [
              -105.09822579213866,
              30.827691475738632
            ],
            [
              -105.09804612908184,
              30.82787113879546
            ],
            [
              -105.09804612908184,
              30.827960970323872
            ],
            [
              -105.09786646602501,
              30.8281406333807
            ],
            [
              -105.09786646602501,
              30.82823046490911
            ],
            [
              -105.0977766344966,
              30.82823046490911
            ],
            [
              -105.0977766344966,
              30.827960970323872
            ],
            [
              -105.09795629755342,
              30.827781307267045
            ],
            [
              -105.09795629755342,
              30.827691475738632
            ],
            [
              -105.09804612908184,
              30.827691475738632
            ],
            [
              -105.09813596061025,
              30.82760164421022
            ],
            [
              -105.09813596061025,
              30.827421981153392
            ],
            [
              -105.09822579213866,
              30.827421981153392
            ],
            [
              -105.09822579213866,
              30.827691475738632
            ]
          ]
        ]
      }
    },
    {
      "type": "Feature",
      "properties": {
        "label": "dhf_low",
        "range": [
          0,
          0.35
        ],
        "group_id": 261,
        "area": 1069,
        "mean_ndmi": 0.0,
        "mean_ndvi": 0.1
      },
      "geometry": {
        "type": "Polygon",
        "coordinates": [
          [
            [
              -105.09804612908184,
              30.831284736875162
            ],
            [
              -105.09768680296818,
              30.831644062988815
            ],
            [
              -105.09768680296818,
              30.831733894517228
            ],
            [
              -105.09759697143977,
              30.831733894517228
            ],
            [
              -105.09759697143977,
              30.83146439993199
            ],
            [
              -105.0977766344966,
              30.831284736875162
            ],
            [
              -105.09786646602501,
              30.831284736875162
            ],
            [
              -105.09795629755342,
              30.83119490534675
            ],
            [
              -105.09804612908184,
              30.83119490534675
            ],
            [
              -105.09804612908184,
              30.831284736875162
            ]
          ]
        ]
      }
    },
    {
      "type": "Feature",
      "properties": {
        "label": "dhf_low",
        "range": [
          0,
          0.35
        ],
        "group_id": 263,
        "area": 2696,
        "mean_ndmi": -0.01,
        "mean_ndvi": 0.1
      },
      "geometry": {
        "type": "Polygon",
        "coordinates": [
          [
            [
              -105.0977766344966,
              30.826972823511326
            ],
            [
              -105.09768680296818,
              30.82706265503974
            ],
            [
              -105.09768680296818,
              30.827152486568153
            ],
            [
              -105.09759697143977,
              30.827242318096566
            ],
            [
              -105.09750713991136,
              30.827242318096566
            ],
            [
              -105.09741730838294,
              30.82733214962498
            ],
            [
              -105.09741730838294,
              30.827421981153392
            ],
            [
              -105.0971478137977,
              30.827691475738632
            ],
            [
              -105.09705798226929,
              30.827691475738632
            ],
            [
              -105.09696815074088,
              30.827781307267045
            ],
            [
              -105.09678848768405,
              30.827781307267045
            ],
            [
              -105.09669865615564,
              30.82787113879546
            ],
            [
              -105.09660882462722,
              30.82787113879546
            ],
            [
              -105.09651899309881,
              30.827960970323872
            ],
            [
              -105.0964291615704,
              30.827960970323872
            ],
            [
              -105.09624949851357,
              30.8281406333807
            ],
            [
              -105.09615966698516,
              30.8281406333807
            ],
            [
              -105.09615966698516,
              30.828050801852285
            ],
            [
              -105.09624949851357,
              30.827960970323872
            ],
            [
              -105.09633933004199,
              30.827960970323872
            ],
            [
              -105.0964291615704,
              30.82787113879546
            ],
            [
              -105.09651899309881,
              30.82787113879546
            ],
            [
              -105.09660882462722,
              30.827781307267045
            ],
            [
              -105.09669865615564,
              30.827781307267045
            ],
            [
              -105.09678848768405,
              30.827691475738632
            ],
            [
              -105.09687831921246,
              30.827691475738632
            ],
            [
              -105.09723764532612,
              30.82733214962498
            ],
            [
              -105.09732747685453,
              30.82733214962498
            ],
            [
              -105.09741730838294,
              30.827242318096566
            ],
            [
              -105.09741730838294,
              30.827152486568153
            ],
            [
              -105.09768680296818,
              30.826882991982913
            ],
            [
              -105.0977766344966,
              30.826882991982913
            ],
            [
              -105.0977766344966,
              30.826972823511326
            ]
          ]
        ]
      }
    },
    {
      "type": "Feature",
      "properties": {
        "label": "dhf_low",
        "range": [
          0,
          0.35
        ],
        "group_id": 265,
        "area": 1069,
        "mean_ndmi": -0.01,
        "mean_ndvi": 0.1
      },
      "geometry": {
        "type": "Polygon",
        "coordinates": [
          [
            [
              -105.09759697143977,
              30.83011692700579
            ],
            [
              -105.09750713991136,
              30.830206758534203
            ],
            [
              -105.09750713991136,
              30.830296590062616
            ],
            [
              -105.09741730838294,
              30.83038642159103
            ],
            [
              -105.0971478137977,
              30.83038642159103
            ],
            [
              -105.0971478137977,
              30.830296590062616
            ],
            [
              -105.09723764532612,
              30.830296590062616
            ],
            [
              -105.09741730838294,
              30.83011692700579
            ],
            [
              -105.09741730838294,
              30.830027095477377
            ],
            [
              -105.09750713991136,
              30.829937263948963
            ],
            [
              -105.09750713991136,
              30.82984743242055
            ],
            [
              -105.09759697143977,
              30.82984743242055
            ],
            [
              -105.09759697143977,
              30.83011692700579
            ]
          ]
        ]
      }
    },
    {
      "type": "Feature",
      "properties": {
        "label": "dhf_low",
        "range": [
          0,
          0.35
        ],
        "group_id": 270,
        "area": 1241,
        "mean_ndmi": -0.01,
        "mean_ndvi": 0.1
      },
      "geometry": {
        "type": "Polygon",
        "coordinates": [
          [
            [
              -105.09732747685453,
              30.823559225431623
            ],
            [
              -105.09723764532612,
              30.823649056960036
            ],
            [
              -105.09723764532612,
              30.823828720016863
            ],
            [
              -105.0971478137977,
              30.823918551545276
            ],
            [
              -105.0971478137977,
              30.824098214602103
            ],
            [
              -105.09705798226929,
              30.824188046130516
            ],
            [
              -105.09669865615564,
              30.824188046130516
            ],
            [
              -105.09669865615564,
              30.824098214602103
            ],
            [
              -105.09687831921246,
              30.824098214602103
            ],
            [
              -105.0971478137977,
              30.823828720016863
            ],
            [
              -105.0971478137977,
              30.823649056960036
            ],
            [
              -105.09723764532612,
              30.823559225431623
            ],
            [
              -105.09723764532612,
              30.823379562374797
            ],
            [
              -105.09732747685453,
              30.823379562374797
            ],
            [
              -105.09732747685453,
              30.823559225431623
            ]
          ]
        ]
      }
    },
    {
      "type": "Feature",
      "properties": {
        "label": "dhf_low",
        "range": [
          0,
          0.35
        ],
        "group_id": 271,
        "area": 684,
        "mean_ndmi": 0.0,
        "mean_ndvi": 0.1
      },
      "geometry": {
        "type": "Polygon",
        "coordinates": [
          [
            [
              -105.09723764532612,
              30.836674628579956
            ],
            [
              -105.09705798226929,
              30.836854291636783
            ],
            [
              -105.09678848768405,
              30.836854291636783
            ],
            [
              -105.09678848768405,
              30.83676446010837
            ],
            [
              -105.09687831921246,
              30.83676446010837
            ],
            [
              -105.09696815074088,
              30.836674628579956
            ],
            [
              -105.09705798226929,
              30.836674628579956
            ],
            [
              -105.0971478137977,
              30.836584797051543
            ],
            [
              -105.09723764532612,
              30.836584797051543
            ],
            [
              -105.09723764532612,
              30.836674628579956
            ]
          ]
        ]
      }
    },
    {
      "type": "Feature",
      "properties": {
        "label": "dhf_low",
        "range": [
          0,
          0.35
        ],
        "group_id": 273,
        "area": 1797,
        "mean_ndmi": -0.0,
        "mean_ndvi": 0.1
      },
      "geometry": {
        "type": "Polygon",
        "coordinates": [
          [
            [
              -105.09723764532612,
              30.8193371435962
            ],
            [
              -105.0971478137977,
              30.819426975124614
            ],
            [
              -105.0971478137977,
              30.819516806653027
            ],
            [
              -105.09705798226929,
              30.81960663818144
            ],
            [
              -105.09705798226929,
              30.819696469709854
            ],
            [
              -105.09678848768405,
              30.819696469709854
            ],
            [
              -105.09651899309881,
              30.819965964295093
            ],
            [
              -105.09651899309881,
              30.82014562735192
            ],
            [
              -105.0964291615704,
              30.820235458880333
            ],
            [
              -105.0964291615704,
              30.82041512193716
            ],
            [
              -105.09633933004199,
              30.82041512193716
            ],
            [
              -105.09633933004199,
              30.82014562735192
            ],
            [
              -105.0964291615704,
              30.820055795823507
            ],
            [
              -105.0964291615704,
              30.81987613276668
            ],
            [
              -105.09660882462722,
              30.819696469709854
            ],
            [
              -105.09669865615564,
              30.819696469709854
            ],
            [
              -105.09678848768405,
              30.81960663818144
            ],
            [
              -105.09687831921246,
              30.81960663818144
            ],
            [
              -105.09696815074088,
              30.819516806653027
            ],
            [
              -105.09696815074088,
              30.819426975124614
            ],
            [
              -105.09705798226929,
              30.819426975124614
            ],
            [
              -105.0971478137977,
              30.8193371435962
            ],
            [
              -105.0971478137977,
              30.819247312067787
            ],
            [
              -105.09723764532612,
              30.819247312067787
            ],
            [
              -105.09723764532612,
              30.8193371435962
            ]
          ]
        ]
      }
    },
    {
      "type": "Feature",
      "properties": {
        "label": "dhf_low",
        "range": [
          0,
          0.35
        ],
        "group_id": 275,
        "area": 684,
        "mean_ndmi": 0.0,
        "mean_ndvi": 0.1
      },
      "geometry": {
        "type": "Polygon",
        "coordinates": [
          [
            [
              -105.0971478137977,
              30.815025230232365
            ],
            [
              -105.09705798226929,
              30.81511506176078
            ],
            [
              -105.09696815074088,
              30.81511506176078
            ],
            [
              -105.09696815074088,
              30.814935398703952
            ],
            [
              -105.09705798226929,
              30.81484556717554
            ],
            [
              -105.09705798226929,
              30.8145760725903
            ],
            [
              -105.0971478137977,
              30.8145760725903
            ],
            [
              -105.0971478137977,
              30.815025230232365
            ]
          ]
        ]
      }
    },
    {
      "type": "Feature",
      "properties": {
        "label": "dhf_low",
        "range": [
          0,
          0.35
        ],
        "group_id": 278,
        "area": 3424,
        "mean_ndmi": -0.09,
        "mean_ndvi": 0.1
      },
      "geometry": {
        "type": "Polygon",
        "coordinates": [
          [
            [
              -105.09687831921246,
              30.810353990754876
            ],
            [
              -105.09678848768405,
              30.81044382228329
            ],
            [
              -105.09678848768405,
              30.810623485340116
            ],
            [
              -105.09669865615564,
              30.81071331686853
            ],
            [
              -105.09669865615564,
              30.810892979925356
            ],
            [
              -105.0964291615704,
              30.811162474510596
            ],
            [
              -105.0964291615704,
              30.81125230603901
            ],
            [
              -105.09633933004199,
              30.811342137567422
            ],
            [
              -105.09624949851357,
              30.811342137567422
            ],
            [
              -105.0958003408715,
              30.81179129520949
            ],
            [
              -105.0958003408715,
              30.8118811267379
            ],
            [
              -105.09571050934309,
              30.811970958266315
            ],
            [
              -105.09571050934309,
              30.812060789794728
            ],
            [
              -105.09562067781468,
              30.812060789794728
            ],
            [
              -105.09562067781468,
              30.8118811267379
            ],
            [
              -105.09571050934309,
              30.81179129520949
            ],
            [
              -105.09571050934309,
              30.811611632152662
            ],
            [
              -105.09606983545675,
              30.81125230603901
            ],
            [
              -105.09615966698516,
              30.81125230603901
            ],
            [
              -105.09651899309881,
              30.810892979925356
            ],
            [
              -105.09651899309881,
              30.81071331686853
            ],
            [
              -105.09669865615564,
              30.810533653811703
            ],
            [
              -105.09669865615564,
              30.81044382228329
            ],
            [
              -105.09678848768405,
              30.810353990754876
            ],
            [
              -105.09678848768405,
              30.810264159226463
            ],
            [
              -105.09687831921246,
              30.810264159226463
            ],
            [
              -105.09687831921246,
              30.810353990754876
            ]
          ]
        ]
      }
    },
    {
      "type": "Feature",
      "properties": {
        "label": "dhf_low",
        "range": [
          0,
          0.35
        ],
        "group_id": 279,
        "area": 2439,
        "mean_ndmi": -0.0,
        "mean_ndvi": 0.1
      },
      "geometry": {
        "type": "Polygon",
        "coordinates": [
          [
            [
              -105.09678848768405,
              30.831284736875162
            ],
            [
              -105.09669865615564,
              30.831374568403575
            ],
            [
              -105.09669865615564,
              30.83146439993199
            ],
            [
              -105.09633933004199,
              30.83182372604564
            ],
            [
              -105.09624949851357,
              30.83182372604564
            ],
            [
              -105.09615966698516,
              30.831913557574055
            ],
            [
              -105.09598000392833,
              30.831913557574055
            ],
            [
              -105.09589017239992,
              30.832003389102468
            ],
            [
              -105.09571050934309,
              30.832003389102468
            ],
            [
              -105.09562067781468,
              30.83209322063088
            ],
            [
              -105.09526135170103,
              30.83209322063088
            ],
            [
              -105.09526135170103,
              30.832003389102468
            ],
            [
              -105.09553084628627,
              30.832003389102468
            ],
            [
              -105.09562067781468,
              30.831913557574055
            ],
            [
              -105.0958003408715,
              30.831913557574055
            ],
            [
              -105.09589017239992,
              30.83182372604564
            ],
            [
              -105.09598000392833,
              30.83182372604564
            ],
            [
              -105.09606983545675,
              30.831733894517228
            ],
            [
              -105.09615966698516,
              30.831733894517228
            ],
            [
              -105.09624949851357,
              30.831644062988815
            ],
            [
              -105.09633933004199,
              30.831644062988815
            ],
            [
              -105.0964291615704,
              30.8315542314604
            ],
            [
              -105.0964291615704,
              30.83146439993199
            ],
            [
              -105.09651899309881,
              30.831374568403575
            ],
            [
              -105.09660882462722,
              30.831374568403575
            ],
            [
              -105.09669865615564,
              30.831284736875162
            ],
            [
              -105.09669865615564,
              30.83119490534675
            ],
            [
              -105.09678848768405,
              30.83119490534675
            ],
            [
              -105.09678848768405,
              30.831284736875162
            ]
          ]
        ]
      }
    },
    {
      "type": "Feature",
      "properties": {
        "label": "dhf_low",
        "range": [
          0,
          0.35
        ],
        "group_id": 281,
        "area": 684,
        "mean_ndmi": -0.01,
        "mean_ndvi": 0.1
      },
      "geometry": {
        "type": "Polygon",
        "coordinates": [
          [
            [
              -105.09669865615564,
              30.819157480539374
            ],
            [
              -105.09633933004199,
              30.819157480539374
            ],
            [
              -105.09624949851357,
              30.819247312067787
            ],
            [
              -105.09606983545675,
              30.819247312067787
            ],
            [
              -105.09606983545675,
              30.819157480539374
            ],
            [
              -105.09615966698516,
              30.819157480539374
            ],
            [
              -105.09624949851357,
              30.81906764901096
            ],
            [
              -105.09669865615564,
              30.81906764901096
            ],
            [
              -105.09669865615564,
              30.819157480539374
            ]
          ]
        ]
      }
    },
    {
      "type": "Feature",
      "properties": {
        "label": "dhf_low",
        "range": [
          0,
          0.35
        ],
        "group_id": 285,
        "area": 1926,
        "mean_ndmi": -0.03,
        "mean_ndvi": 0.1
      },
      "geometry": {
        "type": "Polygon",
        "coordinates": [
          [
            [
              -105.09651899309881,
              30.823289730846383
            ],
            [
              -105.0964291615704,
              30.823379562374797
            ],
            [
              -105.0964291615704,
              30.82346939390321
            ],
            [
              -105.09633933004199,
              30.82346939390321
            ],
            [
              -105.09624949851357,
              30.823559225431623
            ],
            [
              -105.09606983545675,
              30.823559225431623
            ],
            [
              -105.09589017239992,
              30.82373888848845
            ],
            [
              -105.09553084628627,
              30.82373888848845
            ],
            [
              -105.09544101475785,
              30.823828720016863
            ],
            [
              -105.09535118322944,
              30.823828720016863
            ],
            [
              -105.09535118322944,
              30.82373888848845
            ],
            [
              -105.09544101475785,
              30.82373888848845
            ],
            [
              -105.09553084628627,
              30.823649056960036
            ],
            [
              -105.09571050934309,
              30.823649056960036
            ],
            [
              -105.0958003408715,
              30.823559225431623
            ],
            [
              -105.09589017239992,
              30.823559225431623
            ],
            [
              -105.09598000392833,
              30.82346939390321
            ],
            [
              -105.09606983545675,
              30.82346939390321
            ],
            [
              -105.09633933004199,
              30.82319989931797
            ],
            [
              -105.09651899309881,
              30.82319989931797
            ],
            [
              -105.09651899309881,
              30.823289730846383
            ]
          ]
        ]
      }
    },
    {
      "type": "Feature",
      "properties": {
        "label": "dhf_low",
        "range": [
          0,
          0.35
        ],
        "group_id": 288,
        "area": 3081,
        "mean_ndmi": -0.01,
        "mean_ndvi": 0.1
      },
      "geometry": {
        "type": "Polygon",
        "coordinates": [
          [
            [
              -105.09606983545675,
              30.82849995949435
            ],
            [
              -105.09598000392833,
              30.828589791022765
            ],
            [
              -105.09598000392833,
              30.829128780193244
            ],
            [
              -105.09589017239992,
              30.829218611721657
            ],
            [
              -105.09589017239992,
              30.82930844325007
            ],
            [
              -105.09553084628627,
              30.829667769363724
            ],
            [
              -105.09553084628627,
              30.829757600892137
            ],
            [
              -105.09544101475785,
              30.82984743242055
            ],
            [
              -105.09544101475785,
              30.830296590062616
            ],
            [
              -105.09535118322944,
              30.830296590062616
            ],
            [
              -105.09535118322944,
              30.830027095477377
            ],
            [
              -105.09526135170103,
              30.829937263948963
            ],
            [
              -105.09526135170103,
              30.82984743242055
            ],
            [
              -105.09544101475785,
              30.829667769363724
            ],
            [
              -105.09544101475785,
              30.829488106306897
            ],
            [
              -105.09589017239992,
              30.82903894866483
            ],
            [
              -105.09589017239992,
              30.828410127965938
            ],
            [
              -105.09598000392833,
              30.828320296437525
            ],
            [
              -105.09606983545675,
              30.828320296437525
            ],
            [
              -105.09606983545675,
              30.82849995949435
            ]
          ]
        ]
      }
    },
    {
      "type": "Feature",
      "properties": {
        "label": "dhf_low",
        "range": [
          0,
          0.35
        ],
        "group_id": 289,
        "area": 2610,
        "mean_ndmi": -0.02,
        "mean_ndvi": 0.1
      },
      "geometry": {
        "type": "Polygon",
        "coordinates": [
          [
            [
              -105.09606983545675,
              30.825086361414648
            ],
            [
              -105.09589017239992,
              30.825266024471475
            ],
            [
              -105.0958003408715,
              30.825266024471475
            ],
            [
              -105.09526135170103,
              30.825805013641954
            ],
            [
              -105.09526135170103,
              30.825894845170367
            ],
            [
              -105.09517152017261,
              30.82598467669878
            ],
            [
              -105.09517152017261,
              30.826164339755607
            ],
            [
              -105.0950816886442,
              30.826164339755607
            ],
            [
              -105.0950816886442,
              30.825805013641954
            ],
            [
              -105.09517152017261,
              30.82571518211354
            ],
            [
              -105.09517152017261,
              30.825625350585128
            ],
            [
              -105.09562067781468,
              30.82517619294306
            ],
            [
              -105.09571050934309,
              30.82517619294306
            ],
            [
              -105.0958003408715,
              30.825086361414648
            ],
            [
              -105.09589017239992,
              30.825086361414648
            ],
            [
              -105.09598000392833,
              30.824996529886235
            ],
            [
              -105.09606983545675,
              30.824996529886235
            ],
            [
              -105.09606983545675,
              30.825086361414648
            ]
          ]
        ]
      }
    },
    {
      "type": "Feature",
      "properties": {
        "label": "dhf_low",
        "range": [
          0,
          0.35
        ],
        "group_id": 292,
        "area": 1883,
        "mean_ndmi": -0.0,
        "mean_ndvi": 0.11
      },
      "geometry": {
        "type": "Polygon",
        "coordinates": [
          [
            [
              -105.09589017239992,
              30.81816933372683
            ],
            [
              -105.09571050934309,
              30.818348996783655
            ],
            [
              -105.09571050934309,
              30.81843882831207
            ],
            [
              -105.09562067781468,
              30.81843882831207
            ],
            [
              -105.09553084628627,
              30.81852865984048
            ],
            [
              -105.09553084628627,
              30.818708322897308
            ],
            [
              -105.09544101475785,
              30.818708322897308
            ],
            [
              -105.09535118322944,
              30.81879815442572
            ],
            [
              -105.09535118322944,
              30.818887985954134
            ],
            [
              -105.09517152017261,
              30.81906764901096
            ],
            [
              -105.09490202558737,
              30.81906764901096
            ],
            [
              -105.09490202558737,
              30.818977817482548
            ],
            [
              -105.09499185711579,
              30.818977817482548
            ],
            [
              -105.09544101475785,
              30.81852865984048
            ],
            [
              -105.09544101475785,
              30.81843882831207
            ],
            [
              -105.09553084628627,
              30.81843882831207
            ],
            [
              -105.09571050934309,
              30.818259165255242
            ],
            [
              -105.09571050934309,
              30.81816933372683
            ],
            [
              -105.0958003408715,
              30.818079502198415
            ],
            [
              -105.09589017239992,
              30.818079502198415
            ],
            [
              -105.09589017239992,
              30.81816933372683
            ]
          ]
        ]
      }
    },
    {
      "type": "Feature",
      "properties": {
        "label": "dhf_low",
        "range": [
          0,
          0.35
        ],
        "group_id": 293,
        "area": 1112,
        "mean_ndmi": 0.0,
        "mean_ndvi": 0.1
      },
      "geometry": {
        "type": "Polygon",
        "coordinates": [
          [
            [
              -105.09571050934309,
              30.839100079847114
            ],
            [
              -105.09562067781468,
              30.839189911375527
            ],
            [
              -105.09562067781468,
              30.83927974290394
            ],
            [
              -105.09553084628627,
              30.839369574432354
            ],
            [
              -105.09553084628627,
              30.839459405960767
            ],
            [
              -105.09544101475785,
              30.839459405960767
            ],
            [
              -105.09544101475785,
              30.839189911375527
            ],
            [
              -105.09553084628627,
              30.839100079847114
            ],
            [
              -105.09553084628627,
              30.8390102483187
            ],
            [
              -105.09562067781468,
              30.838920416790288
            ],
            [
              -105.09562067781468,
              30.838650922205048
            ],
            [
              -105.09571050934309,
              30.838650922205048
            ],
            [
              -105.09571050934309,
              30.839100079847114
            ]
          ]
        ]
      }
    },
    {
      "type": "Feature",
      "properties": {
        "label": "dhf_low",
        "range": [
          0,
          0.35
        ],
        "group_id": 296,
        "area": 2610,
        "mean_ndmi": -0.0,
        "mean_ndvi": 0.1
      },
      "geometry": {
        "type": "Polygon",
        "coordinates": [
          [
            [
              -105.09553084628627,
              30.82122360569288
            ],
            [
              -105.09544101475785,
              30.821313437221292
            ],
            [
              -105.09544101475785,
              30.821403268749705
            ],
            [
              -105.09535118322944,
              30.82149310027812
            ],
            [
              -105.09535118322944,
              30.82158293180653
            ],
            [
              -105.09526135170103,
              30.821672763334945
            ],
            [
              -105.09526135170103,
              30.82176259486336
            ],
            [
              -105.09517152017261,
              30.82185242639177
            ],
            [
              -105.09517152017261,
              30.821942257920185
            ],
            [
              -105.0950816886442,
              30.822032089448598
            ],
            [
              -105.0950816886442,
              30.82212192097701
            ],
            [
              -105.09499185711579,
              30.822211752505424
            ],
            [
              -105.09499185711579,
              30.822301584033838
            ],
            [
              -105.09490202558737,
              30.82239141556225
            ],
            [
              -105.09490202558737,
              30.822481247090664
            ],
            [
              -105.09481219405896,
              30.822571078619077
            ],
            [
              -105.09463253100213,
              30.822571078619077
            ],
            [
              -105.09463253100213,
              30.822481247090664
            ],
            [
              -105.09481219405896,
              30.822301584033838
            ],
            [
              -105.09481219405896,
              30.82212192097701
            ],
            [
              -105.09499185711579,
              30.821942257920185
            ],
            [
              -105.09499185711579,
              30.82185242639177
            ],
            [
              -105.09517152017261,
              30.821672763334945
            ],
            [
              -105.09517152017261,
              30.82158293180653
            ],
            [
              -105.09526135170103,
              30.82149310027812
            ],
            [
              -105.09526135170103,
              30.821403268749705
            ],
            [
              -105.09535118322944,
              30.821313437221292
            ],
            [
              -105.09535118322944,
              30.82122360569288
            ],
            [
              -105.09544101475785,
              30.821133774164466
            ],
            [
              -105.09553084628627,
              30.821133774164466
            ],
            [
              -105.09553084628627,
              30.82122360569288
            ]
          ]
        ]
      }
    },
    {
      "type": "Feature",
      "properties": {
        "label": "dhf_low",
        "range": [
          0,
          0.35
        ],
        "group_id": 297,
        "area": 7276,
        "mean_ndmi": -0.08,
        "mean_ndvi": 0.1
      },
      "geometry": {
        "type": "Polygon",
        "coordinates": [
          [
            [
              -105.09553084628627,
              30.810084496169637
            ],
            [
              -105.09544101475785,
              30.81017432769805
            ],
            [
              -105.09544101475785,
              30.810264159226463
            ],
            [
              -105.09517152017261,
              30.810533653811703
            ],
            [
              -105.09517152017261,
              30.810623485340116
            ],
            [
              -105.09490202558737,
              30.810892979925356
            ],
            [
              -105.09490202558737,
              30.81098281145377
            ],
            [
              -105.09463253100213,
              30.81125230603901
            ],
            [
              -105.09454269947372,
              30.81125230603901
            ],
            [
              -105.093734215718,
              30.812060789794728
            ],
            [
              -105.09337488960435,
              30.812060789794728
            ],
            [
              -105.09328505807594,
              30.81215062132314
            ],
            [
              -105.09292573196228,
              30.81215062132314
            ],
            [
              -105.09265623737704,
              30.81242011590838
            ],
            [
              -105.09247657432022,
              30.81242011590838
            ],
            [
              -105.0923867427918,
              30.812509947436794
            ],
            [
              -105.0923867427918,
              30.812599778965208
            ],
            [
              -105.09220707973498,
              30.812779442022034
            ],
            [
              -105.09211724820656,
              30.812779442022034
            ],
            [
              -105.09211724820656,
              30.81268961049362
            ],
            [
              -105.09220707973498,
              30.812599778965208
            ],
            [
              -105.09220707973498,
              30.812509947436794
            ],
            [
              -105.0923867427918,
              30.812330284379968
            ],
            [
              -105.09247657432022,
              30.812330284379968
            ],
            [
              -105.09265623737704,
              30.81215062132314
            ],
            [
              -105.09274606890546,
              30.81215062132314
            ],
            [
              -105.09283590043387,
              30.812060789794728
            ],
            [
              -105.09319522654752,
              30.812060789794728
            ],
            [
              -105.09328505807594,
              30.811970958266315
            ],
            [
              -105.09355455266117,
              30.811970958266315
            ],
            [
              -105.093734215718,
              30.81179129520949
            ],
            [
              -105.09382404724641,
              30.81179129520949
            ],
            [
              -105.09418337336007,
              30.811431969095835
            ],
            [
              -105.09418337336007,
              30.811342137567422
            ],
            [
              -105.09427320488848,
              30.81125230603901
            ],
            [
              -105.0943630364169,
              30.81125230603901
            ],
            [
              -105.09481219405896,
              30.810803148396943
            ],
            [
              -105.09481219405896,
              30.81071331686853
            ],
            [
              -105.0950816886442,
              30.81044382228329
            ],
            [
              -105.0950816886442,
              30.810353990754876
            ],
            [
              -105.09544101475785,
              30.809994664641223
            ],
            [
              -105.09544101475785,
              30.80990483311281
            ],
            [
              -105.09553084628627,
              30.80990483311281
            ],
            [
              -105.09553084628627,
              30.810084496169637
            ]
          ]
        ]
      }
    },
    {
      "type": "Feature",
      "properties": {
        "label": "dhf_low",
        "range": [
          0,
          0.35
        ],
        "group_id": 299,
        "area": 984,
        "mean_ndmi": -0.01,
        "mean_ndvi": 0.1
      },
      "geometry": {
        "type": "Polygon",
        "coordinates": [
          [
            [
              -105.09544101475785,
              30.828949117136418
            ],
            [
              -105.09526135170103,
              30.829128780193244
            ],
            [
              -105.09526135170103,
              30.829218611721657
            ],
            [
              -105.09517152017261,
              30.82930844325007
            ],
            [
              -105.09490202558737,
              30.82930844325007
            ],
            [
              -105.09490202558737,
              30.829218611721657
            ],
            [
              -105.09499185711579,
              30.829218611721657
            ],
            [
              -105.09535118322944,
              30.828859285608004
            ],
            [
              -105.09544101475785,
              30.828859285608004
            ],
            [
              -105.09544101475785,
              30.828949117136418
            ]
          ]
        ]
      }
    },
    {
      "type": "Feature",
      "properties": {
        "label": "dhf_low",
        "range": [
          0,
          0.35
        ],
        "group_id": 302,
        "area": 3081,
        "mean_ndmi": -0.05,
        "mean_ndvi": 0.1
      },
      "geometry": {
        "type": "Polygon",
        "coordinates": [
          [
            [
              -105.09517152017261,
              30.812779442022034
            ],
            [
              -105.0950816886442,
              30.812869273550447
            ],
            [
              -105.0950816886442,
              30.81295910507886
            ],
            [
              -105.09499185711579,
              30.813048936607274
            ],
            [
              -105.09499185711579,
              30.813138768135687
            ],
            [
              -105.09490202558737,
              30.8132285996641
            ],
            [
              -105.09472236253055,
              30.8132285996641
            ],
            [
              -105.09463253100213,
              30.813318431192513
            ],
            [
              -105.09463253100213,
              30.813408262720927
            ],
            [
              -105.0943630364169,
              30.813408262720927
            ],
            [
              -105.09427320488848,
              30.81349809424934
            ],
            [
              -105.09409354183165,
              30.81349809424934
            ],
            [
              -105.09400371030324,
              30.813587925777753
            ],
            [
              -105.093734215718,
              30.813587925777753
            ],
            [
              -105.09364438418959,
              30.81349809424934
            ],
            [
              -105.09355455266117,
              30.81349809424934
            ],
            [
              -105.09337488960435,
              30.813677757306166
            ],
            [
              -105.09319522654752,
              30.813677757306166
            ],
            [
              -105.09319522654752,
              30.813587925777753
            ],
            [
              -105.09328505807594,
              30.81349809424934
            ],
            [
              -105.09337488960435,
              30.81349809424934
            ],
            [
              -105.09346472113276,
              30.813408262720927
            ],
            [
              -105.09427320488848,
              30.813408262720927
            ],
            [
              -105.0943630364169,
              30.813318431192513
            ],
            [
              -105.09445286794531,
              30.813318431192513
            ],
            [
              -105.09463253100213,
              30.813138768135687
            ],
            [
              -105.09481219405896,
              30.813138768135687
            ],
            [
              -105.09490202558737,
              30.813048936607274
            ],
            [
              -105.09490202558737,
              30.812869273550447
            ],
            [
              -105.09499185711579,
              30.812869273550447
            ],
            [
              -105.0950816886442,
              30.812779442022034
            ],
            [
              -105.0950816886442,
              30.81268961049362
            ],
            [
              -105.09517152017261,
              30.81268961049362
            ],
            [
              -105.09517152017261,
              30.812779442022034
            ]
          ]
        ]
      }
    },
    {
      "type": "Feature",
      "properties": {
        "label": "dhf_low",
        "range": [
          0,
          0.35
        ],
        "group_id": 305,
        "area": 1497,
        "mean_ndmi": 0.0,
        "mean_ndvi": 0.1
      },
      "geometry": {
        "type": "Polygon",
        "coordinates": [
          [
            [
              -105.09499185711579,
              30.831644062988815
            ],
            [
              -105.09490202558737,
              30.831733894517228
            ],
            [
              -105.09490202558737,
              30.83182372604564
            ],
            [
              -105.09463253100213,
              30.83209322063088
            ],
            [
              -105.0943630364169,
              30.83209322063088
            ],
            [
              -105.0943630364169,
              30.832003389102468
            ],
            [
              -105.09445286794531,
              30.831913557574055
            ],
            [
              -105.09454269947372,
              30.831913557574055
            ],
            [
              -105.09490202558737,
              30.8315542314604
            ],
            [
              -105.09490202558737,
              30.83146439993199
            ],
            [
              -105.09499185711579,
              30.83146439993199
            ],
            [
              -105.09499185711579,
              30.831644062988815
            ]
          ]
        ]
      }
    },
    {
      "type": "Feature",
      "properties": {
        "label": "dhf_low",
        "range": [
          0,
          0.35
        ],
        "group_id": 307,
        "area": 1369,
        "mean_ndmi": 0.0,
        "mean_ndvi": 0.1
      },
      "geometry": {
        "type": "Polygon",
        "coordinates": [
          [
            [
              -105.09490202558737,
              30.82760164421022
            ],
            [
              -105.09481219405896,
              30.827691475738632
            ],
            [
              -105.09481219405896,
              30.827781307267045
            ],
            [
              -105.09445286794531,
              30.8281406333807
            ],
            [
              -105.09427320488848,
              30.8281406333807
            ],
            [
              -105.09427320488848,
              30.828050801852285
            ],
            [
              -105.09463253100213,
              30.827691475738632
            ],
            [
              -105.09472236253055,
              30.827691475738632
            ],
            [
              -105.09481219405896,
              30.82760164421022
            ],
            [
              -105.09481219405896,
              30.827511812681806
            ],
            [
              -105.09490202558737,
              30.827511812681806
            ],
            [
              -105.09490202558737,
              30.82760164421022
            ]
          ]
        ]
      }
    },
    {
      "type": "Feature",
      "properties": {
        "label": "dhf_low",
        "range": [
          0,
          0.35
        ],
        "group_id": 308,
        "area": 1369,
        "mean_ndmi": -0.01,
        "mean_ndvi": 0.1
      },
      "geometry": {
        "type": "Polygon",
        "coordinates": [
          [
            [
              -105.09472236253055,
              30.824367709187342
            ],
            [
              -105.09454269947372,
              30.82454737224417
            ],
            [
              -105.09454269947372,
              30.824637203772582
            ],
            [
              -105.09445286794531,
              30.824727035300995
            ],
            [
              -105.09445286794531,
              30.82490669835782
            ],
            [
              -105.0943630364169,
              30.824996529886235
            ],
            [
              -105.0943630364169,
              30.825086361414648
            ],
            [
              -105.09427320488848,
              30.825086361414648
            ],
            [
              -105.09427320488848,
              30.82490669835782
            ],
            [
              -105.0943630364169,
              30.82481686682941
            ],
            [
              -105.0943630364169,
              30.824637203772582
            ],
            [
              -105.09445286794531,
              30.82454737224417
            ],
            [
              -105.09445286794531,
              30.824367709187342
            ],
            [
              -105.09463253100213,
              30.824188046130516
            ],
            [
              -105.09472236253055,
              30.824188046130516
            ],
            [
              -105.09472236253055,
              30.824367709187342
            ]
          ]
        ]
      }
    },
    {
      "type": "Feature",
      "properties": {
        "label": "dhf_low",
        "range": [
          0,
          0.35
        ],
        "group_id": 311,
        "area": 898,
        "mean_ndmi": -0.01,
        "mean_ndvi": 0.1
      },
      "geometry": {
        "type": "Polygon",
        "coordinates": [
          [
            [
              -105.0943630364169,
              30.8254456875283
            ],
            [
              -105.09418337336007,
              30.825625350585128
            ],
            [
              -105.09418337336007,
              30.82571518211354
            ],
            [
              -105.09409354183165,
              30.825805013641954
            ],
            [
              -105.09409354183165,
              30.825894845170367
            ],
            [
              -105.09400371030324,
              30.825894845170367
            ],
            [
              -105.09391387877483,
              30.825805013641954
            ],
            [
              -105.09391387877483,
              30.82571518211354
            ],
            [
              -105.09400371030324,
              30.82571518211354
            ],
            [
              -105.09409354183165,
              30.825625350585128
            ],
            [
              -105.09409354183165,
              30.825535519056714
            ],
            [
              -105.09427320488848,
              30.825355855999888
            ],
            [
              -105.0943630364169,
              30.825355855999888
            ],
            [
              -105.0943630364169,
              30.8254456875283
            ]
          ]
        ]
      }
    },
    {
      "type": "Feature",
      "properties": {
        "label": "dhf_low",
        "range": [
          0,
          0.35
        ],
        "group_id": 312,
        "area": 1797,
        "mean_ndmi": -0.01,
        "mean_ndvi": 0.1
      },
      "geometry": {
        "type": "Polygon",
        "coordinates": [
          [
            [
              -105.09427320488848,
              30.829667769363724
            ],
            [
              -105.09418337336007,
              30.829757600892137
            ],
            [
              -105.09418337336007,
              30.82984743242055
            ],
            [
              -105.09400371030324,
              30.82984743242055
            ],
            [
              -105.09391387877483,
              30.829937263948963
            ],
            [
              -105.09382404724641,
              30.829937263948963
            ],
            [
              -105.093734215718,
              30.830027095477377
            ],
            [
              -105.093734215718,
              30.83011692700579
            ],
            [
              -105.09346472113276,
              30.83038642159103
            ],
            [
              -105.09337488960435,
              30.83038642159103
            ],
            [
              -105.09337488960435,
              30.830206758534203
            ],
            [
              -105.09364438418959,
              30.829937263948963
            ],
            [
              -105.093734215718,
              30.829937263948963
            ],
            [
              -105.09391387877483,
              30.829757600892137
            ],
            [
              -105.09400371030324,
              30.829757600892137
            ],
            [
              -105.09409354183165,
              30.829667769363724
            ],
            [
              -105.09409354183165,
              30.82957793783531
            ],
            [
              -105.09427320488848,
              30.82957793783531
            ],
            [
              -105.09427320488848,
              30.829667769363724
            ]
          ]
        ]
      }
    },
    {
      "type": "Feature",
      "properties": {
        "label": "dhf_low",
        "range": [
          0,
          0.35
        ],
        "group_id": 313,
        "area": 813,
        "mean_ndmi": 0.0,
        "mean_ndvi": 0.1
      },
      "geometry": {
        "type": "Polygon",
        "coordinates": [
          [
            [
              -105.09427320488848,
              30.82319989931797
            ],
            [
              -105.09418337336007,
              30.823289730846383
            ],
            [
              -105.09418337336007,
              30.82346939390321
            ],
            [
              -105.09400371030324,
              30.823649056960036
            ],
            [
              -105.09400371030324,
              30.82373888848845
            ],
            [
              -105.09391387877483,
              30.82373888848845
            ],
            [
              -105.09391387877483,
              30.82346939390321
            ],
            [
              -105.09400371030324,
              30.82346939390321
            ],
            [
              -105.09409354183165,
              30.823379562374797
            ],
            [
              -105.09409354183165,
              30.823289730846383
            ],
            [
              -105.09418337336007,
              30.82319989931797
            ],
            [
              -105.09418337336007,
              30.823110067789557
            ],
            [
              -105.09427320488848,
              30.823110067789557
            ],
            [
              -105.09427320488848,
              30.82319989931797
            ]
          ]
        ]
      }
    },
    {
      "type": "Feature",
      "properties": {
        "label": "dhf_low",
        "range": [
          0,
          0.35
        ],
        "group_id": 317,
        "area": 1070,
        "mean_ndmi": 0.0,
        "mean_ndvi": 0.11
      },
      "geometry": {
        "type": "Polygon",
        "coordinates": [
          [
            [
              -105.09400371030324,
              30.817540513027936
            ],
            [
              -105.09382404724641,
              30.817720176084762
            ],
            [
              -105.09382404724641,
              30.817810007613176
            ],
            [
              -105.09355455266117,
              30.818079502198415
            ],
            [
              -105.09355455266117,
              30.81816933372683
            ],
            [
              -105.09346472113276,
              30.81816933372683
            ],
            [
              -105.09346472113276,
              30.81789983914159
            ],
            [
              -105.09355455266117,
              30.81789983914159
            ],
            [
              -105.09382404724641,
              30.81763034455635
            ],
            [
              -105.09382404724641,
              30.817540513027936
            ],
            [
              -105.09391387877483,
              30.817450681499523
            ],
            [
              -105.09400371030324,
              30.817450681499523
            ],
            [
              -105.09400371030324,
              30.817540513027936
            ]
          ]
        ]
      }
    },
    {
      "type": "Feature",
      "properties": {
        "label": "dhf_low",
        "range": [
          0,
          0.35
        ],
        "group_id": 318,
        "area": 2182,
        "mean_ndmi": 0.0,
        "mean_ndvi": 0.1
      },
      "geometry": {
        "type": "Polygon",
        "coordinates": [
          [
            [
              -105.093734215718,
              30.8329017043866
            ],
            [
              -105.09355455266117,
              30.833081367443427
            ],
            [
              -105.09355455266117,
              30.833261030500253
            ],
            [
              -105.09346472113276,
              30.833350862028666
            ],
            [
              -105.09346472113276,
              30.833530525085493
            ],
            [
              -105.09337488960435,
              30.833620356613906
            ],
            [
              -105.09337488960435,
              30.83371018814232
            ],
            [
              -105.09328505807594,
              30.833800019670733
            ],
            [
              -105.09328505807594,
              30.833889851199146
            ],
            [
              -105.09319522654752,
              30.83397968272756
            ],
            [
              -105.09310539501911,
              30.83397968272756
            ],
            [
              -105.0930155634907,
              30.834069514255972
            ],
            [
              -105.09283590043387,
              30.834069514255972
            ],
            [
              -105.09274606890546,
              30.834159345784386
            ],
            [
              -105.09256640584863,
              30.834159345784386
            ],
            [
              -105.09256640584863,
              30.834069514255972
            ],
            [
              -105.09265623737704,
              30.834069514255972
            ],
            [
              -105.09274606890546,
              30.83397968272756
            ],
            [
              -105.09283590043387,
              30.83397968272756
            ],
            [
              -105.09292573196228,
              30.833889851199146
            ],
            [
              -105.09310539501911,
              30.833889851199146
            ],
            [
              -105.09328505807594,
              30.83371018814232
            ],
            [
              -105.09328505807594,
              30.833620356613906
            ],
            [
              -105.09337488960435,
              30.833530525085493
            ],
            [
              -105.09337488960435,
              30.833350862028666
            ],
            [
              -105.09346472113276,
              30.833261030500253
            ],
            [
              -105.09346472113276,
              30.8329017043866
            ],
            [
              -105.09355455266117,
              30.8329017043866
            ],
            [
              -105.09364438418959,
              30.832811872858187
            ],
            [
              -105.093734215718,
              30.832811872858187
            ],
            [
              -105.093734215718,
              30.8329017043866
            ]
          ]
        ]
      }
    },
    {
      "type": "Feature",
      "properties": {
        "label": "dhf_low",
        "range": [
          0,
          0.35
        ],
        "group_id": 319,
        "area": 1155,
        "mean_ndmi": -0.02,
        "mean_ndvi": 0.1
      },
      "geometry": {
        "type": "Polygon",
        "coordinates": [
          [
            [
              -105.09364438418959,
              30.82652366586926
            ],
            [
              -105.09346472113276,
              30.826703328926087
            ],
            [
              -105.09346472113276,
              30.8267931604545
            ],
            [
              -105.09328505807594,
              30.826972823511326
            ],
            [
              -105.09310539501911,
              30.826972823511326
            ],
            [
              -105.09310539501911,
              30.826882991982913
            ],
            [
              -105.09355455266117,
              30.826433834340847
            ],
            [
              -105.09364438418959,
              30.826433834340847
            ],
            [
              -105.09364438418959,
              30.82652366586926
            ]
          ]
        ]
      }
    },
    {
      "type": "Feature",
      "properties": {
        "label": "dhf_low",
        "range": [
          0,
          0.35
        ],
        "group_id": 321,
        "area": 1241,
        "mean_ndmi": -0.09,
        "mean_ndvi": 0.1
      },
      "geometry": {
        "type": "Polygon",
        "coordinates": [
          [
            [
              -105.09355455266117,
              30.810264159226463
            ],
            [
              -105.09337488960435,
              30.810264159226463
            ],
            [
              -105.09328505807594,
              30.810353990754876
            ],
            [
              -105.09319522654752,
              30.810353990754876
            ],
            [
              -105.09310539501911,
              30.81044382228329
            ],
            [
              -105.0930155634907,
              30.81044382228329
            ],
            [
              -105.09274606890546,
              30.81071331686853
            ],
            [
              -105.09265623737704,
              30.81071331686853
            ],
            [
              -105.09265623737704,
              30.810533653811703
            ],
            [
              -105.09274606890546,
              30.81044382228329
            ],
            [
              -105.09283590043387,
              30.81044382228329
            ],
            [
              -105.09292573196228,
              30.810353990754876
            ],
            [
              -105.09310539501911,
              30.810353990754876
            ],
            [
              -105.09319522654752,
              30.810264159226463
            ],
            [
              -105.09328505807594,
              30.810264159226463
            ],
            [
              -105.09337488960435,
              30.81017432769805
            ],
            [
              -105.09355455266117,
              30.81017432769805
            ],
            [
              -105.09355455266117,
              30.810264159226463
            ]
          ]
        ]
      }
    },
    {
      "type": "Feature",
      "properties": {
        "label": "dhf_low",
        "range": [
          0,
          0.35
        ],
        "group_id": 322,
        "area": 2653,
        "mean_ndmi": -0.03,
        "mean_ndvi": 0.11
      },
      "geometry": {
        "type": "Polygon",
        "coordinates": [
          [
            [
              -105.09346472113276,
              30.816462534686977
            ],
            [
              -105.09328505807594,
              30.816462534686977
            ],
            [
              -105.0930155634907,
              30.816732029272217
            ],
            [
              -105.09292573196228,
              30.816732029272217
            ],
            [
              -105.09274606890546,
              30.816911692329043
            ],
            [
              -105.09265623737704,
              30.816911692329043
            ],
            [
              -105.09247657432022,
              30.81709135538587
            ],
            [
              -105.09247657432022,
              30.817181186914283
            ],
            [
              -105.0923867427918,
              30.817271018442696
            ],
            [
              -105.0923867427918,
              30.81736084997111
            ],
            [
              -105.09229691126339,
              30.817450681499523
            ],
            [
              -105.09229691126339,
              30.81763034455635
            ],
            [
              -105.09220707973498,
              30.81763034455635
            ],
            [
              -105.09220707973498,
              30.817271018442696
            ],
            [
              -105.09229691126339,
              30.817181186914283
            ],
            [
              -105.09229691126339,
              30.81709135538587
            ],
            [
              -105.09274606890546,
              30.816642197743803
            ],
            [
              -105.09283590043387,
              30.816642197743803
            ],
            [
              -105.09292573196228,
              30.81655236621539
            ],
            [
              -105.0930155634907,
              30.81655236621539
            ],
            [
              -105.09310539501911,
              30.816462534686977
            ],
            [
              -105.09319522654752,
              30.816462534686977
            ],
            [
              -105.09328505807594,
              30.816372703158564
            ],
            [
              -105.09346472113276,
              30.816372703158564
            ],
            [
              -105.09346472113276,
              30.816462534686977
            ]
          ]
        ]
      }
    },
    {
      "type": "Feature",
      "properties": {
        "label": "dhf_low",
        "range": [
          0,
          0.35
        ],
        "group_id": 332,
        "area": 1455,
        "mean_ndmi": 0.0,
        "mean_ndvi": 0.1
      },
      "geometry": {
        "type": "Polygon",
        "coordinates": [
          [
            [
              -105.09283590043387,
              30.827152486568153
            ],
            [
              -105.09274606890546,
              30.827242318096566
            ],
            [
              -105.09274606890546,
              30.82733214962498
            ],
            [
              -105.09256640584863,
              30.827511812681806
            ],
            [
              -105.09256640584863,
              30.82760164421022
            ],
            [
              -105.09247657432022,
              30.827691475738632
            ],
            [
              -105.09247657432022,
              30.827781307267045
            ],
            [
              -105.0923867427918,
              30.82787113879546
            ],
            [
              -105.09229691126339,
              30.82787113879546
            ],
            [
              -105.09229691126339,
              30.827691475738632
            ],
            [
              -105.0923867427918,
              30.82760164421022
            ],
            [
              -105.0923867427918,
              30.827511812681806
            ],
            [
              -105.09256640584863,
              30.82733214962498
            ],
            [
              -105.09256640584863,
              30.827242318096566
            ],
            [
              -105.09274606890546,
              30.82706265503974
            ],
            [
              -105.09283590043387,
              30.82706265503974
            ],
            [
              -105.09283590043387,
              30.827152486568153
            ]
          ]
        ]
      }
    },
    {
      "type": "Feature",
      "properties": {
        "label": "dhf_low",
        "range": [
          0,
          0.35
        ],
        "group_id": 333,
        "area": 1070,
        "mean_ndmi": 0.0,
        "mean_ndvi": 0.1
      },
      "geometry": {
        "type": "Polygon",
        "coordinates": [
          [
            [
              -105.09283590043387,
              30.823828720016863
            ],
            [
              -105.09274606890546,
              30.823918551545276
            ],
            [
              -105.09274606890546,
              30.824098214602103
            ],
            [
              -105.09256640584863,
              30.82427787765893
            ],
            [
              -105.09229691126339,
              30.82427787765893
            ],
            [
              -105.09229691126339,
              30.824188046130516
            ],
            [
              -105.0923867427918,
              30.824188046130516
            ],
            [
              -105.09274606890546,
              30.823828720016863
            ],
            [
              -105.09274606890546,
              30.82373888848845
            ],
            [
              -105.09283590043387,
              30.82373888848845
            ],
            [
              -105.09283590043387,
              30.823828720016863
            ]
          ]
        ]
      }
    },
    {
      "type": "Feature",
      "properties": {
        "label": "dhf_low",
        "range": [
          0,
          0.35
        ],
        "group_id": 335,
        "area": 941,
        "mean_ndmi": -0.04,
        "mean_ndvi": 0.1
      },
      "geometry": {
        "type": "Polygon",
        "coordinates": [
          [
            [
              -105.09256640584863,
              30.814935398703952
            ],
            [
              -105.09247657432022,
              30.815025230232365
            ],
            [
              -105.09247657432022,
              30.81520489328919
            ],
            [
              -105.0923867427918,
              30.815294724817605
            ],
            [
              -105.0923867427918,
              30.815384556346018
            ],
            [
              -105.09229691126339,
              30.815384556346018
            ],
            [
              -105.09229691126339,
              30.815025230232365
            ],
            [
              -105.09247657432022,
              30.81484556717554
            ],
            [
              -105.09247657432022,
              30.814755735647125
            ],
            [
              -105.09256640584863,
              30.814755735647125
            ],
            [
              -105.09256640584863,
              30.814935398703952
            ]
          ]
        ]
      }
    },
    {
      "type": "Feature",
      "properties": {
        "label": "dhf_low",
        "range": [
          0,
          0.35
        ],
        "group_id": 339,
        "area": 1155,
        "mean_ndmi": 0.0,
        "mean_ndvi": 0.11
      },
      "geometry": {
        "type": "Polygon",
        "coordinates": [
          [
            [
              -105.09202741667815,
              30.821403268749705
            ],
            [
              -105.09193758514974,
              30.821403268749705
            ],
            [
              -105.09184775362132,
              30.82149310027812
            ],
            [
              -105.09184775362132,
              30.82158293180653
            ],
            [
              -105.09175792209291,
              30.82158293180653
            ],
            [
              -105.09157825903608,
              30.82176259486336
            ],
            [
              -105.09157825903608,
              30.82185242639177
            ],
            [
              -105.09148842750767,
              30.821942257920185
            ],
            [
              -105.09139859597926,
              30.821942257920185
            ],
            [
              -105.09139859597926,
              30.82176259486336
            ],
            [
              -105.09175792209291,
              30.821403268749705
            ],
            [
              -105.09184775362132,
              30.821403268749705
            ],
            [
              -105.09193758514974,
              30.821313437221292
            ],
            [
              -105.09202741667815,
              30.821313437221292
            ],
            [
              -105.09202741667815,
              30.821403268749705
            ]
          ]
        ]
      }
    },
    {
      "type": "Feature",
      "properties": {
        "label": "dhf_low",
        "range": [
          0,
          0.35
        ],
        "group_id": 340,
        "area": 1284,
        "mean_ndmi": -0.08,
        "mean_ndvi": 0.11
      },
      "geometry": {
        "type": "Polygon",
        "coordinates": [
          [
            [
              -105.09202741667815,
              30.813947251891406
            ],
            [
              -105.09193758514974,
              30.81403708341982
            ],
            [
              -105.09193758514974,
              30.814126914948233
            ],
            [
              -105.0916680905645,
              30.814396409533472
            ],
            [
              -105.0916680905645,
              30.814486241061886
            ],
            [
              -105.09157825903608,
              30.8145760725903
            ],
            [
              -105.09157825903608,
              30.814755735647125
            ],
            [
              -105.09148842750767,
              30.814755735647125
            ],
            [
              -105.09148842750767,
              30.814396409533472
            ],
            [
              -105.09193758514974,
              30.813947251891406
            ],
            [
              -105.09193758514974,
              30.813857420362993
            ],
            [
              -105.09202741667815,
              30.813857420362993
            ],
            [
              -105.09202741667815,
              30.813947251891406
            ]
          ]
        ]
      }
    },
    {
      "type": "Feature",
      "properties": {
        "label": "dhf_low",
        "range": [
          0,
          0.35
        ],
        "group_id": 343,
        "area": 727,
        "mean_ndmi": -0.01,
        "mean_ndvi": 0.1
      },
      "geometry": {
        "type": "Polygon",
        "coordinates": [
          [
            [
              -105.09184775362132,
              30.820594784993986
            ],
            [
              -105.09157825903608,
              30.820864279579226
            ],
            [
              -105.09148842750767,
              30.820864279579226
            ],
            [
              -105.09148842750767,
              30.8206846165224
            ],
            [
              -105.09157825903608,
              30.820594784993986
            ],
            [
              -105.0916680905645,
              30.820594784993986
            ],
            [
              -105.09175792209291,
              30.820504953465573
            ],
            [
              -105.09184775362132,
              30.820504953465573
            ],
            [
              -105.09184775362132,
              30.820594784993986
            ]
          ]
        ]
      }
    },
    {
      "type": "Feature",
      "properties": {
        "label": "dhf_low",
        "range": [
          0,
          0.35
        ],
        "group_id": 344,
        "area": 1069,
        "mean_ndmi": 0.0,
        "mean_ndvi": 0.1
      },
      "geometry": {
        "type": "Polygon",
        "coordinates": [
          [
            [
              -105.0916680905645,
              30.836405133994717
            ],
            [
              -105.09157825903608,
              30.83649496552313
            ],
            [
              -105.09157825903608,
              30.836674628579956
            ],
            [
              -105.09130876445084,
              30.836944123165196
            ],
            [
              -105.09121893292243,
              30.836944123165196
            ],
            [
              -105.09121893292243,
              30.83676446010837
            ],
            [
              -105.09130876445084,
              30.836674628579956
            ],
            [
              -105.09139859597926,
              30.836674628579956
            ],
            [
              -105.09148842750767,
              30.836584797051543
            ],
            [
              -105.09148842750767,
              30.836405133994717
            ],
            [
              -105.09157825903608,
              30.836315302466303
            ],
            [
              -105.0916680905645,
              30.836315302466303
            ],
            [
              -105.0916680905645,
              30.836405133994717
            ]
          ]
        ]
      }
    },
    {
      "type": "Feature",
      "properties": {
        "label": "dhf_low",
        "range": [
          0,
          0.35
        ],
        "group_id": 357,
        "area": 941,
        "mean_ndmi": -0.05,
        "mean_ndvi": 0.1
      },
      "geometry": {
        "type": "Polygon",
        "coordinates": [
          [
            [
              -105.09130876445084,
              30.816372703158564
            ],
            [
              -105.09121893292243,
              30.816462534686977
            ],
            [
              -105.09121893292243,
              30.81655236621539
            ],
            [
              -105.09112910139402,
              30.816642197743803
            ],
            [
              -105.09112910139402,
              30.816732029272217
            ],
            [
              -105.0910392698656,
              30.816732029272217
            ],
            [
              -105.0910392698656,
              30.816462534686977
            ],
            [
              -105.09112910139402,
              30.816372703158564
            ],
            [
              -105.09112910139402,
              30.81628287163015
            ],
            [
              -105.09121893292243,
              30.816193040101737
            ],
            [
              -105.09121893292243,
              30.816103208573324
            ],
            [
              -105.09130876445084,
              30.816103208573324
            ],
            [
              -105.09130876445084,
              30.816372703158564
            ]
          ]
        ]
      }
    },
    {
      "type": "Feature",
      "properties": {
        "label": "dhf_low",
        "range": [
          0,
          0.35
        ],
        "group_id": 359,
        "area": 1027,
        "mean_ndmi": 0.0,
        "mean_ndvi": 0.1
      },
      "geometry": {
        "type": "Polygon",
        "coordinates": [
          [
            [
              -105.09121893292243,
              30.827242318096566
            ],
            [
              -105.09112910139402,
              30.82733214962498
            ],
            [
              -105.09112910139402,
              30.827421981153392
            ],
            [
              -105.0910392698656,
              30.827511812681806
            ],
            [
              -105.09094943833719,
              30.827511812681806
            ],
            [
              -105.09094943833719,
              30.82733214962498
            ],
            [
              -105.0910392698656,
              30.827242318096566
            ],
            [
              -105.0910392698656,
              30.827152486568153
            ],
            [
              -105.09112910139402,
              30.82706265503974
            ],
            [
              -105.09112910139402,
              30.8267931604545
            ],
            [
              -105.09121893292243,
              30.8267931604545
            ],
            [
              -105.09121893292243,
              30.827242318096566
            ]
          ]
        ]
      }
    },
    {
      "type": "Feature",
      "properties": {
        "label": "dhf_low",
        "range": [
          0,
          0.35
        ],
        "group_id": 360,
        "area": 1369,
        "mean_ndmi": -0.01,
        "mean_ndvi": 0.13
      },
      "geometry": {
        "type": "Polygon",
        "coordinates": [
          [
            [
              -105.09121893292243,
              30.8193371435962
            ],
            [
              -105.09112910139402,
              30.819426975124614
            ],
            [
              -105.09112910139402,
              30.819516806653027
            ],
            [
              -105.0910392698656,
              30.819516806653027
            ],
            [
              -105.09067994375195,
              30.81987613276668
            ],
            [
              -105.09050028069512,
              30.81987613276668
            ],
            [
              -105.09050028069512,
              30.819786301238267
            ],
            [
              -105.09059011222354,
              30.819696469709854
            ],
            [
              -105.09067994375195,
              30.819696469709854
            ],
            [
              -105.0910392698656,
              30.8193371435962
            ],
            [
              -105.0910392698656,
              30.819247312067787
            ],
            [
              -105.09121893292243,
              30.819247312067787
            ],
            [
              -105.09121893292243,
              30.8193371435962
            ]
          ]
        ]
      }
    },
    {
      "type": "Feature",
      "properties": {
        "label": "dhf_low",
        "range": [
          0,
          0.35
        ],
        "group_id": 361,
        "area": 641,
        "mean_ndmi": 0.0,
        "mean_ndvi": 0.12
      },
      "geometry": {
        "type": "Polygon",
        "coordinates": [
          [
            [
              -105.09112910139402,
              30.839189911375527
            ],
            [
              -105.0910392698656,
              30.83927974290394
            ],
            [
              -105.09076977528036,
              30.83927974290394
            ],
            [
              -105.09076977528036,
              30.839189911375527
            ],
            [
              -105.09085960680878,
              30.839189911375527
            ],
            [
              -105.0910392698656,
              30.8390102483187
            ],
            [
              -105.09112910139402,
              30.8390102483187
            ],
            [
              -105.09112910139402,
              30.839189911375527
            ]
          ]
        ]
      }
    },
    {
      "type": "Feature",
      "properties": {
        "label": "dhf_low",
        "range": [
          0,
          0.35
        ],
        "group_id": 363,
        "area": 2011,
        "mean_ndmi": -0.07,
        "mean_ndvi": 0.1
      },
      "geometry": {
        "type": "Polygon",
        "coordinates": [
          [
            [
              -105.09094943833719,
              30.815654050931258
            ],
            [
              -105.09085960680878,
              30.815654050931258
            ],
            [
              -105.09076977528036,
              30.81574388245967
            ],
            [
              -105.09059011222354,
              30.81574388245967
            ],
            [
              -105.09050028069512,
              30.815833713988084
            ],
            [
              -105.09041044916671,
              30.815833713988084
            ],
            [
              -105.09005112305306,
              30.816193040101737
            ],
            [
              -105.09005112305306,
              30.816372703158564
            ],
            [
              -105.08996129152465,
              30.816462534686977
            ],
            [
              -105.08996129152465,
              30.81655236621539
            ],
            [
              -105.08987145999623,
              30.81655236621539
            ],
            [
              -105.08987145999623,
              30.81628287163015
            ],
            [
              -105.08996129152465,
              30.816193040101737
            ],
            [
              -105.08996129152465,
              30.81601337704491
            ],
            [
              -105.09014095458147,
              30.815833713988084
            ],
            [
              -105.09023078610988,
              30.815833713988084
            ],
            [
              -105.0903206176383,
              30.81574388245967
            ],
            [
              -105.09050028069512,
              30.81574388245967
            ],
            [
              -105.09059011222354,
              30.815654050931258
            ],
            [
              -105.09076977528036,
              30.815654050931258
            ],
            [
              -105.09085960680878,
              30.815564219402845
            ],
            [
              -105.09094943833719,
              30.815564219402845
            ],
            [
              -105.09094943833719,
              30.815654050931258
            ]
          ]
        ]
      }
    },
    {
      "type": "Feature",
      "properties": {
        "label": "dhf_low",
        "range": [
          0,
          0.35
        ],
        "group_id": 367,
        "area": 898,
        "mean_ndmi": -0.03,
        "mean_ndvi": 0.12
      },
      "geometry": {
        "type": "Polygon",
        "coordinates": [
          [
            [
              -105.09059011222354,
              30.830745747704682
            ],
            [
              -105.09041044916671,
              30.830745747704682
            ],
            [
              -105.09041044916671,
              30.830566084647856
            ],
            [
              -105.0903206176383,
              30.830476253119443
            ],
            [
              -105.0903206176383,
              30.830027095477377
            ],
            [
              -105.09041044916671,
              30.830027095477377
            ],
            [
              -105.09041044916671,
              30.83038642159103
            ],
            [
              -105.09050028069512,
              30.830476253119443
            ],
            [
              -105.09050028069512,
              30.830566084647856
            ],
            [
              -105.09059011222354,
              30.83065591617627
            ],
            [
              -105.09059011222354,
              30.830745747704682
            ]
          ]
        ]
      }
    },
    {
      "type": "Feature",
      "properties": {
        "label": "dhf_low",
        "range": [
          0,
          0.35
        ],
        "group_id": 368,
        "area": 1540,
        "mean_ndmi": -0.08,
        "mean_ndvi": 0.11
      },
      "geometry": {
        "type": "Polygon",
        "coordinates": [
          [
            [
              -105.09059011222354,
              30.813138768135687
            ],
            [
              -105.0903206176383,
              30.813138768135687
            ],
            [
              -105.09014095458147,
              30.813318431192513
            ],
            [
              -105.08933247082575,
              30.813318431192513
            ],
            [
              -105.08924263929734,
              30.8132285996641
            ],
            [
              -105.08915280776893,
              30.8132285996641
            ],
            [
              -105.08915280776893,
              30.813138768135687
            ],
            [
              -105.08933247082575,
              30.813138768135687
            ],
            [
              -105.08942230235417,
              30.8132285996641
            ],
            [
              -105.09005112305306,
              30.8132285996641
            ],
            [
              -105.09014095458147,
              30.813138768135687
            ],
            [
              -105.09023078610988,
              30.813138768135687
            ],
            [
              -105.0903206176383,
              30.813048936607274
            ],
            [
              -105.09059011222354,
              30.813048936607274
            ],
            [
              -105.09059011222354,
              30.813138768135687
            ]
          ]
        ]
      }
    },
    {
      "type": "Feature",
      "properties": {
        "label": "dhf_low",
        "range": [
          0,
          0.35
        ],
        "group_id": 370,
        "area": 599,
        "mean_ndmi": 0.0,
        "mean_ndvi": 0.1
      },
      "geometry": {
        "type": "Polygon",
        "coordinates": [
          [
            [
              -105.09050028069512,
              30.82957793783531
            ],
            [
              -105.09041044916671,
              30.829667769363724
            ],
            [
              -105.09041044916671,
              30.829757600892137
            ],
            [
              -105.0903206176383,
              30.829757600892137
            ],
            [
              -105.0903206176383,
              30.82957793783531
            ],
            [
              -105.09041044916671,
              30.829488106306897
            ],
            [
              -105.09041044916671,
              30.829218611721657
            ],
            [
              -105.09050028069512,
              30.829218611721657
            ],
            [
              -105.09050028069512,
              30.82957793783531
            ]
          ]
        ]
      }
    },
    {
      "type": "Feature",
      "properties": {
        "label": "dhf_low",
        "range": [
          0,
          0.35
        ],
        "group_id": 372,
        "area": 2524,
        "mean_ndmi": -0.01,
        "mean_ndvi": 0.1
      },
      "geometry": {
        "type": "Polygon",
        "coordinates": [
          [
            [
              -105.0903206176383,
              30.832272883687708
            ],
            [
              -105.09023078610988,
              30.83236271521612
            ],
            [
              -105.09023078610988,
              30.832452546744534
            ],
            [
              -105.09014095458147,
              30.832542378272947
            ],
            [
              -105.09014095458147,
              30.832722041329774
            ],
            [
              -105.09005112305306,
              30.832811872858187
            ],
            [
              -105.09005112305306,
              30.832991535915014
            ],
            [
              -105.08978162846782,
              30.833261030500253
            ],
            [
              -105.08978162846782,
              30.833350862028666
            ],
            [
              -105.08996129152465,
              30.833530525085493
            ],
            [
              -105.08996129152465,
              30.833620356613906
            ],
            [
              -105.08987145999623,
              30.833620356613906
            ],
            [
              -105.0896917969394,
              30.83344069355708
            ],
            [
              -105.08960196541099,
              30.83344069355708
            ],
            [
              -105.08951213388258,
              30.833530525085493
            ],
            [
              -105.08942230235417,
              30.833530525085493
            ],
            [
              -105.08942230235417,
              30.83344069355708
            ],
            [
              -105.08951213388258,
              30.83344069355708
            ],
            [
              -105.08978162846782,
              30.83317119897184
            ],
            [
              -105.08978162846782,
              30.832991535915014
            ],
            [
              -105.08987145999623,
              30.8329017043866
            ],
            [
              -105.08987145999623,
              30.832811872858187
            ],
            [
              -105.08996129152465,
              30.832722041329774
            ],
            [
              -105.08996129152465,
              30.83263220980136
            ],
            [
              -105.09005112305306,
              30.832542378272947
            ],
            [
              -105.09005112305306,
              30.832452546744534
            ],
            [
              -105.09023078610988,
              30.832272883687708
            ],
            [
              -105.09023078610988,
              30.832183052159294
            ],
            [
              -105.0903206176383,
              30.832183052159294
            ],
            [
              -105.0903206176383,
              30.832272883687708
            ]
          ]
        ]
      }
    },
    {
      "type": "Feature",
      "properties": {
        "label": "dhf_low",
        "range": [
          0,
          0.35
        ],
        "group_id": 373,
        "area": 898,
        "mean_ndmi": 0.0,
        "mean_ndvi": 0.1
      },
      "geometry": {
        "type": "Polygon",
        "coordinates": [
          [
            [
              -105.0903206176383,
              30.823828720016863
            ],
            [
              -105.09023078610988,
              30.823918551545276
            ],
            [
              -105.09023078610988,
              30.824098214602103
            ],
            [
              -105.09014095458147,
              30.824188046130516
            ],
            [
              -105.09014095458147,
              30.824367709187342
            ],
            [
              -105.08996129152465,
              30.824367709187342
            ],
            [
              -105.08996129152465,
              30.82427787765893
            ],
            [
              -105.09005112305306,
              30.824188046130516
            ],
            [
              -105.09005112305306,
              30.824098214602103
            ],
            [
              -105.09014095458147,
              30.82400838307369
            ],
            [
              -105.09014095458147,
              30.823828720016863
            ],
            [
              -105.09023078610988,
              30.82373888848845
            ],
            [
              -105.0903206176383,
              30.82373888848845
            ],
            [
              -105.0903206176383,
              30.823828720016863
            ]
          ]
        ]
      }
    },
    {
      "type": "Feature",
      "properties": {
        "label": "dhf_low",
        "range": [
          0,
          0.35
        ],
        "group_id": 374,
        "area": 1112,
        "mean_ndmi": -0.0,
        "mean_ndvi": 0.1
      },
      "geometry": {
        "type": "Polygon",
        "coordinates": [
          [
            [
              -105.09023078610988,
              30.81987613276668
            ],
            [
              -105.09005112305306,
              30.81987613276668
            ],
            [
              -105.08996129152465,
              30.819965964295093
            ],
            [
              -105.08987145999623,
              30.819965964295093
            ],
            [
              -105.08978162846782,
              30.820055795823507
            ],
            [
              -105.08978162846782,
              30.82014562735192
            ],
            [
              -105.0896917969394,
              30.820235458880333
            ],
            [
              -105.08960196541099,
              30.820235458880333
            ],
            [
              -105.08960196541099,
              30.820055795823507
            ],
            [
              -105.08987145999623,
              30.819786301238267
            ],
            [
              -105.09023078610988,
              30.819786301238267
            ],
            [
              -105.09023078610988,
              30.81987613276668
            ]
          ]
        ]
      }
    },
    {
      "type": "Feature",
      "properties": {
        "label": "dhf_low",
        "range": [
          0,
          0.35
        ],
        "group_id": 377,
        "area": 1198,
        "mean_ndmi": 0.0,
        "mean_ndvi": 0.1
      },
      "geometry": {
        "type": "Polygon",
        "coordinates": [
          [
            [
              -105.09014095458147,
              30.822571078619077
            ],
            [
              -105.09005112305306,
              30.822571078619077
            ],
            [
              -105.08996129152465,
              30.82266091014749
            ],
            [
              -105.08996129152465,
              30.822750741675904
            ],
            [
              -105.08987145999623,
              30.822750741675904
            ],
            [
              -105.08960196541099,
              30.823020236261144
            ],
            [
              -105.08951213388258,
              30.823020236261144
            ],
            [
              -105.08951213388258,
              30.822840573204317
            ],
            [
              -105.0896917969394,
              30.82266091014749
            ],
            [
              -105.08978162846782,
              30.82266091014749
            ],
            [
              -105.08987145999623,
              30.822571078619077
            ],
            [
              -105.08996129152465,
              30.822571078619077
            ],
            [
              -105.09005112305306,
              30.822481247090664
            ],
            [
              -105.09014095458147,
              30.822481247090664
            ],
            [
              -105.09014095458147,
              30.822571078619077
            ]
          ]
        ]
      }
    },
    {
      "type": "Feature",
      "properties": {
        "label": "dhf_low",
        "range": [
          0,
          0.35
        ],
        "group_id": 378,
        "area": 642,
        "mean_ndmi": -0.01,
        "mean_ndvi": 0.1
      },
      "geometry": {
        "type": "Polygon",
        "coordinates": [
          [
            [
              -105.0896917969394,
              30.818079502198415
            ],
            [
              -105.08960196541099,
              30.81816933372683
            ],
            [
              -105.08960196541099,
              30.818259165255242
            ],
            [
              -105.08951213388258,
              30.818348996783655
            ],
            [
              -105.08951213388258,
              30.81852865984048
            ],
            [
              -105.08942230235417,
              30.81852865984048
            ],
            [
              -105.08942230235417,
              30.818348996783655
            ],
            [
              -105.08951213388258,
              30.818259165255242
            ],
            [
              -105.08951213388258,
              30.817989670670002
            ],
            [
              -105.0896917969394,
              30.817989670670002
            ],
            [
              -105.0896917969394,
              30.818079502198415
            ]
          ]
        ]
      }
    },
    {
      "type": "Feature",
      "properties": {
        "label": "dhf_low",
        "range": [
          0,
          0.35
        ],
        "group_id": 380,
        "area": 1412,
        "mean_ndmi": -0.0,
        "mean_ndvi": 0.1
      },
      "geometry": {
        "type": "Polygon",
        "coordinates": [
          [
            [
              -105.08960196541099,
              30.82957793783531
            ],
            [
              -105.08942230235417,
              30.829757600892137
            ],
            [
              -105.08942230235417,
              30.82984743242055
            ],
            [
              -105.08924263929734,
              30.830027095477377
            ],
            [
              -105.08924263929734,
              30.830296590062616
            ],
            [
              -105.08915280776893,
              30.830296590062616
            ],
            [
              -105.08915280776893,
              30.829937263948963
            ],
            [
              -105.08924263929734,
              30.82984743242055
            ],
            [
              -105.08924263929734,
              30.829757600892137
            ],
            [
              -105.08933247082575,
              30.829667769363724
            ],
            [
              -105.08933247082575,
              30.82957793783531
            ],
            [
              -105.08942230235417,
              30.82957793783531
            ],
            [
              -105.08951213388258,
              30.829488106306897
            ],
            [
              -105.08951213388258,
              30.82930844325007
            ],
            [
              -105.08960196541099,
              30.82930844325007
            ],
            [
              -105.08960196541099,
              30.82957793783531
            ]
          ]
        ]
      }
    },
    {
      "type": "Feature",
      "properties": {
        "label": "dhf_low",
        "range": [
          0,
          0.35
        ],
        "group_id": 383,
        "area": 1369,
        "mean_ndmi": -0.01,
        "mean_ndvi": 0.1
      },
      "geometry": {
        "type": "Polygon",
        "coordinates": [
          [
            [
              -105.08942230235417,
              30.826074508227194
            ],
            [
              -105.08933247082575,
              30.826164339755607
            ],
            [
              -105.08933247082575,
              30.82652366586926
            ],
            [
              -105.08924263929734,
              30.826613497397673
            ],
            [
              -105.08924263929734,
              30.82733214962498
            ],
            [
              -105.08915280776893,
              30.82733214962498
            ],
            [
              -105.08915280776893,
              30.82652366586926
            ],
            [
              -105.08924263929734,
              30.826433834340847
            ],
            [
              -105.08924263929734,
              30.826164339755607
            ],
            [
              -105.08933247082575,
              30.826074508227194
            ],
            [
              -105.08933247082575,
              30.82598467669878
            ],
            [
              -105.08942230235417,
              30.82598467669878
            ],
            [
              -105.08942230235417,
              30.826074508227194
            ]
          ]
        ]
      }
    },
    {
      "type": "Feature",
      "properties": {
        "label": "dhf_low",
        "range": [
          0,
          0.35
        ],
        "group_id": 387,
        "area": 1540,
        "mean_ndmi": 0.0,
        "mean_ndvi": 0.1
      },
      "geometry": {
        "type": "Polygon",
        "coordinates": [
          [
            [
              -105.0889731447121,
              30.829128780193244
            ],
            [
              -105.08888331318369,
              30.829218611721657
            ],
            [
              -105.08888331318369,
              30.82930844325007
            ],
            [
              -105.08879348165527,
              30.829398274778484
            ],
            [
              -105.08879348165527,
              30.829488106306897
            ],
            [
              -105.08870365012686,
              30.82957793783531
            ],
            [
              -105.08870365012686,
              30.829937263948963
            ],
            [
              -105.08879348165527,
              30.830027095477377
            ],
            [
              -105.08879348165527,
              30.83011692700579
            ],
            [
              -105.08870365012686,
              30.83011692700579
            ],
            [
              -105.08861381859845,
              30.830027095477377
            ],
            [
              -105.08861381859845,
              30.829398274778484
            ],
            [
              -105.08870365012686,
              30.82930844325007
            ],
            [
              -105.08870365012686,
              30.829218611721657
            ],
            [
              -105.08888331318369,
              30.82903894866483
            ],
            [
              -105.0889731447121,
              30.82903894866483
            ],
            [
              -105.0889731447121,
              30.829128780193244
            ]
          ]
        ]
      }
    },
    {
      "type": "Feature",
      "properties": {
        "label": "dhf_low",
        "range": [
          0,
          0.35
        ],
        "group_id": 388,
        "area": 2139,
        "mean_ndmi": 0.0,
        "mean_ndvi": 0.1
      },
      "geometry": {
        "type": "Polygon",
        "coordinates": [
          [
            [
              -105.08888331318369,
              30.83182372604564
            ],
            [
              -105.08879348165527,
              30.831913557574055
            ],
            [
              -105.08879348165527,
              30.832003389102468
            ],
            [
              -105.08870365012686,
              30.83209322063088
            ],
            [
              -105.08870365012686,
              30.832183052159294
            ],
            [
              -105.08861381859845,
              30.832272883687708
            ],
            [
              -105.08861381859845,
              30.832452546744534
            ],
            [
              -105.08852398707003,
              30.832542378272947
            ],
            [
              -105.08852398707003,
              30.833261030500253
            ],
            [
              -105.08843415554162,
              30.833261030500253
            ],
            [
              -105.08843415554162,
              30.83236271521612
            ],
            [
              -105.08852398707003,
              30.832272883687708
            ],
            [
              -105.08852398707003,
              30.83209322063088
            ],
            [
              -105.08870365012686,
              30.831913557574055
            ],
            [
              -105.08870365012686,
              30.83182372604564
            ],
            [
              -105.08879348165527,
              30.831733894517228
            ],
            [
              -105.08879348165527,
              30.8315542314604
            ],
            [
              -105.08888331318369,
              30.8315542314604
            ],
            [
              -105.08888331318369,
              30.83182372604564
            ]
          ]
        ]
      }
    },
    {
      "type": "Feature",
      "properties": {
        "label": "dhf_low",
        "range": [
          0,
          0.35
        ],
        "group_id": 392,
        "area": 813,
        "mean_ndmi": -0.0,
        "mean_ndvi": 0.12
      },
      "geometry": {
        "type": "Polygon",
        "coordinates": [
          [
            [
              -105.0882544924848,
              30.826164339755607
            ],
            [
              -105.08816466095638,
              30.82625417128402
            ],
            [
              -105.08798499789955,
              30.82625417128402
            ],
            [
              -105.08789516637114,
              30.826344002812434
            ],
            [
              -105.08780533484273,
              30.826344002812434
            ],
            [
              -105.08780533484273,
              30.82625417128402
            ],
            [
              -105.08789516637114,
              30.82625417128402
            ],
            [
              -105.08816466095638,
              30.82598467669878
            ],
            [
              -105.08816466095638,
              30.825894845170367
            ],
            [
              -105.0882544924848,
              30.825894845170367
            ],
            [
              -105.0882544924848,
              30.826164339755607
            ]
          ]
        ]
      }
    },
    {
      "type": "Feature",
      "properties": {
        "label": "dhf_low",
        "range": [
          0,
          0.35
        ],
        "group_id": 402,
        "area": 4365,
        "mean_ndmi": 0.0,
        "mean_ndvi": 0.14
      },
      "geometry": {
        "type": "Polygon",
        "coordinates": [
          [
            [
              -105.0876256717859,
              30.817720176084762
            ],
            [
              -105.08753584025749,
              30.817810007613176
            ],
            [
              -105.08753584025749,
              30.81789983914159
            ],
            [
              -105.08744600872907,
              30.817989670670002
            ],
            [
              -105.08744600872907,
              30.818618491368895
            ],
            [
              -105.08753584025749,
              30.818708322897308
            ],
            [
              -105.08753584025749,
              30.818887985954134
            ],
            [
              -105.08744600872907,
              30.818887985954134
            ],
            [
              -105.08735617720066,
              30.818977817482548
            ],
            [
              -105.08681718803018,
              30.818977817482548
            ],
            [
              -105.08672735650177,
              30.81906764901096
            ],
            [
              -105.08663752497336,
              30.81906764901096
            ],
            [
              -105.08654769344494,
              30.819157480539374
            ],
            [
              -105.08654769344494,
              30.819247312067787
            ],
            [
              -105.08681718803018,
              30.819516806653027
            ],
            [
              -105.0869070195586,
              30.819516806653027
            ],
            [
              -105.08699685108701,
              30.81960663818144
            ],
            [
              -105.08708668261542,
              30.81960663818144
            ],
            [
              -105.08717651414383,
              30.819696469709854
            ],
            [
              -105.08717651414383,
              30.819786301238267
            ],
            [
              -105.08726634567225,
              30.81987613276668
            ],
            [
              -105.08726634567225,
              30.819965964295093
            ],
            [
              -105.08717651414383,
              30.819965964295093
            ],
            [
              -105.08717651414383,
              30.81987613276668
            ],
            [
              -105.08699685108701,
              30.819696469709854
            ],
            [
              -105.08681718803018,
              30.819696469709854
            ],
            [
              -105.08672735650177,
              30.81960663818144
            ],
            [
              -105.08663752497336,
              30.81960663818144
            ],
            [
              -105.08645786191653,
              30.819426975124614
            ],
            [
              -105.08645786191653,
              30.81906764901096
            ],
            [
              -105.08654769344494,
              30.818977817482548
            ],
            [
              -105.08663752497336,
              30.818977817482548
            ],
            [
              -105.08672735650177,
              30.818887985954134
            ],
            [
              -105.08726634567225,
              30.818887985954134
            ],
            [
              -105.08735617720066,
              30.81879815442572
            ],
            [
              -105.08735617720066,
              30.81789983914159
            ],
            [
              -105.08744600872907,
              30.817810007613176
            ],
            [
              -105.08744600872907,
              30.817720176084762
            ],
            [
              -105.08753584025749,
              30.81763034455635
            ],
            [
              -105.0876256717859,
              30.81763034455635
            ],
            [
              -105.0876256717859,
              30.817720176084762
            ]
          ]
        ]
      }
    },
    {
      "type": "Feature",
      "properties": {
        "label": "dhf_low",
        "range": [
          0,
          0.35
        ],
        "group_id": 403,
        "area": 1754,
        "mean_ndmi": -0.0,
        "mean_ndvi": 0.1
      },
      "geometry": {
        "type": "Polygon",
        "coordinates": [
          [
            [
              -105.08753584025749,
              30.826703328926087
            ],
            [
              -105.08726634567225,
              30.826972823511326
            ],
            [
              -105.08726634567225,
              30.827960970323872
            ],
            [
              -105.08717651414383,
              30.828050801852285
            ],
            [
              -105.08708668261542,
              30.828050801852285
            ],
            [
              -105.08708668261542,
              30.827960970323872
            ],
            [
              -105.08717651414383,
              30.82787113879546
            ],
            [
              -105.08717651414383,
              30.826882991982913
            ],
            [
              -105.08726634567225,
              30.8267931604545
            ],
            [
              -105.08726634567225,
              30.826703328926087
            ],
            [
              -105.08735617720066,
              30.826703328926087
            ],
            [
              -105.08744600872907,
              30.826613497397673
            ],
            [
              -105.08753584025749,
              30.826613497397673
            ],
            [
              -105.08753584025749,
              30.826703328926087
            ]
          ]
        ]
      }
    },
    {
      "type": "Feature",
      "properties": {
        "label": "dhf_low",
        "range": [
          0,
          0.35
        ],
        "group_id": 405,
        "area": 13012,
        "mean_ndmi": -0.01,
        "mean_ndvi": 0.13
      },
      "geometry": {
        "type": "Polygon",
        "coordinates": [
          [
            [
              -105.08753584025749,
              30.817181186914283
            ],
            [
              -105.08726634567225,
              30.817181186914283
            ],
            [
              -105.08708668261542,
              30.817001523857456
            ],
            [
              -105.08699685108701,
              30.817001523857456
            ],
            [
              -105.0869070195586,
              30.816911692329043
            ],
            [
              -105.08681718803018,
              30.816911692329043
            ],
            [
              -105.08672735650177,
              30.81682186080063
            ],
            [
              -105.08663752497336,
              30.81682186080063
            ],
            [
              -105.08645786191653,
              30.816642197743803
            ],
            [
              -105.08636803038812,
              30.816642197743803
            ],
            [
              -105.08609853580288,
              30.816372703158564
            ],
            [
              -105.08600870427446,
              30.816462534686977
            ],
            [
              -105.08591887274605,
              30.816462534686977
            ],
            [
              -105.08582904121764,
              30.81655236621539
            ],
            [
              -105.08573920968922,
              30.81655236621539
            ],
            [
              -105.0855595466324,
              30.816732029272217
            ],
            [
              -105.08537988357557,
              30.816732029272217
            ],
            [
              -105.08537988357557,
              30.816642197743803
            ],
            [
              -105.0855595466324,
              30.816462534686977
            ],
            [
              -105.08573920968922,
              30.816462534686977
            ],
            [
              -105.08582904121764,
              30.816372703158564
            ],
            [
              -105.08600870427446,
              30.816372703158564
            ],
            [
              -105.08618836733129,
              30.816193040101737
            ],
            [
              -105.08618836733129,
              30.816103208573324
            ],
            [
              -105.0862781988597,
              30.81601337704491
            ],
            [
              -105.0862781988597,
              30.815294724817605
            ],
            [
              -105.08636803038812,
              30.81520489328919
            ],
            [
              -105.08636803038812,
              30.814755735647125
            ],
            [
              -105.08645786191653,
              30.814665904118712
            ],
            [
              -105.08645786191653,
              30.8145760725903
            ],
            [
              -105.08654769344494,
              30.814486241061886
            ],
            [
              -105.08654769344494,
              30.814396409533472
            ],
            [
              -105.08663752497336,
              30.81430657800506
            ],
            [
              -105.08663752497336,
              30.814126914948233
            ],
            [
              -105.08654769344494,
              30.81403708341982
            ],
            [
              -105.08654769344494,
              30.813408262720927
            ],
            [
              -105.08663752497336,
              30.813318431192513
            ],
            [
              -105.08663752497336,
              30.8132285996641
            ],
            [
              -105.08672735650177,
              30.813138768135687
            ],
            [
              -105.08672735650177,
              30.813048936607274
            ],
            [
              -105.08681718803018,
              30.81295910507886
            ],
            [
              -105.08681718803018,
              30.812869273550447
            ],
            [
              -105.08699685108701,
              30.81268961049362
            ],
            [
              -105.08699685108701,
              30.812599778965208
            ],
            [
              -105.08708668261542,
              30.812509947436794
            ],
            [
              -105.0869070195586,
              30.812330284379968
            ],
            [
              -105.08672735650177,
              30.812330284379968
            ],
            [
              -105.08654769344494,
              30.81215062132314
            ],
            [
              -105.08654769344494,
              30.812060789794728
            ],
            [
              -105.08645786191653,
              30.811970958266315
            ],
            [
              -105.08645786191653,
              30.8118811267379
            ],
            [
              -105.08636803038812,
              30.81179129520949
            ],
            [
              -105.08636803038812,
              30.811701463681075
            ],
            [
              -105.0862781988597,
              30.811611632152662
            ],
            [
              -105.08618836733129,
              30.811611632152662
            ],
            [
              -105.08618836733129,
              30.811162474510596
            ],
            [
              -105.0862781988597,
              30.811072642982182
            ],
            [
              -105.0862781988597,
              30.81098281145377
            ],
            [
              -105.08636803038812,
              30.810892979925356
            ],
            [
              -105.08636803038812,
              30.810803148396943
            ],
            [
              -105.08654769344494,
              30.810623485340116
            ],
            [
              -105.08654769344494,
              30.810533653811703
            ],
            [
              -105.08663752497336,
              30.81044382228329
            ],
            [
              -105.08663752497336,
              30.810353990754876
            ],
            [
              -105.08708668261542,
              30.80990483311281
            ],
            [
              -105.08726634567225,
              30.80990483311281
            ],
            [
              -105.08726634567225,
              30.809994664641223
            ],
            [
              -105.08717651414383,
              30.809994664641223
            ],
            [
              -105.08681718803018,
              30.810353990754876
            ],
            [
              -105.08681718803018,
              30.81044382228329
            ],
            [
              -105.08672735650177,
              30.810533653811703
            ],
            [
              -105.08672735650177,
              30.810623485340116
            ],
            [
              -105.08654769344494,
              30.810803148396943
            ],
            [
              -105.08654769344494,
              30.810892979925356
            ],
            [
              -105.08645786191653,
              30.81098281145377
            ],
            [
              -105.08645786191653,
              30.811072642982182
            ],
            [
              -105.08636803038812,
              30.811162474510596
            ],
            [
              -105.08636803038812,
              30.81125230603901
            ],
            [
              -105.0862781988597,
              30.811342137567422
            ],
            [
              -105.0862781988597,
              30.811611632152662
            ],
            [
              -105.08636803038812,
              30.811701463681075
            ],
            [
              -105.08645786191653,
              30.811701463681075
            ],
            [
              -105.08663752497336,
              30.8118811267379
            ],
            [
              -105.08663752497336,
              30.811970958266315
            ],
            [
              -105.0869070195586,
              30.812240452851555
            ],
            [
              -105.08699685108701,
              30.812240452851555
            ],
            [
              -105.08708668261542,
              30.812330284379968
            ],
            [
              -105.08717651414383,
              30.812330284379968
            ],
            [
              -105.08717651414383,
              30.81268961049362
            ],
            [
              -105.0869070195586,
              30.81295910507886
            ],
            [
              -105.0869070195586,
              30.813048936607274
            ],
            [
              -105.08681718803018,
              30.813138768135687
            ],
            [
              -105.08681718803018,
              30.8132285996641
            ],
            [
              -105.08672735650177,
              30.813318431192513
            ],
            [
              -105.08672735650177,
              30.813408262720927
            ],
            [
              -105.08663752497336,
              30.81349809424934
            ],
            [
              -105.08663752497336,
              30.813947251891406
            ],
            [
              -105.08672735650177,
              30.81403708341982
            ],
            [
              -105.08672735650177,
              30.814396409533472
            ],
            [
              -105.08663752497336,
              30.814486241061886
            ],
            [
              -105.08663752497336,
              30.814665904118712
            ],
            [
              -105.08654769344494,
              30.814755735647125
            ],
            [
              -105.08654769344494,
              30.81484556717554
            ],
            [
              -105.08645786191653,
              30.814935398703952
            ],
            [
              -105.08645786191653,
              30.815294724817605
            ],
            [
              -105.08636803038812,
              30.815384556346018
            ],
            [
              -105.08636803038812,
              30.816103208573324
            ],
            [
              -105.0862781988597,
              30.816193040101737
            ],
            [
              -105.0862781988597,
              30.816372703158564
            ],
            [
              -105.08654769344494,
              30.816642197743803
            ],
            [
              -105.08663752497336,
              30.816642197743803
            ],
            [
              -105.08672735650177,
              30.816732029272217
            ],
            [
              -105.08681718803018,
              30.816732029272217
            ],
            [
              -105.0869070195586,
              30.81682186080063
            ],
            [
              -105.08699685108701,
              30.81682186080063
            ],
            [
              -105.08708668261542,
              30.816911692329043
            ],
            [
              -105.08717651414383,
              30.816911692329043
            ],
            [
              -105.08726634567225,
              30.817001523857456
            ],
            [
              -105.08735617720066,
              30.817001523857456
            ],
            [
              -105.08744600872907,
              30.81709135538587
            ],
            [
              -105.08753584025749,
              30.81709135538587
            ],
            [
              -105.08753584025749,
              30.817181186914283
            ]
          ]
        ]
      }
    },
    {
      "type": "Feature",
      "properties": {
        "label": "dhf_low",
        "range": [
          0,
          0.35
        ],
        "group_id": 406,
        "area": 1455,
        "mean_ndmi": -0.01,
        "mean_ndvi": 0.1
      },
      "geometry": {
        "type": "Polygon",
        "coordinates": [
          [
            [
              -105.08744600872907,
              30.83011692700579
            ],
            [
              -105.08735617720066,
              30.83011692700579
            ],
            [
              -105.08735617720066,
              30.829937263948963
            ],
            [
              -105.08708668261542,
              30.829667769363724
            ],
            [
              -105.08708668261542,
              30.829488106306897
            ],
            [
              -105.08717651414383,
              30.829398274778484
            ],
            [
              -105.08717651414383,
              30.82930844325007
            ],
            [
              -105.08708668261542,
              30.829218611721657
            ],
            [
              -105.08708668261542,
              30.82903894866483
            ],
            [
              -105.08717651414383,
              30.82903894866483
            ],
            [
              -105.08717651414383,
              30.829128780193244
            ],
            [
              -105.08726634567225,
              30.829218611721657
            ],
            [
              -105.08726634567225,
              30.829667769363724
            ],
            [
              -105.08735617720066,
              30.829757600892137
            ],
            [
              -105.08735617720066,
              30.82984743242055
            ],
            [
              -105.08744600872907,
              30.829937263948963
            ],
            [
              -105.08744600872907,
              30.83011692700579
            ]
          ]
        ]
      }
    },
    {
      "type": "Feature",
      "properties": {
        "label": "dhf_low",
        "range": [
          0,
          0.35
        ],
        "group_id": 411,
        "area": 2182,
        "mean_ndmi": -0.0,
        "mean_ndvi": 0.1
      },
      "geometry": {
        "type": "Polygon",
        "coordinates": [
          [
            [
              -105.08717651414383,
              30.83263220980136
            ],
            [
              -105.08708668261542,
              30.83263220980136
            ],
            [
              -105.08708668261542,
              30.832542378272947
            ],
            [
              -105.08699685108701,
              30.832452546744534
            ],
            [
              -105.08699685108701,
              30.83236271521612
            ],
            [
              -105.08663752497336,
              30.832003389102468
            ],
            [
              -105.08663752497336,
              30.831913557574055
            ],
            [
              -105.08654769344494,
              30.83182372604564
            ],
            [
              -105.08654769344494,
              30.831733894517228
            ],
            [
              -105.08645786191653,
              30.831644062988815
            ],
            [
              -105.08645786191653,
              30.8315542314604
            ],
            [
              -105.08636803038812,
              30.83146439993199
            ],
            [
              -105.08636803038812,
              30.831284736875162
            ],
            [
              -105.08645786191653,
              30.831284736875162
            ],
            [
              -105.08645786191653,
              30.831374568403575
            ],
            [
              -105.08663752497336,
              30.8315542314604
            ],
            [
              -105.08663752497336,
              30.831733894517228
            ],
            [
              -105.08672735650177,
              30.83182372604564
            ],
            [
              -105.08672735650177,
              30.831913557574055
            ],
            [
              -105.0869070195586,
              30.83209322063088
            ],
            [
              -105.08699685108701,
              30.83209322063088
            ],
            [
              -105.08699685108701,
              30.832183052159294
            ],
            [
              -105.08717651414383,
              30.83236271521612
            ],
            [
              -105.08717651414383,
              30.83263220980136
            ]
          ]
        ]
      }
    },
    {
      "type": "Feature",
      "properties": {
        "label": "dhf_low",
        "range": [
          0,
          0.35
        ],
        "group_id": 412,
        "area": 5820,
        "mean_ndmi": -0.03,
        "mean_ndvi": 0.15
      },
      "geometry": {
        "type": "Polygon",
        "coordinates": [
          [
            [
              -105.08708668261542,
              30.823649056960036
            ],
            [
              -105.08663752497336,
              30.824098214602103
            ],
            [
              -105.08645786191653,
              30.824098214602103
            ],
            [
              -105.08636803038812,
              30.824188046130516
            ],
            [
              -105.08609853580288,
              30.824188046130516
            ],
            [
              -105.08600870427446,
              30.82427787765893
            ],
            [
              -105.0855595466324,
              30.82427787765893
            ],
            [
              -105.08546971510398,
              30.824367709187342
            ],
            [
              -105.08502055746192,
              30.824367709187342
            ],
            [
              -105.08484089440509,
              30.824188046130516
            ],
            [
              -105.08484089440509,
              30.824098214602103
            ],
            [
              -105.08475106287668,
              30.82400838307369
            ],
            [
              -105.08448156829144,
              30.82400838307369
            ],
            [
              -105.08439173676302,
              30.824098214602103
            ],
            [
              -105.08430190523461,
              30.824098214602103
            ],
            [
              -105.08430190523461,
              30.82400838307369
            ],
            [
              -105.08439173676302,
              30.823918551545276
            ],
            [
              -105.08484089440509,
              30.823918551545276
            ],
            [
              -105.08520022051874,
              30.82427787765893
            ],
            [
              -105.08529005204716,
              30.82427787765893
            ],
            [
              -105.08537988357557,
              30.824188046130516
            ],
            [
              -105.08591887274605,
              30.824188046130516
            ],
            [
              -105.08600870427446,
              30.824098214602103
            ],
            [
              -105.0862781988597,
              30.824098214602103
            ],
            [
              -105.08636803038812,
              30.82400838307369
            ],
            [
              -105.08645786191653,
              30.82400838307369
            ],
            [
              -105.08654769344494,
              30.823918551545276
            ],
            [
              -105.08663752497336,
              30.823918551545276
            ],
            [
              -105.08699685108701,
              30.823559225431623
            ],
            [
              -105.08699685108701,
              30.82346939390321
            ],
            [
              -105.08681718803018,
              30.823289730846383
            ],
            [
              -105.08681718803018,
              30.82319989931797
            ],
            [
              -105.08672735650177,
              30.823110067789557
            ],
            [
              -105.08672735650177,
              30.823020236261144
            ],
            [
              -105.08663752497336,
              30.82293040473273
            ],
            [
              -105.0862781988597,
              30.82293040473273
            ],
            [
              -105.0862781988597,
              30.822750741675904
            ],
            [
              -105.08636803038812,
              30.822750741675904
            ],
            [
              -105.08645786191653,
              30.822840573204317
            ],
            [
              -105.08672735650177,
              30.822840573204317
            ],
            [
              -105.08681718803018,
              30.82293040473273
            ],
            [
              -105.08681718803018,
              30.823020236261144
            ],
            [
              -105.08708668261542,
              30.823289730846383
            ],
            [
              -105.08708668261542,
              30.823649056960036
            ]
          ]
        ]
      }
    },
    {
      "type": "Feature",
      "properties": {
        "label": "dhf_low",
        "range": [
          0,
          0.35
        ],
        "group_id": 414,
        "area": 1069,
        "mean_ndmi": 0.0,
        "mean_ndvi": 0.1
      },
      "geometry": {
        "type": "Polygon",
        "coordinates": [
          [
            [
              -105.0869070195586,
              30.82984743242055
            ],
            [
              -105.08672735650177,
              30.830027095477377
            ],
            [
              -105.08672735650177,
              30.830206758534203
            ],
            [
              -105.08663752497336,
              30.830296590062616
            ],
            [
              -105.08645786191653,
              30.830296590062616
            ],
            [
              -105.08645786191653,
              30.830206758534203
            ],
            [
              -105.08663752497336,
              30.830027095477377
            ],
            [
              -105.08663752497336,
              30.829937263948963
            ],
            [
              -105.08681718803018,
              30.829757600892137
            ],
            [
              -105.08681718803018,
              30.829667769363724
            ],
            [
              -105.0869070195586,
              30.829667769363724
            ],
            [
              -105.0869070195586,
              30.82984743242055
            ]
          ]
        ]
      }
    },
    {
      "type": "Feature",
      "properties": {
        "label": "dhf_low",
        "range": [
          0,
          0.35
        ],
        "group_id": 415,
        "area": 2396,
        "mean_ndmi": -0.01,
        "mean_ndvi": 0.12
      },
      "geometry": {
        "type": "Polygon",
        "coordinates": [
          [
            [
              -105.0869070195586,
              30.821942257920185
            ],
            [
              -105.08672735650177,
              30.82212192097701
            ],
            [
              -105.08663752497336,
              30.82212192097701
            ],
            [
              -105.08645786191653,
              30.822301584033838
            ],
            [
              -105.08636803038812,
              30.822301584033838
            ],
            [
              -105.0862781988597,
              30.82239141556225
            ],
            [
              -105.08609853580288,
              30.82239141556225
            ],
            [
              -105.08591887274605,
              30.822571078619077
            ],
            [
              -105.08591887274605,
              30.82266091014749
            ],
            [
              -105.08582904121764,
              30.82266091014749
            ],
            [
              -105.08582904121764,
              30.82239141556225
            ],
            [
              -105.08591887274605,
              30.822301584033838
            ],
            [
              -105.08609853580288,
              30.822301584033838
            ],
            [
              -105.08618836733129,
              30.822211752505424
            ],
            [
              -105.0862781988597,
              30.822211752505424
            ],
            [
              -105.08645786191653,
              30.822032089448598
            ],
            [
              -105.08654769344494,
              30.822032089448598
            ],
            [
              -105.08681718803018,
              30.82176259486336
            ],
            [
              -105.0869070195586,
              30.82176259486336
            ],
            [
              -105.0869070195586,
              30.821942257920185
            ]
          ]
        ]
      }
    },
    {
      "type": "Feature",
      "properties": {
        "label": "dhf_low",
        "range": [
          0,
          0.35
        ],
        "group_id": 416,
        "area": 2653,
        "mean_ndmi": 0.0,
        "mean_ndvi": 0.15
      },
      "geometry": {
        "type": "Polygon",
        "coordinates": [
          [
            [
              -105.0869070195586,
              30.82158293180653
            ],
            [
              -105.08681718803018,
              30.82158293180653
            ],
            [
              -105.08636803038812,
              30.821133774164466
            ],
            [
              -105.08636803038812,
              30.821043942636052
            ],
            [
              -105.08618836733129,
              30.820864279579226
            ],
            [
              -105.08618836733129,
              30.8206846165224
            ],
            [
              -105.0862781988597,
              30.820594784993986
            ],
            [
              -105.0862781988597,
              30.820325290408746
            ],
            [
              -105.08645786191653,
              30.82014562735192
            ],
            [
              -105.08654769344494,
              30.82014562735192
            ],
            [
              -105.08663752497336,
              30.820055795823507
            ],
            [
              -105.08672735650177,
              30.820055795823507
            ],
            [
              -105.08672735650177,
              30.82014562735192
            ],
            [
              -105.08663752497336,
              30.82014562735192
            ],
            [
              -105.08654769344494,
              30.820235458880333
            ],
            [
              -105.08654769344494,
              30.820325290408746
            ],
            [
              -105.08636803038812,
              30.820504953465573
            ],
            [
              -105.08636803038812,
              30.820594784993986
            ],
            [
              -105.0862781988597,
              30.8206846165224
            ],
            [
              -105.0862781988597,
              30.820774448050813
            ],
            [
              -105.08663752497336,
              30.821133774164466
            ],
            [
              -105.08663752497336,
              30.82122360569288
            ],
            [
              -105.0869070195586,
              30.82149310027812
            ],
            [
              -105.0869070195586,
              30.82158293180653
            ]
          ]
        ]
      }
    },
    {
      "type": "Feature",
      "properties": {
        "label": "dhf_low",
        "range": [
          0,
          0.35
        ],
        "group_id": 417,
        "area": 1198,
        "mean_ndmi": -0.01,
        "mean_ndvi": 0.1
      },
      "geometry": {
        "type": "Polygon",
        "coordinates": [
          [
            [
              -105.08672735650177,
              30.835596650238998
            ],
            [
              -105.08663752497336,
              30.835596650238998
            ],
            [
              -105.08663752497336,
              30.835327155653758
            ],
            [
              -105.08645786191653,
              30.83514749259693
            ],
            [
              -105.08645786191653,
              30.835057661068518
            ],
            [
              -105.08636803038812,
              30.834967829540105
            ],
            [
              -105.08636803038812,
              30.83478816648328
            ],
            [
              -105.08645786191653,
              30.83478816648328
            ],
            [
              -105.08645786191653,
              30.83487799801169
            ],
            [
              -105.08672735650177,
              30.83514749259693
            ],
            [
              -105.08672735650177,
              30.835596650238998
            ]
          ]
        ]
      }
    },
    {
      "type": "Feature",
      "properties": {
        "label": "dhf_low",
        "range": [
          0,
          0.35
        ],
        "group_id": 418,
        "area": 684,
        "mean_ndmi": -0.02,
        "mean_ndvi": 0.1
      },
      "geometry": {
        "type": "Polygon",
        "coordinates": [
          [
            [
              -105.08654769344494,
              30.83622547093789
            ],
            [
              -105.08645786191653,
              30.836315302466303
            ],
            [
              -105.08645786191653,
              30.83649496552313
            ],
            [
              -105.08636803038812,
              30.836584797051543
            ],
            [
              -105.08636803038812,
              30.836674628579956
            ],
            [
              -105.0862781988597,
              30.836674628579956
            ],
            [
              -105.0862781988597,
              30.836405133994717
            ],
            [
              -105.08645786191653,
              30.83622547093789
            ],
            [
              -105.08645786191653,
              30.836135639409477
            ],
            [
              -105.08654769344494,
              30.836135639409477
            ],
            [
              -105.08654769344494,
              30.83622547093789
            ]
          ]
        ]
      }
    },
    {
      "type": "Feature",
      "properties": {
        "label": "dhf_low",
        "range": [
          0,
          0.35
        ],
        "group_id": 419,
        "area": 1968,
        "mean_ndmi": -0.04,
        "mean_ndvi": 0.1
      },
      "geometry": {
        "type": "Polygon",
        "coordinates": [
          [
            [
              -105.08654769344494,
              30.824996529886235
            ],
            [
              -105.08636803038812,
              30.82517619294306
            ],
            [
              -105.08636803038812,
              30.825266024471475
            ],
            [
              -105.08645786191653,
              30.825355855999888
            ],
            [
              -105.08645786191653,
              30.825625350585128
            ],
            [
              -105.08636803038812,
              30.82571518211354
            ],
            [
              -105.08636803038812,
              30.825894845170367
            ],
            [
              -105.0862781988597,
              30.82598467669878
            ],
            [
              -105.0862781988597,
              30.826074508227194
            ],
            [
              -105.08618836733129,
              30.826164339755607
            ],
            [
              -105.08600870427446,
              30.826164339755607
            ],
            [
              -105.08600870427446,
              30.826074508227194
            ],
            [
              -105.0862781988597,
              30.825805013641954
            ],
            [
              -105.0862781988597,
              30.825625350585128
            ],
            [
              -105.08636803038812,
              30.825535519056714
            ],
            [
              -105.08636803038812,
              30.8254456875283
            ],
            [
              -105.0862781988597,
              30.825355855999888
            ],
            [
              -105.0862781988597,
              30.824996529886235
            ],
            [
              -105.08636803038812,
              30.824996529886235
            ],
            [
              -105.08645786191653,
              30.82490669835782
            ],
            [
              -105.08654769344494,
              30.82490669835782
            ],
            [
              -105.08654769344494,
              30.824996529886235
            ]
          ]
        ]
      }
    },
    {
      "type": "Feature",
      "properties": {
        "label": "dhf_low",
        "range": [
          0,
          0.35
        ],
        "group_id": 420,
        "area": 770,
        "mean_ndmi": -0.02,
        "mean_ndvi": 0.1
      },
      "geometry": {
        "type": "Polygon",
        "coordinates": [
          [
            [
              -105.08636803038812,
              30.837123786222023
            ],
            [
              -105.08618836733129,
              30.83730344927885
            ],
            [
              -105.08600870427446,
              30.83730344927885
            ],
            [
              -105.08600870427446,
              30.837213617750436
            ],
            [
              -105.08609853580288,
              30.837123786222023
            ],
            [
              -105.08618836733129,
              30.837123786222023
            ],
            [
              -105.0862781988597,
              30.83703395469361
            ],
            [
              -105.0862781988597,
              30.836854291636783
            ],
            [
              -105.08636803038812,
              30.836854291636783
            ],
            [
              -105.08636803038812,
              30.837123786222023
            ]
          ]
        ]
      }
    },
    {
      "type": "Feature",
      "properties": {
        "label": "dhf_low",
        "range": [
          0,
          0.35
        ],
        "group_id": 422,
        "area": 1540,
        "mean_ndmi": -0.0,
        "mean_ndvi": 0.1
      },
      "geometry": {
        "type": "Polygon",
        "coordinates": [
          [
            [
              -105.08636803038812,
              30.83371018814232
            ],
            [
              -105.08618836733129,
              30.83371018814232
            ],
            [
              -105.08591887274605,
              30.83344069355708
            ],
            [
              -105.08591887274605,
              30.83317119897184
            ],
            [
              -105.08582904121764,
              30.833081367443427
            ],
            [
              -105.08582904121764,
              30.832722041329774
            ],
            [
              -105.08591887274605,
              30.832722041329774
            ],
            [
              -105.08591887274605,
              30.832991535915014
            ],
            [
              -105.08600870427446,
              30.833081367443427
            ],
            [
              -105.08600870427446,
              30.833261030500253
            ],
            [
              -105.08609853580288,
              30.833350862028666
            ],
            [
              -105.08609853580288,
              30.83344069355708
            ],
            [
              -105.08618836733129,
              30.833530525085493
            ],
            [
              -105.0862781988597,
              30.833530525085493
            ],
            [
              -105.08636803038812,
              30.833620356613906
            ],
            [
              -105.08636803038812,
              30.83371018814232
            ]
          ]
        ]
      }
    },
    {
      "type": "Feature",
      "properties": {
        "label": "dhf_low",
        "range": [
          0,
          0.35
        ],
        "group_id": 425,
        "area": 32187,
        "mean_ndmi": -0.05,
        "mean_ndvi": 0.13
      },
      "geometry": {
        "type": "Polygon",
        "coordinates": [
          [
            [
              -105.08600870427446,
              30.8118811267379
            ],
            [
              -105.08582904121764,
              30.812060789794728
            ],
            [
              -105.08582904121764,
              30.812240452851555
            ],
            [
              -105.08573920968922,
              30.812330284379968
            ],
            [
              -105.08573920968922,
              30.81242011590838
            ],
            [
              -105.0855595466324,
              30.812599778965208
            ],
            [
              -105.0855595466324,
              30.81268961049362
            ],
            [
              -105.08537988357557,
              30.812869273550447
            ],
            [
              -105.08537988357557,
              30.81295910507886
            ],
            [
              -105.08511038899033,
              30.8132285996641
            ],
            [
              -105.08511038899033,
              30.813318431192513
            ],
            [
              -105.08484089440509,
              30.813587925777753
            ],
            [
              -105.08475106287668,
              30.813587925777753
            ],
            [
              -105.08457139981985,
              30.81376758883458
            ],
            [
              -105.08448156829144,
              30.81376758883458
            ],
            [
              -105.08439173676302,
              30.813857420362993
            ],
            [
              -105.08430190523461,
              30.813857420362993
            ],
            [
              -105.08412224217778,
              30.81403708341982
            ],
            [
              -105.08403241064937,
              30.81403708341982
            ],
            [
              -105.08394257912096,
              30.814126914948233
            ],
            [
              -105.08385274759254,
              30.814126914948233
            ],
            [
              -105.08376291606413,
              30.814216746476646
            ],
            [
              -105.08367308453572,
              30.814216746476646
            ],
            [
              -105.08349342147889,
              30.814396409533472
            ],
            [
              -105.08340358995048,
              30.814396409533472
            ],
            [
              -105.08322392689365,
              30.8145760725903
            ],
            [
              -105.08313409536524,
              30.8145760725903
            ],
            [
              -105.08295443230841,
              30.814755735647125
            ],
            [
              -105.08286460078,
              30.814755735647125
            ],
            [
              -105.08277476925159,
              30.81484556717554
            ],
            [
              -105.08268493772317,
              30.81484556717554
            ],
            [
              -105.08259510619476,
              30.814935398703952
            ],
            [
              -105.08250527466635,
              30.814935398703952
            ],
            [
              -105.08205611702428,
              30.815384556346018
            ],
            [
              -105.08178662243904,
              30.815384556346018
            ],
            [
              -105.08169679091063,
              30.81547438787443
            ],
            [
              -105.08160695938221,
              30.81547438787443
            ],
            [
              -105.08142729632539,
              30.815654050931258
            ],
            [
              -105.08133746479697,
              30.815654050931258
            ],
            [
              -105.08088830715491,
              30.816103208573324
            ],
            [
              -105.0807984756265,
              30.816103208573324
            ],
            [
              -105.08061881256967,
              30.81628287163015
            ],
            [
              -105.08052898104125,
              30.81628287163015
            ],
            [
              -105.0801696549276,
              30.816642197743803
            ],
            [
              -105.08007982339919,
              30.816642197743803
            ],
            [
              -105.0794510027003,
              30.817271018442696
            ],
            [
              -105.07936117117188,
              30.817271018442696
            ],
            [
              -105.07918150811506,
              30.817450681499523
            ],
            [
              -105.07918150811506,
              30.817540513027936
            ],
            [
              -105.07909167658664,
              30.81763034455635
            ],
            [
              -105.07909167658664,
              30.817720176084762
            ],
            [
              -105.0788221820014,
              30.817989670670002
            ],
            [
              -105.0788221820014,
              30.818079502198415
            ],
            [
              -105.07873235047299,
              30.818079502198415
            ],
            [
              -105.07837302435934,
              30.81843882831207
            ],
            [
              -105.07792386671727,
              30.81843882831207
            ],
            [
              -105.07783403518886,
              30.81852865984048
            ],
            [
              -105.07774420366044,
              30.81852865984048
            ],
            [
              -105.07765437213203,
              30.818618491368895
            ],
            [
              -105.07756454060362,
              30.818618491368895
            ],
            [
              -105.07729504601838,
              30.818887985954134
            ],
            [
              -105.07720521448996,
              30.818887985954134
            ],
            [
              -105.07711538296155,
              30.818977817482548
            ],
            [
              -105.07702555143314,
              30.818977817482548
            ],
            [
              -105.07684588837631,
              30.819157480539374
            ],
            [
              -105.0767560568479,
              30.819157480539374
            ],
            [
              -105.07648656226266,
              30.819426975124614
            ],
            [
              -105.07630689920583,
              30.819426975124614
            ],
            [
              -105.07621706767742,
              30.819516806653027
            ],
            [
              -105.076127236149,
              30.819516806653027
            ],
            [
              -105.07603740462059,
              30.81960663818144
            ],
            [
              -105.07576791003535,
              30.81960663818144
            ],
            [
              -105.07567807850694,
              30.819696469709854
            ],
            [
              -105.07558824697853,
              30.819696469709854
            ],
            [
              -105.07549841545011,
              30.819786301238267
            ],
            [
              -105.0754085839217,
              30.819786301238267
            ],
            [
              -105.07531875239329,
              30.81987613276668
            ],
            [
              -105.07522892086487,
              30.81987613276668
            ],
            [
              -105.07513908933646,
              30.819965964295093
            ],
            [
              -105.07513908933646,
              30.820055795823507
            ],
            [
              -105.07504925780805,
              30.82014562735192
            ],
            [
              -105.07504925780805,
              30.820235458880333
            ],
            [
              -105.07495942627963,
              30.820325290408746
            ],
            [
              -105.07495942627963,
              30.82041512193716
            ],
            [
              -105.07486959475122,
              30.820504953465573
            ],
            [
              -105.07486959475122,
              30.820594784993986
            ],
            [
              -105.0747797632228,
              30.8206846165224
            ],
            [
              -105.0747797632228,
              30.820864279579226
            ],
            [
              -105.07460010016598,
              30.821043942636052
            ],
            [
              -105.07460010016598,
              30.821133774164466
            ],
            [
              -105.07451026863757,
              30.82122360569288
            ],
            [
              -105.07451026863757,
              30.821313437221292
            ],
            [
              -105.07513908933646,
              30.821942257920185
            ],
            [
              -105.07513908933646,
              30.82212192097701
            ],
            [
              -105.07495942627963,
              30.822301584033838
            ],
            [
              -105.07495942627963,
              30.82239141556225
            ],
            [
              -105.07451026863757,
              30.822840573204317
            ],
            [
              -105.07442043710915,
              30.822840573204317
            ],
            [
              -105.07397127946709,
              30.823289730846383
            ],
            [
              -105.07397127946709,
              30.823379562374797
            ],
            [
              -105.07388144793867,
              30.82346939390321
            ],
            [
              -105.07388144793867,
              30.823559225431623
            ],
            [
              -105.07352212182502,
              30.823918551545276
            ],
            [
              -105.07343229029661,
              30.823918551545276
            ],
            [
              -105.0733424587682,
              30.82400838307369
            ],
            [
              -105.07298313265454,
              30.82400838307369
            ],
            [
              -105.07289330112613,
              30.823918551545276
            ],
            [
              -105.0727136380693,
              30.823918551545276
            ],
            [
              -105.07262380654089,
              30.823828720016863
            ],
            [
              -105.07253397501248,
              30.823828720016863
            ],
            [
              -105.07244414348406,
              30.82373888848845
            ],
            [
              -105.07235431195565,
              30.82373888848845
            ],
            [
              -105.07226448042724,
              30.823649056960036
            ],
            [
              -105.071994985842,
              30.823649056960036
            ],
            [
              -105.07190515431358,
              30.823559225431623
            ],
            [
              -105.07100683902945,
              30.823559225431623
            ],
            [
              -105.07091700750104,
              30.823649056960036
            ],
            [
              -105.0706475129158,
              30.823649056960036
            ],
            [
              -105.07055768138738,
              30.82373888848845
            ],
            [
              -105.07028818680214,
              30.82373888848845
            ],
            [
              -105.07019835527373,
              30.823828720016863
            ],
            [
              -105.0700186922169,
              30.823828720016863
            ],
            [
              -105.06992886068849,
              30.823918551545276
            ],
            [
              -105.06965936610325,
              30.823918551545276
            ],
            [
              -105.06965936610325,
              30.823828720016863
            ],
            [
              -105.06983902916008,
              30.823828720016863
            ],
            [
              -105.06992886068849,
              30.82373888848845
            ],
            [
              -105.0700186922169,
              30.82373888848845
            ],
            [
              -105.07010852374532,
              30.823649056960036
            ],
            [
              -105.07046784985897,
              30.823649056960036
            ],
            [
              -105.07055768138738,
              30.823559225431623
            ],
            [
              -105.07082717597262,
              30.823559225431623
            ],
            [
              -105.07091700750104,
              30.82346939390321
            ],
            [
              -105.071994985842,
              30.82346939390321
            ],
            [
              -105.07208481737041,
              30.823559225431623
            ],
            [
              -105.07235431195565,
              30.823559225431623
            ],
            [
              -105.07244414348406,
              30.823649056960036
            ],
            [
              -105.07262380654089,
              30.823649056960036
            ],
            [
              -105.0727136380693,
              30.82373888848845
            ],
            [
              -105.07280346959772,
              30.82373888848845
            ],
            [
              -105.07289330112613,
              30.823828720016863
            ],
            [
              -105.07298313265454,
              30.823828720016863
            ],
            [
              -105.07307296418296,
              30.823918551545276
            ],
            [
              -105.07325262723978,
              30.823918551545276
            ],
            [
              -105.0733424587682,
              30.823828720016863
            ],
            [
              -105.07343229029661,
              30.823828720016863
            ],
            [
              -105.07352212182502,
              30.82373888848845
            ],
            [
              -105.07352212182502,
              30.823649056960036
            ],
            [
              -105.07388144793867,
              30.823289730846383
            ],
            [
              -105.07388144793867,
              30.82319989931797
            ],
            [
              -105.0740611109955,
              30.823020236261144
            ],
            [
              -105.0740611109955,
              30.82293040473273
            ],
            [
              -105.07415094252391,
              30.82293040473273
            ],
            [
              -105.07451026863757,
              30.822571078619077
            ],
            [
              -105.07460010016598,
              30.822571078619077
            ],
            [
              -105.07486959475122,
              30.822301584033838
            ],
            [
              -105.07486959475122,
              30.822211752505424
            ],
            [
              -105.07495942627963,
              30.82212192097701
            ],
            [
              -105.07495942627963,
              30.821942257920185
            ],
            [
              -105.0746899316944,
              30.821672763334945
            ],
            [
              -105.07460010016598,
              30.821672763334945
            ],
            [
              -105.07442043710915,
              30.82149310027812
            ],
            [
              -105.07442043710915,
              30.821133774164466
            ],
            [
              -105.07451026863757,
              30.821043942636052
            ],
            [
              -105.07451026863757,
              30.82095411110764
            ],
            [
              -105.07460010016598,
              30.820864279579226
            ],
            [
              -105.07460010016598,
              30.820774448050813
            ],
            [
              -105.0746899316944,
              30.8206846165224
            ],
            [
              -105.0746899316944,
              30.820594784993986
            ],
            [
              -105.0747797632228,
              30.820504953465573
            ],
            [
              -105.0747797632228,
              30.82041512193716
            ],
            [
              -105.07486959475122,
              30.820325290408746
            ],
            [
              -105.07486959475122,
              30.820235458880333
            ],
            [
              -105.07495942627963,
              30.82014562735192
            ],
            [
              -105.07495942627963,
              30.820055795823507
            ],
            [
              -105.07504925780805,
              30.819965964295093
            ],
            [
              -105.07504925780805,
              30.81987613276668
            ],
            [
              -105.07513908933646,
              30.819786301238267
            ],
            [
              -105.07522892086487,
              30.819786301238267
            ],
            [
              -105.07531875239329,
              30.819696469709854
            ],
            [
              -105.0754085839217,
              30.819696469709854
            ],
            [
              -105.07549841545011,
              30.81960663818144
            ],
            [
              -105.07558824697853,
              30.81960663818144
            ],
            [
              -105.07567807850694,
              30.819516806653027
            ],
            [
              -105.07594757309218,
              30.819516806653027
            ],
            [
              -105.07603740462059,
              30.819426975124614
            ],
            [
              -105.076127236149,
              30.819426975124614
            ],
            [
              -105.07621706767742,
              30.8193371435962
            ],
            [
              -105.07630689920583,
              30.8193371435962
            ],
            [
              -105.07639673073425,
              30.819247312067787
            ],
            [
              -105.07648656226266,
              30.819247312067787
            ],
            [
              -105.07666622531949,
              30.81906764901096
            ],
            [
              -105.0767560568479,
              30.81906764901096
            ],
            [
              -105.07693571990472,
              30.818887985954134
            ],
            [
              -105.07702555143314,
              30.818887985954134
            ],
            [
              -105.07711538296155,
              30.81879815442572
            ],
            [
              -105.07720521448996,
              30.81879815442572
            ],
            [
              -105.0774747090752,
              30.81852865984048
            ],
            [
              -105.07756454060362,
              30.81852865984048
            ],
            [
              -105.07765437213203,
              30.81843882831207
            ],
            [
              -105.07774420366044,
              30.81843882831207
            ],
            [
              -105.07783403518886,
              30.818348996783655
            ],
            [
              -105.07819336130251,
              30.818348996783655
            ],
            [
              -105.07828319283092,
              30.818259165255242
            ],
            [
              -105.07837302435934,
              30.818259165255242
            ],
            [
              -105.07891201352982,
              30.817720176084762
            ],
            [
              -105.07891201352982,
              30.81763034455635
            ],
            [
              -105.07909167658664,
              30.817450681499523
            ],
            [
              -105.07909167658664,
              30.81736084997111
            ],
            [
              -105.07963066575712,
              30.81682186080063
            ],
            [
              -105.07972049728554,
              30.81682186080063
            ],
            [
              -105.08007982339919,
              30.816462534686977
            ],
            [
              -105.0801696549276,
              30.816462534686977
            ],
            [
              -105.08043914951284,
              30.816193040101737
            ],
            [
              -105.08052898104125,
              30.816193040101737
            ],
            [
              -105.0807984756265,
              30.815923545516497
            ],
            [
              -105.08088830715491,
              30.815923545516497
            ],
            [
              -105.08097813868332,
              30.815833713988084
            ],
            [
              -105.08097813868332,
              30.81574388245967
            ],
            [
              -105.08106797021173,
              30.81574388245967
            ],
            [
              -105.08142729632539,
              30.815384556346018
            ],
            [
              -105.0815171278538,
              30.815384556346018
            ],
            [
              -105.08160695938221,
              30.815294724817605
            ],
            [
              -105.08187645396745,
              30.815294724817605
            ],
            [
              -105.08196628549587,
              30.81520489328919
            ],
            [
              -105.08205611702428,
              30.81520489328919
            ],
            [
              -105.08241544313793,
              30.81484556717554
            ],
            [
              -105.08250527466635,
              30.81484556717554
            ],
            [
              -105.08259510619476,
              30.814755735647125
            ],
            [
              -105.08268493772317,
              30.814755735647125
            ],
            [
              -105.08277476925159,
              30.814665904118712
            ],
            [
              -105.08286460078,
              30.814665904118712
            ],
            [
              -105.08304426383683,
              30.814486241061886
            ],
            [
              -105.08313409536524,
              30.814486241061886
            ],
            [
              -105.08331375842207,
              30.81430657800506
            ],
            [
              -105.08340358995048,
              30.81430657800506
            ],
            [
              -105.08367308453572,
              30.81403708341982
            ],
            [
              -105.08376291606413,
              30.81403708341982
            ],
            [
              -105.08385274759254,
              30.813947251891406
            ],
            [
              -105.08394257912096,
              30.813947251891406
            ],
            [
              -105.08403241064937,
              30.813857420362993
            ],
            [
              -105.08412224217778,
              30.813857420362993
            ],
            [
              -105.0842120737062,
              30.81376758883458
            ],
            [
              -105.08430190523461,
              30.81376758883458
            ],
            [
              -105.08439173676302,
              30.813677757306166
            ],
            [
              -105.08448156829144,
              30.813677757306166
            ],
            [
              -105.08466123134826,
              30.81349809424934
            ],
            [
              -105.08475106287668,
              30.81349809424934
            ],
            [
              -105.08502055746192,
              30.8132285996641
            ],
            [
              -105.08502055746192,
              30.813138768135687
            ],
            [
              -105.08520022051874,
              30.81295910507886
            ],
            [
              -105.08520022051874,
              30.812869273550447
            ],
            [
              -105.08537988357557,
              30.81268961049362
            ],
            [
              -105.08537988357557,
              30.812599778965208
            ],
            [
              -105.0855595466324,
              30.81242011590838
            ],
            [
              -105.0855595466324,
              30.812330284379968
            ],
            [
              -105.08564937816081,
              30.812240452851555
            ],
            [
              -105.08564937816081,
              30.81215062132314
            ],
            [
              -105.08573920968922,
              30.812060789794728
            ],
            [
              -105.08573920968922,
              30.811970958266315
            ],
            [
              -105.08582904121764,
              30.8118811267379
            ],
            [
              -105.08582904121764,
              30.81179129520949
            ],
            [
              -105.08591887274605,
              30.811701463681075
            ],
            [
              -105.08600870427446,
              30.811701463681075
            ],
            [
              -105.08600870427446,
              30.8118811267379
            ]
          ]
        ]
      }
    },
    {
      "type": "Feature",
      "properties": {
        "label": "dhf_low",
        "range": [
          0,
          0.35
        ],
        "group_id": 427,
        "area": 1497,
        "mean_ndmi": 0.0,
        "mean_ndvi": 0.11
      },
      "geometry": {
        "type": "Polygon",
        "coordinates": [
          [
            [
              -105.08564937816081,
              30.830296590062616
            ],
            [
              -105.0855595466324,
              30.83038642159103
            ],
            [
              -105.0855595466324,
              30.830476253119443
            ],
            [
              -105.08546971510398,
              30.830566084647856
            ],
            [
              -105.08537988357557,
              30.830566084647856
            ],
            [
              -105.08529005204716,
              30.83065591617627
            ],
            [
              -105.08529005204716,
              30.830745747704682
            ],
            [
              -105.08520022051874,
              30.830835579233096
            ],
            [
              -105.08502055746192,
              30.830835579233096
            ],
            [
              -105.08502055746192,
              30.830745747704682
            ],
            [
              -105.08529005204716,
              30.830476253119443
            ],
            [
              -105.08537988357557,
              30.830476253119443
            ],
            [
              -105.08546971510398,
              30.83038642159103
            ],
            [
              -105.08546971510398,
              30.830296590062616
            ],
            [
              -105.0855595466324,
              30.830206758534203
            ],
            [
              -105.0855595466324,
              30.829937263948963
            ],
            [
              -105.08564937816081,
              30.829937263948963
            ],
            [
              -105.08564937816081,
              30.830296590062616
            ]
          ]
        ]
      }
    },
    {
      "type": "Feature",
      "properties": {
        "label": "dhf_low",
        "range": [
          0,
          0.35
        ],
        "group_id": 428,
        "area": 684,
        "mean_ndmi": -0.02,
        "mean_ndvi": 0.1
      },
      "geometry": {
        "type": "Polygon",
        "coordinates": [
          [
            [
              -105.08564937816081,
              30.81879815442572
            ],
            [
              -105.08546971510398,
              30.81879815442572
            ],
            [
              -105.08529005204716,
              30.818618491368895
            ],
            [
              -105.08529005204716,
              30.81843882831207
            ],
            [
              -105.08537988357557,
              30.81843882831207
            ],
            [
              -105.08537988357557,
              30.81852865984048
            ],
            [
              -105.08546971510398,
              30.818618491368895
            ],
            [
              -105.0855595466324,
              30.818618491368895
            ],
            [
              -105.08564937816081,
              30.818708322897308
            ],
            [
              -105.08564937816081,
              30.81879815442572
            ]
          ]
        ]
      }
    },
    {
      "type": "Feature",
      "properties": {
        "label": "dhf_low",
        "range": [
          0,
          0.35
        ],
        "group_id": 429,
        "area": 1027,
        "mean_ndmi": -0.1,
        "mean_ndvi": 0.1
      },
      "geometry": {
        "type": "Polygon",
        "coordinates": [
          [
            [
              -105.0855595466324,
              30.815384556346018
            ],
            [
              -105.08546971510398,
              30.81547438787443
            ],
            [
              -105.08537988357557,
              30.81547438787443
            ],
            [
              -105.08529005204716,
              30.815564219402845
            ],
            [
              -105.08520022051874,
              30.815564219402845
            ],
            [
              -105.08511038899033,
              30.815654050931258
            ],
            [
              -105.08484089440509,
              30.815654050931258
            ],
            [
              -105.08484089440509,
              30.815564219402845
            ],
            [
              -105.0849307259335,
              30.815564219402845
            ],
            [
              -105.08502055746192,
              30.81547438787443
            ],
            [
              -105.08520022051874,
              30.81547438787443
            ],
            [
              -105.08529005204716,
              30.815384556346018
            ],
            [
              -105.08537988357557,
              30.815384556346018
            ],
            [
              -105.08546971510398,
              30.815294724817605
            ],
            [
              -105.0855595466324,
              30.815294724817605
            ],
            [
              -105.0855595466324,
              30.815384556346018
            ]
          ]
        ]
      }
    },
    {
      "type": "Feature",
      "properties": {
        "label": "dhf_low",
        "range": [
          0,
          0.35
        ],
        "group_id": 431,
        "area": 941,
        "mean_ndmi": -0.01,
        "mean_ndvi": 0.12
      },
      "geometry": {
        "type": "Polygon",
        "coordinates": [
          [
            [
              -105.08537988357557,
              30.817001523857456
            ],
            [
              -105.08529005204716,
              30.81709135538587
            ],
            [
              -105.08502055746192,
              30.81709135538587
            ],
            [
              -105.0849307259335,
              30.817181186914283
            ],
            [
              -105.0849307259335,
              30.81736084997111
            ],
            [
              -105.08484089440509,
              30.81736084997111
            ],
            [
              -105.08484089440509,
              30.81709135538587
            ],
            [
              -105.0849307259335,
              30.817001523857456
            ],
            [
              -105.08511038899033,
              30.817001523857456
            ],
            [
              -105.08520022051874,
              30.816911692329043
            ],
            [
              -105.08537988357557,
              30.816911692329043
            ],
            [
              -105.08537988357557,
              30.817001523857456
            ]
          ]
        ]
      }
    },
    {
      "type": "Feature",
      "properties": {
        "label": "dhf_low",
        "range": [
          0,
          0.35
        ],
        "group_id": 433,
        "area": 2225,
        "mean_ndmi": -0.0,
        "mean_ndvi": 0.1
      },
      "geometry": {
        "type": "Polygon",
        "coordinates": [
          [
            [
              -105.08529005204716,
              30.833350862028666
            ],
            [
              -105.08520022051874,
              30.83344069355708
            ],
            [
              -105.08520022051874,
              30.833620356613906
            ],
            [
              -105.08511038899033,
              30.83371018814232
            ],
            [
              -105.08502055746192,
              30.83371018814232
            ],
            [
              -105.08502055746192,
              30.833620356613906
            ],
            [
              -105.08511038899033,
              30.833530525085493
            ],
            [
              -105.08511038899033,
              30.833261030500253
            ],
            [
              -105.08520022051874,
              30.83317119897184
            ],
            [
              -105.08511038899033,
              30.833081367443427
            ],
            [
              -105.08511038899033,
              30.8329017043866
            ],
            [
              -105.08502055746192,
              30.832811872858187
            ],
            [
              -105.08502055746192,
              30.832722041329774
            ],
            [
              -105.0849307259335,
              30.83263220980136
            ],
            [
              -105.0849307259335,
              30.832183052159294
            ],
            [
              -105.08502055746192,
              30.832183052159294
            ],
            [
              -105.08502055746192,
              30.832542378272947
            ],
            [
              -105.08520022051874,
              30.832722041329774
            ],
            [
              -105.08520022051874,
              30.832811872858187
            ],
            [
              -105.08529005204716,
              30.8329017043866
            ],
            [
              -105.08529005204716,
              30.833350862028666
            ]
          ]
        ]
      }
    },
    {
      "type": "Feature",
      "properties": {
        "label": "dhf_low",
        "range": [
          0,
          0.35
        ],
        "group_id": 436,
        "area": 770,
        "mean_ndmi": -0.08,
        "mean_ndvi": 0.11
      },
      "geometry": {
        "type": "Polygon",
        "coordinates": [
          [
            [
              -105.08502055746192,
              30.82176259486336
            ],
            [
              -105.0849307259335,
              30.82176259486336
            ],
            [
              -105.08484089440509,
              30.821672763334945
            ],
            [
              -105.08484089440509,
              30.821043942636052
            ],
            [
              -105.0849307259335,
              30.821043942636052
            ],
            [
              -105.0849307259335,
              30.82158293180653
            ],
            [
              -105.08502055746192,
              30.821672763334945
            ],
            [
              -105.08502055746192,
              30.82176259486336
            ]
          ]
        ]
      }
    },
    {
      "type": "Feature",
      "properties": {
        "label": "dhf_low",
        "range": [
          0,
          0.35
        ],
        "group_id": 437,
        "area": 1711,
        "mean_ndmi": 0.0,
        "mean_ndvi": 0.12
      },
      "geometry": {
        "type": "Polygon",
        "coordinates": [
          [
            [
              -105.0849307259335,
              30.839639069017593
            ],
            [
              -105.08457139981985,
              30.839639069017593
            ],
            [
              -105.08430190523461,
              30.839369574432354
            ],
            [
              -105.08430190523461,
              30.839189911375527
            ],
            [
              -105.08403241064937,
              30.838920416790288
            ],
            [
              -105.08394257912096,
              30.838920416790288
            ],
            [
              -105.08394257912096,
              30.838830585261874
            ],
            [
              -105.08403241064937,
              30.838830585261874
            ],
            [
              -105.08412224217778,
              30.838920416790288
            ],
            [
              -105.0842120737062,
              30.838920416790288
            ],
            [
              -105.08439173676302,
              30.839100079847114
            ],
            [
              -105.08439173676302,
              30.839189911375527
            ],
            [
              -105.08448156829144,
              30.83927974290394
            ],
            [
              -105.08448156829144,
              30.839369574432354
            ],
            [
              -105.08457139981985,
              30.839459405960767
            ],
            [
              -105.08466123134826,
              30.839459405960767
            ],
            [
              -105.08475106287668,
              30.83954923748918
            ],
            [
              -105.0849307259335,
              30.83954923748918
            ],
            [
              -105.0849307259335,
              30.839639069017593
            ]
          ]
        ]
      }
    },
    {
      "type": "Feature",
      "properties": {
        "label": "dhf_low",
        "range": [
          0,
          0.35
        ],
        "group_id": 438,
        "area": 1326,
        "mean_ndmi": -0.01,
        "mean_ndvi": 0.1
      },
      "geometry": {
        "type": "Polygon",
        "coordinates": [
          [
            [
              -105.0849307259335,
              30.828320296437525
            ],
            [
              -105.08484089440509,
              30.828410127965938
            ],
            [
              -105.08484089440509,
              30.82849995949435
            ],
            [
              -105.08466123134826,
              30.828679622551178
            ],
            [
              -105.08466123134826,
              30.82876945407959
            ],
            [
              -105.08457139981985,
              30.828859285608004
            ],
            [
              -105.08439173676302,
              30.828859285608004
            ],
            [
              -105.08439173676302,
              30.82876945407959
            ],
            [
              -105.08457139981985,
              30.828589791022765
            ],
            [
              -105.08457139981985,
              30.82849995949435
            ],
            [
              -105.08484089440509,
              30.82823046490911
            ],
            [
              -105.0849307259335,
              30.82823046490911
            ],
            [
              -105.0849307259335,
              30.828320296437525
            ]
          ]
        ]
      }
    },
    {
      "type": "Feature",
      "properties": {
        "label": "dhf_low",
        "range": [
          0,
          0.35
        ],
        "group_id": 442,
        "area": 770,
        "mean_ndmi": 0.0,
        "mean_ndvi": 0.1
      },
      "geometry": {
        "type": "Polygon",
        "coordinates": [
          [
            [
              -105.08484089440509,
              30.819696469709854
            ],
            [
              -105.08475106287668,
              30.819696469709854
            ],
            [
              -105.08475106287668,
              30.81960663818144
            ],
            [
              -105.08466123134826,
              30.819516806653027
            ],
            [
              -105.08466123134826,
              30.81906764901096
            ],
            [
              -105.08475106287668,
              30.81906764901096
            ],
            [
              -105.08475106287668,
              30.8193371435962
            ],
            [
              -105.08484089440509,
              30.819426975124614
            ],
            [
              -105.08484089440509,
              30.819696469709854
            ]
          ]
        ]
      }
    },
    {
      "type": "Feature",
      "properties": {
        "label": "dhf_low",
        "range": [
          0,
          0.35
        ],
        "group_id": 443,
        "area": 1540,
        "mean_ndmi": 0.0,
        "mean_ndvi": 0.1
      },
      "geometry": {
        "type": "Polygon",
        "coordinates": [
          [
            [
              -105.08475106287668,
              30.835506818710584
            ],
            [
              -105.08466123134826,
              30.835596650238998
            ],
            [
              -105.08466123134826,
              30.835866144824237
            ],
            [
              -105.08457139981985,
              30.83595597635265
            ],
            [
              -105.08457139981985,
              30.836315302466303
            ],
            [
              -105.08448156829144,
              30.836315302466303
            ],
            [
              -105.08448156829144,
              30.835866144824237
            ],
            [
              -105.08457139981985,
              30.835776313295824
            ],
            [
              -105.08457139981985,
              30.835506818710584
            ],
            [
              -105.08466123134826,
              30.83541698718217
            ],
            [
              -105.08466123134826,
              30.83487799801169
            ],
            [
              -105.08475106287668,
              30.83487799801169
            ],
            [
              -105.08475106287668,
              30.835506818710584
            ]
          ]
        ]
      }
    },
    {
      "type": "Feature",
      "properties": {
        "label": "dhf_low",
        "range": [
          0,
          0.35
        ],
        "group_id": 448,
        "area": 12283,
        "mean_ndmi": -0.06,
        "mean_ndvi": 0.15
      },
      "geometry": {
        "type": "Polygon",
        "coordinates": [
          [
            [
              -105.08457139981985,
              30.8254456875283
            ],
            [
              -105.08439173676302,
              30.825625350585128
            ],
            [
              -105.08439173676302,
              30.82571518211354
            ],
            [
              -105.08430190523461,
              30.825805013641954
            ],
            [
              -105.08430190523461,
              30.825894845170367
            ],
            [
              -105.0842120737062,
              30.82598467669878
            ],
            [
              -105.08412224217778,
              30.82598467669878
            ],
            [
              -105.08403241064937,
              30.826074508227194
            ],
            [
              -105.08385274759254,
              30.826074508227194
            ],
            [
              -105.08376291606413,
              30.826164339755607
            ],
            [
              -105.0835832530073,
              30.826164339755607
            ],
            [
              -105.08349342147889,
              30.82625417128402
            ],
            [
              -105.08304426383683,
              30.82625417128402
            ],
            [
              -105.08295443230841,
              30.826344002812434
            ],
            [
              -105.08277476925159,
              30.826344002812434
            ],
            [
              -105.08259510619476,
              30.82652366586926
            ],
            [
              -105.08259510619476,
              30.826703328926087
            ],
            [
              -105.08250527466635,
              30.8267931604545
            ],
            [
              -105.08250527466635,
              30.828410127965938
            ],
            [
              -105.08268493772317,
              30.828589791022765
            ],
            [
              -105.08268493772317,
              30.828679622551178
            ],
            [
              -105.08277476925159,
              30.82876945407959
            ],
            [
              -105.08286460078,
              30.82876945407959
            ],
            [
              -105.08313409536524,
              30.82903894866483
            ],
            [
              -105.08322392689365,
              30.82903894866483
            ],
            [
              -105.08322392689365,
              30.82930844325007
            ],
            [
              -105.08331375842207,
              30.829398274778484
            ],
            [
              -105.08331375842207,
              30.82957793783531
            ],
            [
              -105.08322392689365,
              30.829667769363724
            ],
            [
              -105.08322392689365,
              30.829757600892137
            ],
            [
              -105.0821459485527,
              30.829757600892137
            ],
            [
              -105.08205611702428,
              30.82984743242055
            ],
            [
              -105.08196628549587,
              30.82984743242055
            ],
            [
              -105.08187645396745,
              30.829937263948963
            ],
            [
              -105.08187645396745,
              30.83011692700579
            ],
            [
              -105.08178662243904,
              30.830206758534203
            ],
            [
              -105.08178662243904,
              30.830296590062616
            ],
            [
              -105.08142729632539,
              30.83065591617627
            ],
            [
              -105.08142729632539,
              30.830835579233096
            ],
            [
              -105.0815171278538,
              30.83092541076151
            ],
            [
              -105.0815171278538,
              30.832003389102468
            ],
            [
              -105.08142729632539,
              30.83209322063088
            ],
            [
              -105.0815171278538,
              30.832183052159294
            ],
            [
              -105.0815171278538,
              30.83236271521612
            ],
            [
              -105.08142729632539,
              30.83236271521612
            ],
            [
              -105.08142729632539,
              30.832272883687708
            ],
            [
              -105.08133746479697,
              30.832183052159294
            ],
            [
              -105.08133746479697,
              30.832003389102468
            ],
            [
              -105.08142729632539,
              30.831913557574055
            ],
            [
              -105.08142729632539,
              30.831015242289922
            ],
            [
              -105.08133746479697,
              30.83092541076151
            ],
            [
              -105.08133746479697,
              30.830476253119443
            ],
            [
              -105.0815171278538,
              30.830296590062616
            ],
            [
              -105.08160695938221,
              30.830296590062616
            ],
            [
              -105.08178662243904,
              30.83011692700579
            ],
            [
              -105.08178662243904,
              30.82984743242055
            ],
            [
              -105.08187645396745,
              30.829757600892137
            ],
            [
              -105.08196628549587,
              30.829757600892137
            ],
            [
              -105.08205611702428,
              30.829667769363724
            ],
            [
              -105.08313409536524,
              30.829667769363724
            ],
            [
              -105.08322392689365,
              30.82957793783531
            ],
            [
              -105.08322392689365,
              30.829398274778484
            ],
            [
              -105.08313409536524,
              30.82930844325007
            ],
            [
              -105.08313409536524,
              30.829218611721657
            ],
            [
              -105.08304426383683,
              30.829128780193244
            ],
            [
              -105.08295443230841,
              30.829128780193244
            ],
            [
              -105.08250527466635,
              30.828679622551178
            ],
            [
              -105.08250527466635,
              30.828589791022765
            ],
            [
              -105.08241544313793,
              30.82849995949435
            ],
            [
              -105.08241544313793,
              30.826703328926087
            ],
            [
              -105.08250527466635,
              30.826613497397673
            ],
            [
              -105.08250527466635,
              30.826344002812434
            ],
            [
              -105.08259510619476,
              30.82625417128402
            ],
            [
              -105.08277476925159,
              30.82625417128402
            ],
            [
              -105.08286460078,
              30.826164339755607
            ],
            [
              -105.08331375842207,
              30.826164339755607
            ],
            [
              -105.08340358995048,
              30.826074508227194
            ],
            [
              -105.0835832530073,
              30.826074508227194
            ],
            [
              -105.08376291606413,
              30.825894845170367
            ],
            [
              -105.08385274759254,
              30.825894845170367
            ],
            [
              -105.08394257912096,
              30.82598467669878
            ],
            [
              -105.08403241064937,
              30.825894845170367
            ],
            [
              -105.08412224217778,
              30.825894845170367
            ],
            [
              -105.0842120737062,
              30.825805013641954
            ],
            [
              -105.0842120737062,
              30.82571518211354
            ],
            [
              -105.08439173676302,
              30.825535519056714
            ],
            [
              -105.08439173676302,
              30.8254456875283
            ],
            [
              -105.08448156829144,
              30.825355855999888
            ],
            [
              -105.08457139981985,
              30.825355855999888
            ],
            [
              -105.08457139981985,
              30.8254456875283
            ]
          ]
        ]
      }
    },
    {
      "type": "Feature",
      "properties": {
        "label": "dhf_low",
        "range": [
          0,
          0.35
        ],
        "group_id": 449,
        "area": 2439,
        "mean_ndmi": -0.03,
        "mean_ndvi": 0.12
      },
      "geometry": {
        "type": "Polygon",
        "coordinates": [
          [
            [
              -105.08457139981985,
              30.817720176084762
            ],
            [
              -105.08439173676302,
              30.817720176084762
            ],
            [
              -105.08430190523461,
              30.817810007613176
            ],
            [
              -105.08430190523461,
              30.81789983914159
            ],
            [
              -105.0842120737062,
              30.81789983914159
            ],
            [
              -105.08412224217778,
              30.817989670670002
            ],
            [
              -105.08412224217778,
              30.818079502198415
            ],
            [
              -105.08376291606413,
              30.818079502198415
            ],
            [
              -105.08367308453572,
              30.81816933372683
            ],
            [
              -105.08367308453572,
              30.818259165255242
            ],
            [
              -105.0835832530073,
              30.818348996783655
            ],
            [
              -105.0835832530073,
              30.818887985954134
            ],
            [
              -105.08349342147889,
              30.818887985954134
            ],
            [
              -105.08349342147889,
              30.818259165255242
            ],
            [
              -105.0835832530073,
              30.81816933372683
            ],
            [
              -105.0835832530073,
              30.818079502198415
            ],
            [
              -105.08367308453572,
              30.817989670670002
            ],
            [
              -105.08376291606413,
              30.817989670670002
            ],
            [
              -105.08385274759254,
              30.81789983914159
            ],
            [
              -105.08403241064937,
              30.81789983914159
            ],
            [
              -105.0842120737062,
              30.817720176084762
            ],
            [
              -105.08430190523461,
              30.817720176084762
            ],
            [
              -105.08448156829144,
              30.817540513027936
            ],
            [
              -105.08457139981985,
              30.817540513027936
            ],
            [
              -105.08457139981985,
              30.817720176084762
            ]
          ]
        ]
      }
    },
    {
      "type": "Feature",
      "properties": {
        "label": "dhf_low",
        "range": [
          0,
          0.35
        ],
        "group_id": 453,
        "area": 1027,
        "mean_ndmi": -0.08,
        "mean_ndvi": 0.1
      },
      "geometry": {
        "type": "Polygon",
        "coordinates": [
          [
            [
              -105.08412224217778,
              30.815923545516497
            ],
            [
              -105.08403241064937,
              30.815923545516497
            ],
            [
              -105.08394257912096,
              30.81601337704491
            ],
            [
              -105.08349342147889,
              30.81601337704491
            ],
            [
              -105.08340358995048,
              30.815923545516497
            ],
            [
              -105.08340358995048,
              30.815833713988084
            ],
            [
              -105.0835832530073,
              30.815833713988084
            ],
            [
              -105.08367308453572,
              30.815923545516497
            ],
            [
              -105.08376291606413,
              30.815923545516497
            ],
            [
              -105.08385274759254,
              30.815833713988084
            ],
            [
              -105.08412224217778,
              30.815833713988084
            ],
            [
              -105.08412224217778,
              30.815923545516497
            ]
          ]
        ]
      }
    },
    {
      "type": "Feature",
      "properties": {
        "label": "dhf_low",
        "range": [
          0,
          0.35
        ],
        "group_id": 456,
        "area": 1797,
        "mean_ndmi": -0.1,
        "mean_ndvi": 0.11
      },
      "geometry": {
        "type": "Polygon",
        "coordinates": [
          [
            [
              -105.08403241064937,
              30.8206846165224
            ],
            [
              -105.08394257912096,
              30.820774448050813
            ],
            [
              -105.08394257912096,
              30.820864279579226
            ],
            [
              -105.08376291606413,
              30.821043942636052
            ],
            [
              -105.08376291606413,
              30.82122360569288
            ],
            [
              -105.08367308453572,
              30.821313437221292
            ],
            [
              -105.08367308453572,
              30.82149310027812
            ],
            [
              -105.0835832530073,
              30.82158293180653
            ],
            [
              -105.0835832530073,
              30.82176259486336
            ],
            [
              -105.08349342147889,
              30.82176259486336
            ],
            [
              -105.08349342147889,
              30.82149310027812
            ],
            [
              -105.0835832530073,
              30.821403268749705
            ],
            [
              -105.0835832530073,
              30.82122360569288
            ],
            [
              -105.08367308453572,
              30.821133774164466
            ],
            [
              -105.08367308453572,
              30.82095411110764
            ],
            [
              -105.08376291606413,
              30.820864279579226
            ],
            [
              -105.08376291606413,
              30.820774448050813
            ],
            [
              -105.08394257912096,
              30.820594784993986
            ],
            [
              -105.08394257912096,
              30.82041512193716
            ],
            [
              -105.08403241064937,
              30.82041512193716
            ],
            [
              -105.08403241064937,
              30.8206846165224
            ]
          ]
        ]
      }
    },
    {
      "type": "Feature",
      "properties": {
        "label": "dhf_low",
        "range": [
          0,
          0.35
        ],
        "group_id": 457,
        "area": 1369,
        "mean_ndmi": 0.0,
        "mean_ndvi": 0.11
      },
      "geometry": {
        "type": "Polygon",
        "coordinates": [
          [
            [
              -105.08394257912096,
              30.832991535915014
            ],
            [
              -105.08385274759254,
              30.832991535915014
            ],
            [
              -105.08385274759254,
              30.8329017043866
            ],
            [
              -105.08376291606413,
              30.832811872858187
            ],
            [
              -105.08376291606413,
              30.832452546744534
            ],
            [
              -105.08367308453572,
              30.83236271521612
            ],
            [
              -105.08367308453572,
              30.832183052159294
            ],
            [
              -105.08385274759254,
              30.832003389102468
            ],
            [
              -105.08385274759254,
              30.831913557574055
            ],
            [
              -105.08394257912096,
              30.831913557574055
            ],
            [
              -105.08394257912096,
              30.832003389102468
            ],
            [
              -105.08385274759254,
              30.83209322063088
            ],
            [
              -105.08385274759254,
              30.832183052159294
            ],
            [
              -105.08376291606413,
              30.832272883687708
            ],
            [
              -105.08376291606413,
              30.83236271521612
            ],
            [
              -105.08385274759254,
              30.832452546744534
            ],
            [
              -105.08385274759254,
              30.832542378272947
            ],
            [
              -105.08394257912096,
              30.83263220980136
            ],
            [
              -105.08394257912096,
              30.832991535915014
            ]
          ]
        ]
      }
    },
    {
      "type": "Feature",
      "properties": {
        "label": "dhf_low",
        "range": [
          0,
          0.35
        ],
        "group_id": 459,
        "area": 941,
        "mean_ndmi": 0.0,
        "mean_ndvi": 0.1
      },
      "geometry": {
        "type": "Polygon",
        "coordinates": [
          [
            [
              -105.0835832530073,
              30.839639069017593
            ],
            [
              -105.08349342147889,
              30.839728900546007
            ],
            [
              -105.08349342147889,
              30.839998395131246
            ],
            [
              -105.08340358995048,
              30.839998395131246
            ],
            [
              -105.08340358995048,
              30.839639069017593
            ],
            [
              -105.08349342147889,
              30.83954923748918
            ],
            [
              -105.08349342147889,
              30.839100079847114
            ],
            [
              -105.0835832530073,
              30.839100079847114
            ],
            [
              -105.0835832530073,
              30.839639069017593
            ]
          ]
        ]
      }
    },
    {
      "type": "Feature",
      "properties": {
        "label": "dhf_low",
        "range": [
          0,
          0.35
        ],
        "group_id": 460,
        "area": 813,
        "mean_ndmi": 0.0,
        "mean_ndvi": 0.1
      },
      "geometry": {
        "type": "Polygon",
        "coordinates": [
          [
            [
              -105.08349342147889,
              30.832452546744534
            ],
            [
              -105.08340358995048,
              30.832542378272947
            ],
            [
              -105.08340358995048,
              30.83263220980136
            ],
            [
              -105.08331375842207,
              30.832722041329774
            ],
            [
              -105.08331375842207,
              30.832811872858187
            ],
            [
              -105.08304426383683,
              30.832811872858187
            ],
            [
              -105.08304426383683,
              30.832722041329774
            ],
            [
              -105.08313409536524,
              30.832722041329774
            ],
            [
              -105.08331375842207,
              30.832542378272947
            ],
            [
              -105.08331375842207,
              30.832452546744534
            ],
            [
              -105.08340358995048,
              30.83236271521612
            ],
            [
              -105.08349342147889,
              30.83236271521612
            ],
            [
              -105.08349342147889,
              30.832452546744534
            ]
          ]
        ]
      }
    },
    {
      "type": "Feature",
      "properties": {
        "label": "dhf_low",
        "range": [
          0,
          0.35
        ],
        "group_id": 463,
        "area": 2611,
        "mean_ndmi": -0.07,
        "mean_ndvi": 0.1
      },
      "geometry": {
        "type": "Polygon",
        "coordinates": [
          [
            [
              -105.08331375842207,
              30.810264159226463
            ],
            [
              -105.08322392689365,
              30.810353990754876
            ],
            [
              -105.08322392689365,
              30.81044382228329
            ],
            [
              -105.08304426383683,
              30.810623485340116
            ],
            [
              -105.08286460078,
              30.810623485340116
            ],
            [
              -105.08241544313793,
              30.811072642982182
            ],
            [
              -105.08232561160952,
              30.811072642982182
            ],
            [
              -105.0822357800811,
              30.811162474510596
            ],
            [
              -105.08196628549587,
              30.811162474510596
            ],
            [
              -105.08196628549587,
              30.811072642982182
            ],
            [
              -105.08205611702428,
              30.811072642982182
            ],
            [
              -105.0821459485527,
              30.81098281145377
            ],
            [
              -105.0822357800811,
              30.81098281145377
            ],
            [
              -105.08241544313793,
              30.810803148396943
            ],
            [
              -105.08250527466635,
              30.810803148396943
            ],
            [
              -105.08277476925159,
              30.810533653811703
            ],
            [
              -105.08286460078,
              30.810533653811703
            ],
            [
              -105.08322392689365,
              30.81017432769805
            ],
            [
              -105.08331375842207,
              30.81017432769805
            ],
            [
              -105.08331375842207,
              30.810264159226463
            ]
          ]
        ]
      }
    },
    {
      "type": "Feature",
      "properties": {
        "label": "dhf_low",
        "range": [
          0,
          0.35
        ],
        "group_id": 464,
        "area": 2140,
        "mean_ndmi": -0.1,
        "mean_ndvi": 0.12
      },
      "geometry": {
        "type": "Polygon",
        "coordinates": [
          [
            [
              -105.08322392689365,
              30.822750741675904
            ],
            [
              -105.08313409536524,
              30.822840573204317
            ],
            [
              -105.08313409536524,
              30.82293040473273
            ],
            [
              -105.08295443230841,
              30.823110067789557
            ],
            [
              -105.08295443230841,
              30.82319989931797
            ],
            [
              -105.08286460078,
              30.823289730846383
            ],
            [
              -105.08286460078,
              30.823379562374797
            ],
            [
              -105.08277476925159,
              30.82346939390321
            ],
            [
              -105.08277476925159,
              30.824188046130516
            ],
            [
              -105.08268493772317,
              30.82427787765893
            ],
            [
              -105.08259510619476,
              30.82427787765893
            ],
            [
              -105.08259510619476,
              30.824188046130516
            ],
            [
              -105.08268493772317,
              30.824098214602103
            ],
            [
              -105.08268493772317,
              30.823379562374797
            ],
            [
              -105.08277476925159,
              30.823289730846383
            ],
            [
              -105.08277476925159,
              30.82319989931797
            ],
            [
              -105.08286460078,
              30.823110067789557
            ],
            [
              -105.08286460078,
              30.823020236261144
            ],
            [
              -105.08295443230841,
              30.82293040473273
            ],
            [
              -105.08295443230841,
              30.822840573204317
            ],
            [
              -105.08313409536524,
              30.82266091014749
            ],
            [
              -105.08322392689365,
              30.82266091014749
            ],
            [
              -105.08322392689365,
              30.822750741675904
            ]
          ]
        ]
      }
    },
    {
      "type": "Feature",
      "properties": {
        "label": "dhf_low",
        "range": [
          0,
          0.35
        ],
        "group_id": 465,
        "area": 1968,
        "mean_ndmi": -0.02,
        "mean_ndvi": 0.12
      },
      "geometry": {
        "type": "Polygon",
        "coordinates": [
          [
            [
              -105.08313409536524,
              30.81906764901096
            ],
            [
              -105.08295443230841,
              30.81906764901096
            ],
            [
              -105.08286460078,
              30.819157480539374
            ],
            [
              -105.08268493772317,
              30.819157480539374
            ],
            [
              -105.08250527466635,
              30.8193371435962
            ],
            [
              -105.08241544313793,
              30.8193371435962
            ],
            [
              -105.08232561160952,
              30.819426975124614
            ],
            [
              -105.0822357800811,
              30.819426975124614
            ],
            [
              -105.0821459485527,
              30.819516806653027
            ],
            [
              -105.08205611702428,
              30.819516806653027
            ],
            [
              -105.08196628549587,
              30.81960663818144
            ],
            [
              -105.08196628549587,
              30.819696469709854
            ],
            [
              -105.08187645396745,
              30.819696469709854
            ],
            [
              -105.08187645396745,
              30.819516806653027
            ],
            [
              -105.08196628549587,
              30.819426975124614
            ],
            [
              -105.08205611702428,
              30.819426975124614
            ],
            [
              -105.0822357800811,
              30.819247312067787
            ],
            [
              -105.08232561160952,
              30.819247312067787
            ],
            [
              -105.08241544313793,
              30.819157480539374
            ],
            [
              -105.08250527466635,
              30.819157480539374
            ],
            [
              -105.08259510619476,
              30.81906764901096
            ],
            [
              -105.08277476925159,
              30.81906764901096
            ],
            [
              -105.08286460078,
              30.818977817482548
            ],
            [
              -105.08313409536524,
              30.818977817482548
            ],
            [
              -105.08313409536524,
              30.81906764901096
            ]
          ]
        ]
      }
    },
    {
      "type": "Feature",
      "properties": {
        "label": "dhf_low",
        "range": [
          0,
          0.35
        ],
        "group_id": 466,
        "area": 941,
        "mean_ndmi": 0.0,
        "mean_ndvi": 0.13
      },
      "geometry": {
        "type": "Polygon",
        "coordinates": [
          [
            [
              -105.08286460078,
              30.836944123165196
            ],
            [
              -105.08277476925159,
              30.836944123165196
            ],
            [
              -105.08232561160952,
              30.83649496552313
            ],
            [
              -105.08232561160952,
              30.836405133994717
            ],
            [
              -105.08241544313793,
              30.836405133994717
            ],
            [
              -105.08286460078,
              30.836854291636783
            ],
            [
              -105.08286460078,
              30.836944123165196
            ]
          ]
        ]
      }
    },
    {
      "type": "Feature",
      "properties": {
        "label": "dhf_low",
        "range": [
          0,
          0.35
        ],
        "group_id": 472,
        "area": 1455,
        "mean_ndmi": -0.08,
        "mean_ndvi": 0.1
      },
      "geometry": {
        "type": "Polygon",
        "coordinates": [
          [
            [
              -105.08250527466635,
              30.817450681499523
            ],
            [
              -105.08241544313793,
              30.817450681499523
            ],
            [
              -105.08241544313793,
              30.817271018442696
            ],
            [
              -105.08232561160952,
              30.817181186914283
            ],
            [
              -105.0822357800811,
              30.817271018442696
            ],
            [
              -105.08205611702428,
              30.817271018442696
            ],
            [
              -105.08196628549587,
              30.81736084997111
            ],
            [
              -105.08169679091063,
              30.81736084997111
            ],
            [
              -105.08169679091063,
              30.817271018442696
            ],
            [
              -105.08196628549587,
              30.817271018442696
            ],
            [
              -105.08205611702428,
              30.817181186914283
            ],
            [
              -105.0822357800811,
              30.817181186914283
            ],
            [
              -105.08241544313793,
              30.817001523857456
            ],
            [
              -105.08241544313793,
              30.816732029272217
            ],
            [
              -105.08250527466635,
              30.816732029272217
            ],
            [
              -105.08250527466635,
              30.817450681499523
            ]
          ]
        ]
      }
    },
    {
      "type": "Feature",
      "properties": {
        "label": "dhf_low",
        "range": [
          0,
          0.35
        ],
        "group_id": 473,
        "area": 941,
        "mean_ndmi": 0.0,
        "mean_ndvi": 0.12
      },
      "geometry": {
        "type": "Polygon",
        "coordinates": [
          [
            [
              -105.08241544313793,
              30.835237324125345
            ],
            [
              -105.08232561160952,
              30.835327155653758
            ],
            [
              -105.08232561160952,
              30.83541698718217
            ],
            [
              -105.0822357800811,
              30.83541698718217
            ],
            [
              -105.0822357800811,
              30.835237324125345
            ],
            [
              -105.08232561160952,
              30.83514749259693
            ],
            [
              -105.0822357800811,
              30.835057661068518
            ],
            [
              -105.0822357800811,
              30.834698334954865
            ],
            [
              -105.08232561160952,
              30.834698334954865
            ],
            [
              -105.08232561160952,
              30.83487799801169
            ],
            [
              -105.08241544313793,
              30.834967829540105
            ],
            [
              -105.08241544313793,
              30.835237324125345
            ]
          ]
        ]
      }
    },
    {
      "type": "Feature",
      "properties": {
        "label": "dhf_low",
        "range": [
          0,
          0.35
        ],
        "group_id": 474,
        "area": 1711,
        "mean_ndmi": -0.07,
        "mean_ndvi": 0.12
      },
      "geometry": {
        "type": "Polygon",
        "coordinates": [
          [
            [
              -105.08241544313793,
              30.82481686682941
            ],
            [
              -105.08232561160952,
              30.82490669835782
            ],
            [
              -105.08232561160952,
              30.824996529886235
            ],
            [
              -105.0822357800811,
              30.825086361414648
            ],
            [
              -105.0821459485527,
              30.825086361414648
            ],
            [
              -105.08205611702428,
              30.82517619294306
            ],
            [
              -105.08205611702428,
              30.825266024471475
            ],
            [
              -105.08187645396745,
              30.8254456875283
            ],
            [
              -105.08187645396745,
              30.825625350585128
            ],
            [
              -105.08178662243904,
              30.82571518211354
            ],
            [
              -105.08178662243904,
              30.825805013641954
            ],
            [
              -105.08160695938221,
              30.825805013641954
            ],
            [
              -105.08160695938221,
              30.82571518211354
            ],
            [
              -105.08169679091063,
              30.82571518211354
            ],
            [
              -105.08178662243904,
              30.825625350585128
            ],
            [
              -105.08178662243904,
              30.825266024471475
            ],
            [
              -105.08205611702428,
              30.824996529886235
            ],
            [
              -105.0821459485527,
              30.824996529886235
            ],
            [
              -105.08232561160952,
              30.82481686682941
            ],
            [
              -105.08232561160952,
              30.824727035300995
            ],
            [
              -105.08241544313793,
              30.824727035300995
            ],
            [
              -105.08241544313793,
              30.82481686682941
            ]
          ]
        ]
      }
    },
    {
      "type": "Feature",
      "properties": {
        "label": "dhf_low",
        "range": [
          0,
          0.35
        ],
        "group_id": 476,
        "area": 2097,
        "mean_ndmi": -0.04,
        "mean_ndvi": 0.13
      },
      "geometry": {
        "type": "Polygon",
        "coordinates": [
          [
            [
              -105.08232561160952,
              30.832991535915014
            ],
            [
              -105.0822357800811,
              30.833081367443427
            ],
            [
              -105.0822357800811,
              30.833261030500253
            ],
            [
              -105.0821459485527,
              30.833350862028666
            ],
            [
              -105.0821459485527,
              30.833620356613906
            ],
            [
              -105.08205611702428,
              30.83371018814232
            ],
            [
              -105.08205611702428,
              30.833800019670733
            ],
            [
              -105.08196628549587,
              30.833800019670733
            ],
            [
              -105.08196628549587,
              30.83371018814232
            ],
            [
              -105.08205611702428,
              30.833620356613906
            ],
            [
              -105.08205611702428,
              30.833081367443427
            ],
            [
              -105.0822357800811,
              30.8329017043866
            ],
            [
              -105.0822357800811,
              30.832722041329774
            ],
            [
              -105.08205611702428,
              30.832542378272947
            ],
            [
              -105.08187645396745,
              30.832542378272947
            ],
            [
              -105.08187645396745,
              30.832452546744534
            ],
            [
              -105.0822357800811,
              30.832452546744534
            ],
            [
              -105.08232561160952,
              30.832542378272947
            ],
            [
              -105.08232561160952,
              30.832991535915014
            ]
          ]
        ]
      }
    },
    {
      "type": "Feature",
      "properties": {
        "label": "dhf_low",
        "range": [
          0,
          0.35
        ],
        "group_id": 478,
        "area": 3167,
        "mean_ndmi": -0.02,
        "mean_ndvi": 0.12
      },
      "geometry": {
        "type": "Polygon",
        "coordinates": [
          [
            [
              -105.0822357800811,
              30.8206846165224
            ],
            [
              -105.0821459485527,
              30.820774448050813
            ],
            [
              -105.0821459485527,
              30.820864279579226
            ],
            [
              -105.08205611702428,
              30.820864279579226
            ],
            [
              -105.08142729632539,
              30.82149310027812
            ],
            [
              -105.08124763326856,
              30.82149310027812
            ],
            [
              -105.08124763326856,
              30.821403268749705
            ],
            [
              -105.08187645396745,
              30.820774448050813
            ],
            [
              -105.08205611702428,
              30.820774448050813
            ],
            [
              -105.0821459485527,
              30.8206846165224
            ],
            [
              -105.0821459485527,
              30.820504953465573
            ],
            [
              -105.08205611702428,
              30.82041512193716
            ],
            [
              -105.08205611702428,
              30.820325290408746
            ],
            [
              -105.08196628549587,
              30.820235458880333
            ],
            [
              -105.08196628549587,
              30.819965964295093
            ],
            [
              -105.08205611702428,
              30.819965964295093
            ],
            [
              -105.08205611702428,
              30.820055795823507
            ],
            [
              -105.0821459485527,
              30.82014562735192
            ],
            [
              -105.0821459485527,
              30.820235458880333
            ],
            [
              -105.0822357800811,
              30.820325290408746
            ],
            [
              -105.0822357800811,
              30.8206846165224
            ]
          ]
        ]
      }
    },
    {
      "type": "Feature",
      "properties": {
        "label": "dhf_low",
        "range": [
          0,
          0.35
        ],
        "group_id": 479,
        "area": 941,
        "mean_ndmi": -0.1,
        "mean_ndvi": 0.11
      },
      "geometry": {
        "type": "Polygon",
        "coordinates": [
          [
            [
              -105.0822357800811,
              30.817989670670002
            ],
            [
              -105.08196628549587,
              30.818259165255242
            ],
            [
              -105.08169679091063,
              30.818259165255242
            ],
            [
              -105.08169679091063,
              30.81816933372683
            ],
            [
              -105.08178662243904,
              30.81816933372683
            ],
            [
              -105.08196628549587,
              30.817989670670002
            ],
            [
              -105.08205611702428,
              30.817989670670002
            ],
            [
              -105.0821459485527,
              30.81789983914159
            ],
            [
              -105.0822357800811,
              30.81789983914159
            ],
            [
              -105.0822357800811,
              30.817989670670002
            ]
          ]
        ]
      }
    },
    {
      "type": "Feature",
      "properties": {
        "label": "dhf_low",
        "range": [
          0,
          0.35
        ],
        "group_id": 486,
        "area": 4236,
        "mean_ndmi": -0.01,
        "mean_ndvi": 0.13
      },
      "geometry": {
        "type": "Polygon",
        "coordinates": [
          [
            [
              -105.08133746479697,
              30.83451867189804
            ],
            [
              -105.08124763326856,
              30.834608503426452
            ],
            [
              -105.08124763326856,
              30.834698334954865
            ],
            [
              -105.08106797021173,
              30.83487799801169
            ],
            [
              -105.08106797021173,
              30.834967829540105
            ],
            [
              -105.08097813868332,
              30.835057661068518
            ],
            [
              -105.08097813868332,
              30.835237324125345
            ],
            [
              -105.08088830715491,
              30.835327155653758
            ],
            [
              -105.08088830715491,
              30.83541698718217
            ],
            [
              -105.0807984756265,
              30.835506818710584
            ],
            [
              -105.0807984756265,
              30.835596650238998
            ],
            [
              -105.08061881256967,
              30.835776313295824
            ],
            [
              -105.08052898104125,
              30.835776313295824
            ],
            [
              -105.08043914951284,
              30.835866144824237
            ],
            [
              -105.08043914951284,
              30.83595597635265
            ],
            [
              -105.0801696549276,
              30.83622547093789
            ],
            [
              -105.0801696549276,
              30.836315302466303
            ],
            [
              -105.08007982339919,
              30.836405133994717
            ],
            [
              -105.08007982339919,
              30.83649496552313
            ],
            [
              -105.07998999187078,
              30.836584797051543
            ],
            [
              -105.07998999187078,
              30.836854291636783
            ],
            [
              -105.07990016034236,
              30.836854291636783
            ],
            [
              -105.07990016034236,
              30.836405133994717
            ],
            [
              -105.07998999187078,
              30.836315302466303
            ],
            [
              -105.07998999187078,
              30.83622547093789
            ],
            [
              -105.08007982339919,
              30.836135639409477
            ],
            [
              -105.08007982339919,
              30.836045807881064
            ],
            [
              -105.08070864409808,
              30.83541698718217
            ],
            [
              -105.08070864409808,
              30.835327155653758
            ],
            [
              -105.08088830715491,
              30.83514749259693
            ],
            [
              -105.08088830715491,
              30.834967829540105
            ],
            [
              -105.08106797021173,
              30.83478816648328
            ],
            [
              -105.08106797021173,
              30.834698334954865
            ],
            [
              -105.08115780174015,
              30.834608503426452
            ],
            [
              -105.08115780174015,
              30.83451867189804
            ],
            [
              -105.08124763326856,
              30.834428840369625
            ],
            [
              -105.08133746479697,
              30.834428840369625
            ],
            [
              -105.08133746479697,
              30.83451867189804
            ]
          ]
        ]
      }
    },
    {
      "type": "Feature",
      "properties": {
        "label": "dhf_low",
        "range": [
          0,
          0.35
        ],
        "group_id": 487,
        "area": 1112,
        "mean_ndmi": -0.01,
        "mean_ndvi": 0.11
      },
      "geometry": {
        "type": "Polygon",
        "coordinates": [
          [
            [
              -105.08133746479697,
              30.82014562735192
            ],
            [
              -105.08106797021173,
              30.82014562735192
            ],
            [
              -105.08097813868332,
              30.820055795823507
            ],
            [
              -105.0807984756265,
              30.820055795823507
            ],
            [
              -105.08070864409808,
              30.819965964295093
            ],
            [
              -105.08034931798443,
              30.819965964295093
            ],
            [
              -105.08034931798443,
              30.81987613276668
            ],
            [
              -105.0807984756265,
              30.81987613276668
            ],
            [
              -105.08088830715491,
              30.819965964295093
            ],
            [
              -105.08106797021173,
              30.819965964295093
            ],
            [
              -105.08115780174015,
              30.820055795823507
            ],
            [
              -105.08133746479697,
              30.820055795823507
            ],
            [
              -105.08133746479697,
              30.82014562735192
            ]
          ]
        ]
      }
    },
    {
      "type": "Feature",
      "properties": {
        "label": "dhf_low",
        "range": [
          0,
          0.35
        ],
        "group_id": 488,
        "area": 2909,
        "mean_ndmi": -0.0,
        "mean_ndvi": 0.14
      },
      "geometry": {
        "type": "Polygon",
        "coordinates": [
          [
            [
              -105.08124763326856,
              30.840267889716486
            ],
            [
              -105.08088830715491,
              30.840267889716486
            ],
            [
              -105.08088830715491,
              30.840178058188073
            ],
            [
              -105.0807984756265,
              30.84008822665966
            ],
            [
              -105.08070864409808,
              30.84008822665966
            ],
            [
              -105.08061881256967,
              30.839998395131246
            ],
            [
              -105.08061881256967,
              30.83981873207442
            ],
            [
              -105.08034931798443,
              30.83954923748918
            ],
            [
              -105.08034931798443,
              30.839459405960767
            ],
            [
              -105.0801696549276,
              30.83927974290394
            ],
            [
              -105.0801696549276,
              30.839100079847114
            ],
            [
              -105.08007982339919,
              30.8390102483187
            ],
            [
              -105.08007982339919,
              30.838920416790288
            ],
            [
              -105.07998999187078,
              30.838830585261874
            ],
            [
              -105.07998999187078,
              30.838650922205048
            ],
            [
              -105.08007982339919,
              30.838650922205048
            ],
            [
              -105.08007982339919,
              30.83874075373346
            ],
            [
              -105.0801696549276,
              30.838830585261874
            ],
            [
              -105.0801696549276,
              30.8390102483187
            ],
            [
              -105.08025948645601,
              30.839100079847114
            ],
            [
              -105.08025948645601,
              30.839189911375527
            ],
            [
              -105.08034931798443,
              30.83927974290394
            ],
            [
              -105.08043914951284,
              30.83927974290394
            ],
            [
              -105.08043914951284,
              30.839459405960767
            ],
            [
              -105.08052898104125,
              30.83954923748918
            ],
            [
              -105.08061881256967,
              30.83954923748918
            ],
            [
              -105.08070864409808,
              30.839639069017593
            ],
            [
              -105.08070864409808,
              30.83981873207442
            ],
            [
              -105.08106797021173,
              30.840178058188073
            ],
            [
              -105.08124763326856,
              30.840178058188073
            ],
            [
              -105.08124763326856,
              30.840267889716486
            ]
          ]
        ]
      }
    },
    {
      "type": "Feature",
      "properties": {
        "label": "dhf_low",
        "range": [
          0,
          0.35
        ],
        "group_id": 489,
        "area": 770,
        "mean_ndmi": -0.1,
        "mean_ndvi": 0.13
      },
      "geometry": {
        "type": "Polygon",
        "coordinates": [
          [
            [
              -105.08124763326856,
              30.832722041329774
            ],
            [
              -105.08115780174015,
              30.832811872858187
            ],
            [
              -105.08052898104125,
              30.832811872858187
            ],
            [
              -105.08052898104125,
              30.832722041329774
            ],
            [
              -105.08106797021173,
              30.832722041329774
            ],
            [
              -105.08115780174015,
              30.83263220980136
            ],
            [
              -105.08124763326856,
              30.83263220980136
            ],
            [
              -105.08124763326856,
              30.832722041329774
            ]
          ]
        ]
      }
    },
    {
      "type": "Feature",
      "properties": {
        "label": "dhf_low",
        "range": [
          0,
          0.35
        ],
        "group_id": 490,
        "area": 4023,
        "mean_ndmi": -0.06,
        "mean_ndvi": 0.12
      },
      "geometry": {
        "type": "Polygon",
        "coordinates": [
          [
            [
              -105.08124763326856,
              30.82373888848845
            ],
            [
              -105.08115780174015,
              30.823828720016863
            ],
            [
              -105.08115780174015,
              30.823918551545276
            ],
            [
              -105.08106797021173,
              30.82400838307369
            ],
            [
              -105.08088830715491,
              30.82400838307369
            ],
            [
              -105.0807984756265,
              30.824098214602103
            ],
            [
              -105.08061881256967,
              30.824098214602103
            ],
            [
              -105.08052898104125,
              30.824188046130516
            ],
            [
              -105.08052898104125,
              30.82427787765893
            ],
            [
              -105.08043914951284,
              30.824367709187342
            ],
            [
              -105.08043914951284,
              30.824457540715755
            ],
            [
              -105.08007982339919,
              30.82481686682941
            ],
            [
              -105.07981032881395,
              30.82481686682941
            ],
            [
              -105.07972049728554,
              30.82490669835782
            ],
            [
              -105.07972049728554,
              30.824996529886235
            ],
            [
              -105.07963066575712,
              30.824996529886235
            ],
            [
              -105.07954083422871,
              30.825086361414648
            ],
            [
              -105.0794510027003,
              30.825086361414648
            ],
            [
              -105.0794510027003,
              30.824996529886235
            ],
            [
              -105.07954083422871,
              30.824996529886235
            ],
            [
              -105.07963066575712,
              30.82490669835782
            ],
            [
              -105.07972049728554,
              30.82490669835782
            ],
            [
              -105.07981032881395,
              30.82481686682941
            ],
            [
              -105.07981032881395,
              30.824727035300995
            ],
            [
              -105.07998999187078,
              30.824727035300995
            ],
            [
              -105.08007982339919,
              30.824637203772582
            ],
            [
              -105.08007982339919,
              30.82454737224417
            ],
            [
              -105.08034931798443,
              30.82427787765893
            ],
            [
              -105.08034931798443,
              30.824188046130516
            ],
            [
              -105.08052898104125,
              30.82400838307369
            ],
            [
              -105.0807984756265,
              30.82400838307369
            ],
            [
              -105.08088830715491,
              30.823918551545276
            ],
            [
              -105.08097813868332,
              30.823918551545276
            ],
            [
              -105.08106797021173,
              30.823828720016863
            ],
            [
              -105.08106797021173,
              30.823379562374797
            ],
            [
              -105.08115780174015,
              30.823289730846383
            ],
            [
              -105.08115780174015,
              30.823110067789557
            ],
            [
              -105.08106797021173,
              30.823020236261144
            ],
            [
              -105.08106797021173,
              30.822840573204317
            ],
            [
              -105.08115780174015,
              30.822840573204317
            ],
            [
              -105.08115780174015,
              30.82293040473273
            ],
            [
              -105.08124763326856,
              30.823020236261144
            ],
            [
              -105.08124763326856,
              30.82346939390321
            ],
            [
              -105.08115780174015,
              30.823559225431623
            ],
            [
              -105.08124763326856,
              30.823649056960036
            ],
            [
              -105.08124763326856,
              30.82373888848845
            ]
          ]
        ]
      }
    },
    {
      "type": "Feature",
      "properties": {
        "label": "dhf_low",
        "range": [
          0,
          0.35
        ],
        "group_id": 492,
        "area": 855,
        "mean_ndmi": -0.01,
        "mean_ndvi": 0.16
      },
      "geometry": {
        "type": "Polygon",
        "coordinates": [
          [
            [
              -105.08043914951284,
              30.837932269977742
            ],
            [
              -105.08025948645601,
              30.83811193303457
            ],
            [
              -105.08025948645601,
              30.838291596091395
            ],
            [
              -105.0801696549276,
              30.838381427619808
            ],
            [
              -105.0801696549276,
              30.83847125914822
            ],
            [
              -105.08007982339919,
              30.83847125914822
            ],
            [
              -105.08007982339919,
              30.838291596091395
            ],
            [
              -105.0801696549276,
              30.83820176456298
            ],
            [
              -105.0801696549276,
              30.83811193303457
            ],
            [
              -105.08025948645601,
              30.838022101506155
            ],
            [
              -105.08025948645601,
              30.837932269977742
            ],
            [
              -105.08034931798443,
              30.83784243844933
            ],
            [
              -105.08034931798443,
              30.837752606920915
            ],
            [
              -105.08043914951284,
              30.837752606920915
            ],
            [
              -105.08043914951284,
              30.837932269977742
            ]
          ]
        ]
      }
    },
    {
      "type": "Feature",
      "properties": {
        "label": "dhf_low",
        "range": [
          0,
          0.35
        ],
        "group_id": 494,
        "area": 1027,
        "mean_ndmi": -0.02,
        "mean_ndvi": 0.1
      },
      "geometry": {
        "type": "Polygon",
        "coordinates": [
          [
            [
              -105.08034931798443,
              30.834698334954865
            ],
            [
              -105.08007982339919,
              30.834698334954865
            ],
            [
              -105.07998999187078,
              30.83478816648328
            ],
            [
              -105.07990016034236,
              30.83478816648328
            ],
            [
              -105.07981032881395,
              30.83487799801169
            ],
            [
              -105.07954083422871,
              30.83487799801169
            ],
            [
              -105.07954083422871,
              30.83478816648328
            ],
            [
              -105.07963066575712,
              30.83478816648328
            ],
            [
              -105.07972049728554,
              30.834698334954865
            ],
            [
              -105.07990016034236,
              30.834698334954865
            ],
            [
              -105.07998999187078,
              30.834608503426452
            ],
            [
              -105.08034931798443,
              30.834608503426452
            ],
            [
              -105.08034931798443,
              30.834698334954865
            ]
          ]
        ]
      }
    },
    {
      "type": "Feature",
      "properties": {
        "label": "dhf_low",
        "range": [
          0,
          0.35
        ],
        "group_id": 495,
        "area": 16304,
        "mean_ndmi": -0.08,
        "mean_ndvi": 0.12
      },
      "geometry": {
        "type": "Polygon",
        "coordinates": [
          [
            [
              -105.08034931798443,
              30.832811872858187
            ],
            [
              -105.08025948645601,
              30.8329017043866
            ],
            [
              -105.07981032881395,
              30.8329017043866
            ],
            [
              -105.07972049728554,
              30.832991535915014
            ],
            [
              -105.07954083422871,
              30.832991535915014
            ],
            [
              -105.0794510027003,
              30.833081367443427
            ],
            [
              -105.07936117117188,
              30.833081367443427
            ],
            [
              -105.07927133964347,
              30.83317119897184
            ],
            [
              -105.07918150811506,
              30.83317119897184
            ],
            [
              -105.07909167658664,
              30.833261030500253
            ],
            [
              -105.07900184505823,
              30.833261030500253
            ],
            [
              -105.07891201352982,
              30.833350862028666
            ],
            [
              -105.0788221820014,
              30.833350862028666
            ],
            [
              -105.07873235047299,
              30.83344069355708
            ],
            [
              -105.07864251894458,
              30.83344069355708
            ],
            [
              -105.07855268741616,
              30.833530525085493
            ],
            [
              -105.07828319283092,
              30.833530525085493
            ],
            [
              -105.0781035297741,
              30.83371018814232
            ],
            [
              -105.07801369824568,
              30.83371018814232
            ],
            [
              -105.07792386671727,
              30.833800019670733
            ],
            [
              -105.07783403518886,
              30.833800019670733
            ],
            [
              -105.07774420366044,
              30.833889851199146
            ],
            [
              -105.07765437213203,
              30.833889851199146
            ],
            [
              -105.07756454060362,
              30.83397968272756
            ],
            [
              -105.0774747090752,
              30.83397968272756
            ],
            [
              -105.07738487754679,
              30.834069514255972
            ],
            [
              -105.07729504601838,
              30.834069514255972
            ],
            [
              -105.07720521448996,
              30.834159345784386
            ],
            [
              -105.07711538296155,
              30.834159345784386
            ],
            [
              -105.07702555143314,
              30.8342491773128
            ],
            [
              -105.07702555143314,
              30.834339008841212
            ],
            [
              -105.07648656226266,
              30.83487799801169
            ],
            [
              -105.07639673073425,
              30.83487799801169
            ],
            [
              -105.07630689920583,
              30.834967829540105
            ],
            [
              -105.07621706767742,
              30.834967829540105
            ],
            [
              -105.076127236149,
              30.835057661068518
            ],
            [
              -105.07603740462059,
              30.835057661068518
            ],
            [
              -105.07576791003535,
              30.835327155653758
            ],
            [
              -105.07576791003535,
              30.83541698718217
            ],
            [
              -105.07558824697853,
              30.835596650238998
            ],
            [
              -105.07558824697853,
              30.83568648176741
            ],
            [
              -105.07531875239329,
              30.83595597635265
            ],
            [
              -105.07531875239329,
              30.836135639409477
            ],
            [
              -105.07522892086487,
              30.83622547093789
            ],
            [
              -105.07522892086487,
              30.836315302466303
            ],
            [
              -105.07486959475122,
              30.836674628579956
            ],
            [
              -105.07486959475122,
              30.83676446010837
            ],
            [
              -105.0746899316944,
              30.836944123165196
            ],
            [
              -105.0746899316944,
              30.83703395469361
            ],
            [
              -105.07460010016598,
              30.837123786222023
            ],
            [
              -105.07460010016598,
              30.837213617750436
            ],
            [
              -105.07442043710915,
              30.837213617750436
            ],
            [
              -105.07433060558074,
              30.83730344927885
            ],
            [
              -105.07433060558074,
              30.837393280807262
            ],
            [
              -105.07424077405233,
              30.837483112335676
            ],
            [
              -105.07415094252391,
              30.837483112335676
            ],
            [
              -105.07379161641026,
              30.83784243844933
            ],
            [
              -105.07370178488185,
              30.83784243844933
            ],
            [
              -105.07361195335343,
              30.837932269977742
            ],
            [
              -105.07361195335343,
              30.838022101506155
            ],
            [
              -105.07352212182502,
              30.838022101506155
            ],
            [
              -105.07325262723978,
              30.838291596091395
            ],
            [
              -105.07307296418296,
              30.838291596091395
            ],
            [
              -105.07280346959772,
              30.838561090676635
            ],
            [
              -105.07262380654089,
              30.838561090676635
            ],
            [
              -105.07262380654089,
              30.83847125914822
            ],
            [
              -105.0727136380693,
              30.838381427619808
            ],
            [
              -105.07280346959772,
              30.838381427619808
            ],
            [
              -105.07298313265454,
              30.83820176456298
            ],
            [
              -105.07307296418296,
              30.83820176456298
            ],
            [
              -105.0733424587682,
              30.837932269977742
            ],
            [
              -105.07343229029661,
              30.837932269977742
            ],
            [
              -105.07397127946709,
              30.837393280807262
            ],
            [
              -105.0740611109955,
              30.837393280807262
            ],
            [
              -105.07433060558074,
              30.837123786222023
            ],
            [
              -105.07442043710915,
              30.837123786222023
            ],
            [
              -105.07451026863757,
              30.83703395469361
            ],
            [
              -105.07451026863757,
              30.836944123165196
            ],
            [
              -105.07460010016598,
              30.836854291636783
            ],
            [
              -105.07460010016598,
              30.83676446010837
            ],
            [
              -105.0747797632228,
              30.836584797051543
            ],
            [
              -105.0747797632228,
              30.83649496552313
            ],
            [
              -105.07495942627963,
              30.836315302466303
            ],
            [
              -105.07504925780805,
              30.836315302466303
            ],
            [
              -105.07513908933646,
              30.83622547093789
            ],
            [
              -105.07513908933646,
              30.836045807881064
            ],
            [
              -105.07522892086487,
              30.83595597635265
            ],
            [
              -105.07522892086487,
              30.835866144824237
            ],
            [
              -105.07531875239329,
              30.835776313295824
            ],
            [
              -105.07531875239329,
              30.83568648176741
            ],
            [
              -105.07549841545011,
              30.835506818710584
            ],
            [
              -105.07549841545011,
              30.83541698718217
            ],
            [
              -105.07558824697853,
              30.83541698718217
            ],
            [
              -105.07567807850694,
              30.835327155653758
            ],
            [
              -105.07567807850694,
              30.83514749259693
            ],
            [
              -105.07576791003535,
              30.835057661068518
            ],
            [
              -105.07585774156377,
              30.835057661068518
            ],
            [
              -105.07594757309218,
              30.834967829540105
            ],
            [
              -105.07603740462059,
              30.834967829540105
            ],
            [
              -105.07621706767742,
              30.83478816648328
            ],
            [
              -105.07630689920583,
              30.83478816648328
            ],
            [
              -105.07711538296155,
              30.83397968272756
            ],
            [
              -105.07720521448996,
              30.83397968272756
            ],
            [
              -105.07729504601838,
              30.833889851199146
            ],
            [
              -105.07738487754679,
              30.833889851199146
            ],
            [
              -105.0774747090752,
              30.833800019670733
            ],
            [
              -105.07756454060362,
              30.833800019670733
            ],
            [
              -105.07765437213203,
              30.83371018814232
            ],
            [
              -105.07774420366044,
              30.83371018814232
            ],
            [
              -105.07783403518886,
              30.833620356613906
            ],
            [
              -105.07792386671727,
              30.833620356613906
            ],
            [
              -105.07801369824568,
              30.833530525085493
            ],
            [
              -105.0781035297741,
              30.833530525085493
            ],
            [
              -105.07819336130251,
              30.83344069355708
            ],
            [
              -105.07837302435934,
              30.83344069355708
            ],
            [
              -105.07846285588775,
              30.833350862028666
            ],
            [
              -105.07855268741616,
              30.833350862028666
            ],
            [
              -105.07864251894458,
              30.833261030500253
            ],
            [
              -105.07873235047299,
              30.833261030500253
            ],
            [
              -105.0788221820014,
              30.83317119897184
            ],
            [
              -105.07891201352982,
              30.83317119897184
            ],
            [
              -105.07900184505823,
              30.833081367443427
            ],
            [
              -105.07909167658664,
              30.833081367443427
            ],
            [
              -105.07918150811506,
              30.832991535915014
            ],
            [
              -105.07927133964347,
              30.832991535915014
            ],
            [
              -105.07936117117188,
              30.8329017043866
            ],
            [
              -105.07963066575712,
              30.8329017043866
            ],
            [
              -105.07972049728554,
              30.832811872858187
            ],
            [
              -105.0801696549276,
              30.832811872858187
            ],
            [
              -105.08025948645601,
              30.832722041329774
            ],
            [
              -105.08034931798443,
              30.832722041329774
            ],
            [
              -105.08034931798443,
              30.832811872858187
            ]
          ]
        ]
      }
    },
    {
      "type": "Feature",
      "properties": {
        "label": "dhf_low",
        "range": [
          0,
          0.35
        ],
        "group_id": 497,
        "area": 2311,
        "mean_ndmi": -0.1,
        "mean_ndvi": 0.13
      },
      "geometry": {
        "type": "Polygon",
        "coordinates": [
          [
            [
              -105.0801696549276,
              30.830745747704682
            ],
            [
              -105.07972049728554,
              30.830745747704682
            ],
            [
              -105.07963066575712,
              30.83065591617627
            ],
            [
              -105.07954083422871,
              30.830745747704682
            ],
            [
              -105.07927133964347,
              30.830745747704682
            ],
            [
              -105.07918150811506,
              30.830835579233096
            ],
            [
              -105.0781035297741,
              30.830835579233096
            ],
            [
              -105.0781035297741,
              30.830745747704682
            ],
            [
              -105.07909167658664,
              30.830745747704682
            ],
            [
              -105.07918150811506,
              30.83065591617627
            ],
            [
              -105.0794510027003,
              30.83065591617627
            ],
            [
              -105.07954083422871,
              30.830566084647856
            ],
            [
              -105.07981032881395,
              30.830566084647856
            ],
            [
              -105.07990016034236,
              30.83065591617627
            ],
            [
              -105.0801696549276,
              30.83065591617627
            ],
            [
              -105.0801696549276,
              30.830745747704682
            ]
          ]
        ]
      }
    },
    {
      "type": "Feature",
      "properties": {
        "label": "dhf_low",
        "range": [
          0,
          0.35
        ],
        "group_id": 504,
        "area": 855,
        "mean_ndmi": -0.01,
        "mean_ndvi": 0.12
      },
      "geometry": {
        "type": "Polygon",
        "coordinates": [
          [
            [
              -105.07954083422871,
              30.837123786222023
            ],
            [
              -105.07900184505823,
              30.837123786222023
            ],
            [
              -105.07891201352982,
              30.837213617750436
            ],
            [
              -105.07873235047299,
              30.837213617750436
            ],
            [
              -105.07873235047299,
              30.837123786222023
            ],
            [
              -105.0788221820014,
              30.837123786222023
            ],
            [
              -105.07891201352982,
              30.83703395469361
            ],
            [
              -105.07954083422871,
              30.83703395469361
            ],
            [
              -105.07954083422871,
              30.837123786222023
            ]
          ]
        ]
      }
    },
    {
      "type": "Feature",
      "properties": {
        "label": "dhf_low",
        "range": [
          0,
          0.35
        ],
        "group_id": 506,
        "area": 684,
        "mean_ndmi": -0.06,
        "mean_ndvi": 0.12
      },
      "geometry": {
        "type": "Polygon",
        "coordinates": [
          [
            [
              -105.07936117117188,
              30.82266091014749
            ],
            [
              -105.07927133964347,
              30.82266091014749
            ],
            [
              -105.07918150811506,
              30.822750741675904
            ],
            [
              -105.07900184505823,
              30.822750741675904
            ],
            [
              -105.07891201352982,
              30.82266091014749
            ],
            [
              -105.07873235047299,
              30.82266091014749
            ],
            [
              -105.07873235047299,
              30.822571078619077
            ],
            [
              -105.07900184505823,
              30.822571078619077
            ],
            [
              -105.07909167658664,
              30.82266091014749
            ],
            [
              -105.07918150811506,
              30.82266091014749
            ],
            [
              -105.07927133964347,
              30.822571078619077
            ],
            [
              -105.07936117117188,
              30.822571078619077
            ],
            [
              -105.07936117117188,
              30.82266091014749
            ]
          ]
        ]
      }
    },
    {
      "type": "Feature",
      "properties": {
        "label": "dhf_low",
        "range": [
          0,
          0.35
        ],
        "group_id": 509,
        "area": 2096,
        "mean_ndmi": -0.03,
        "mean_ndvi": 0.1
      },
      "geometry": {
        "type": "Polygon",
        "coordinates": [
          [
            [
              -105.07918150811506,
              30.83514749259693
            ],
            [
              -105.07909167658664,
              30.83514749259693
            ],
            [
              -105.07900184505823,
              30.835237324125345
            ],
            [
              -105.0788221820014,
              30.835237324125345
            ],
            [
              -105.07873235047299,
              30.835327155653758
            ],
            [
              -105.07864251894458,
              30.835327155653758
            ],
            [
              -105.07855268741616,
              30.83541698718217
            ],
            [
              -105.07855268741616,
              30.835506818710584
            ],
            [
              -105.07846285588775,
              30.835506818710584
            ],
            [
              -105.07828319283092,
              30.83568648176741
            ],
            [
              -105.07819336130251,
              30.83568648176741
            ],
            [
              -105.07801369824568,
              30.835866144824237
            ],
            [
              -105.07774420366044,
              30.835866144824237
            ],
            [
              -105.07774420366044,
              30.835776313295824
            ],
            [
              -105.07783403518886,
              30.835776313295824
            ],
            [
              -105.07792386671727,
              30.83568648176741
            ],
            [
              -105.07801369824568,
              30.83568648176741
            ],
            [
              -105.0781035297741,
              30.835596650238998
            ],
            [
              -105.07819336130251,
              30.835596650238998
            ],
            [
              -105.07855268741616,
              30.835237324125345
            ],
            [
              -105.07864251894458,
              30.835237324125345
            ],
            [
              -105.07873235047299,
              30.83514749259693
            ],
            [
              -105.07900184505823,
              30.83514749259693
            ],
            [
              -105.07909167658664,
              30.835057661068518
            ],
            [
              -105.07918150811506,
              30.835057661068518
            ],
            [
              -105.07918150811506,
              30.83514749259693
            ]
          ]
        ]
      }
    },
    {
      "type": "Feature",
      "properties": {
        "label": "dhf_low",
        "range": [
          0,
          0.35
        ],
        "group_id": 510,
        "area": 2439,
        "mean_ndmi": -0.0,
        "mean_ndvi": 0.13
      },
      "geometry": {
        "type": "Polygon",
        "coordinates": [
          [
            [
              -105.07900184505823,
              30.83954923748918
            ],
            [
              -105.07873235047299,
              30.83954923748918
            ],
            [
              -105.07855268741616,
              30.839728900546007
            ],
            [
              -105.07846285588775,
              30.839728900546007
            ],
            [
              -105.07837302435934,
              30.839639069017593
            ],
            [
              -105.07819336130251,
              30.839639069017593
            ],
            [
              -105.0781035297741,
              30.839728900546007
            ],
            [
              -105.07783403518886,
              30.839728900546007
            ],
            [
              -105.07783403518886,
              30.839639069017593
            ],
            [
              -105.07774420366044,
              30.83954923748918
            ],
            [
              -105.07765437213203,
              30.83954923748918
            ],
            [
              -105.07756454060362,
              30.839459405960767
            ],
            [
              -105.07756454060362,
              30.83927974290394
            ],
            [
              -105.0774747090752,
              30.839189911375527
            ],
            [
              -105.0774747090752,
              30.839100079847114
            ],
            [
              -105.07756454060362,
              30.839100079847114
            ],
            [
              -105.07765437213203,
              30.839189911375527
            ],
            [
              -105.07765437213203,
              30.83927974290394
            ],
            [
              -105.07783403518886,
              30.839459405960767
            ],
            [
              -105.07792386671727,
              30.839459405960767
            ],
            [
              -105.07792386671727,
              30.83954923748918
            ],
            [
              -105.07801369824568,
              30.839639069017593
            ],
            [
              -105.0781035297741,
              30.839639069017593
            ],
            [
              -105.07819336130251,
              30.83954923748918
            ],
            [
              -105.07855268741616,
              30.83954923748918
            ],
            [
              -105.07864251894458,
              30.839459405960767
            ],
            [
              -105.07900184505823,
              30.839459405960767
            ],
            [
              -105.07900184505823,
              30.83954923748918
            ]
          ]
        ]
      }
    },
    {
      "type": "Feature",
      "properties": {
        "label": "dhf_low",
        "range": [
          0,
          0.35
        ],
        "group_id": 517,
        "area": 1412,
        "mean_ndmi": -0.1,
        "mean_ndvi": 0.13
      },
      "geometry": {
        "type": "Polygon",
        "coordinates": [
          [
            [
              -105.07846285588775,
              30.832991535915014
            ],
            [
              -105.07837302435934,
              30.832991535915014
            ],
            [
              -105.07828319283092,
              30.8329017043866
            ],
            [
              -105.0781035297741,
              30.8329017043866
            ],
            [
              -105.0781035297741,
              30.832811872858187
            ],
            [
              -105.07801369824568,
              30.832722041329774
            ],
            [
              -105.07792386671727,
              30.832722041329774
            ],
            [
              -105.07783403518886,
              30.83263220980136
            ],
            [
              -105.07774420366044,
              30.83263220980136
            ],
            [
              -105.07765437213203,
              30.832542378272947
            ],
            [
              -105.07756454060362,
              30.832542378272947
            ],
            [
              -105.07756454060362,
              30.832452546744534
            ],
            [
              -105.07783403518886,
              30.832452546744534
            ],
            [
              -105.07792386671727,
              30.832542378272947
            ],
            [
              -105.07801369824568,
              30.832542378272947
            ],
            [
              -105.07837302435934,
              30.8329017043866
            ],
            [
              -105.07846285588775,
              30.8329017043866
            ],
            [
              -105.07846285588775,
              30.832991535915014
            ]
          ]
        ]
      }
    },
    {
      "type": "Feature",
      "properties": {
        "label": "dhf_low",
        "range": [
          0,
          0.35
        ],
        "group_id": 518,
        "area": 2225,
        "mean_ndmi": -0.09,
        "mean_ndvi": 0.11
      },
      "geometry": {
        "type": "Polygon",
        "coordinates": [
          [
            [
              -105.07846285588775,
              30.82598467669878
            ],
            [
              -105.07837302435934,
              30.826074508227194
            ],
            [
              -105.0781035297741,
              30.826074508227194
            ],
            [
              -105.07801369824568,
              30.826164339755607
            ],
            [
              -105.07792386671727,
              30.826164339755607
            ],
            [
              -105.07783403518886,
              30.82625417128402
            ],
            [
              -105.07774420366044,
              30.82625417128402
            ],
            [
              -105.07765437213203,
              30.826344002812434
            ],
            [
              -105.07702555143314,
              30.826344002812434
            ],
            [
              -105.07693571990472,
              30.826433834340847
            ],
            [
              -105.07684588837631,
              30.826433834340847
            ],
            [
              -105.07684588837631,
              30.826344002812434
            ],
            [
              -105.07693571990472,
              30.82625417128402
            ],
            [
              -105.0774747090752,
              30.82625417128402
            ],
            [
              -105.07756454060362,
              30.826164339755607
            ],
            [
              -105.07765437213203,
              30.826164339755607
            ],
            [
              -105.07774420366044,
              30.826074508227194
            ],
            [
              -105.07783403518886,
              30.826074508227194
            ],
            [
              -105.07792386671727,
              30.82598467669878
            ],
            [
              -105.07828319283092,
              30.82598467669878
            ],
            [
              -105.07837302435934,
              30.825894845170367
            ],
            [
              -105.07846285588775,
              30.825894845170367
            ],
            [
              -105.07846285588775,
              30.82598467669878
            ]
          ]
        ]
      }
    },
    {
      "type": "Feature",
      "properties": {
        "label": "dhf_low",
        "range": [
          0,
          0.35
        ],
        "group_id": 520,
        "area": 855,
        "mean_ndmi": 0.0,
        "mean_ndvi": 0.11
      },
      "geometry": {
        "type": "Polygon",
        "coordinates": [
          [
            [
              -105.0781035297741,
              30.837393280807262
            ],
            [
              -105.07792386671727,
              30.83757294386409
            ],
            [
              -105.07792386671727,
              30.837662775392502
            ],
            [
              -105.07783403518886,
              30.837752606920915
            ],
            [
              -105.07783403518886,
              30.83784243844933
            ],
            [
              -105.07774420366044,
              30.83784243844933
            ],
            [
              -105.07774420366044,
              30.83757294386409
            ],
            [
              -105.07801369824568,
              30.83730344927885
            ],
            [
              -105.0781035297741,
              30.83730344927885
            ],
            [
              -105.0781035297741,
              30.837393280807262
            ]
          ]
        ]
      }
    },
    {
      "type": "Feature",
      "properties": {
        "label": "dhf_low",
        "range": [
          0,
          0.35
        ],
        "group_id": 523,
        "area": 1027,
        "mean_ndmi": -0.1,
        "mean_ndvi": 0.1
      },
      "geometry": {
        "type": "Polygon",
        "coordinates": [
          [
            [
              -105.07774420366044,
              30.82319989931797
            ],
            [
              -105.07765437213203,
              30.823289730846383
            ],
            [
              -105.07765437213203,
              30.823379562374797
            ],
            [
              -105.07756454060362,
              30.823379562374797
            ],
            [
              -105.0774747090752,
              30.82346939390321
            ],
            [
              -105.0774747090752,
              30.823559225431623
            ],
            [
              -105.07738487754679,
              30.823649056960036
            ],
            [
              -105.07738487754679,
              30.82373888848845
            ],
            [
              -105.07729504601838,
              30.82373888848845
            ],
            [
              -105.07729504601838,
              30.823649056960036
            ],
            [
              -105.07738487754679,
              30.823559225431623
            ],
            [
              -105.07738487754679,
              30.823289730846383
            ],
            [
              -105.0774747090752,
              30.82319989931797
            ],
            [
              -105.07756454060362,
              30.82319989931797
            ],
            [
              -105.07765437213203,
              30.823110067789557
            ],
            [
              -105.07774420366044,
              30.823110067789557
            ],
            [
              -105.07774420366044,
              30.82319989931797
            ]
          ]
        ]
      }
    },
    {
      "type": "Feature",
      "properties": {
        "label": "dhf_low",
        "range": [
          0,
          0.35
        ],
        "group_id": 524,
        "area": 2611,
        "mean_ndmi": -0.1,
        "mean_ndvi": 0.11
      },
      "geometry": {
        "type": "Polygon",
        "coordinates": [
          [
            [
              -105.07774420366044,
              30.813138768135687
            ],
            [
              -105.0774747090752,
              30.813138768135687
            ],
            [
              -105.07738487754679,
              30.813048936607274
            ],
            [
              -105.07738487754679,
              30.81295910507886
            ],
            [
              -105.07729504601838,
              30.812869273550447
            ],
            [
              -105.07729504601838,
              30.812779442022034
            ],
            [
              -105.07720521448996,
              30.81268961049362
            ],
            [
              -105.07720521448996,
              30.812599778965208
            ],
            [
              -105.07711538296155,
              30.812509947436794
            ],
            [
              -105.07711538296155,
              30.81242011590838
            ],
            [
              -105.07702555143314,
              30.812330284379968
            ],
            [
              -105.07702555143314,
              30.811342137567422
            ],
            [
              -105.07711538296155,
              30.811342137567422
            ],
            [
              -105.07711538296155,
              30.81215062132314
            ],
            [
              -105.07720521448996,
              30.812240452851555
            ],
            [
              -105.07720521448996,
              30.812330284379968
            ],
            [
              -105.07729504601838,
              30.81242011590838
            ],
            [
              -105.07729504601838,
              30.812599778965208
            ],
            [
              -105.07738487754679,
              30.81268961049362
            ],
            [
              -105.07738487754679,
              30.812779442022034
            ],
            [
              -105.07765437213203,
              30.813048936607274
            ],
            [
              -105.07774420366044,
              30.813048936607274
            ],
            [
              -105.07774420366044,
              30.813138768135687
            ]
          ]
        ]
      }
    },
    {
      "type": "Feature",
      "properties": {
        "label": "dhf_low",
        "range": [
          0,
          0.35
        ],
        "group_id": 527,
        "area": 1240,
        "mean_ndmi": -0.01,
        "mean_ndvi": 0.13
      },
      "geometry": {
        "type": "Polygon",
        "coordinates": [
          [
            [
              -105.07738487754679,
              30.839998395131246
            ],
            [
              -105.07720521448996,
              30.839998395131246
            ],
            [
              -105.07711538296155,
              30.84008822665966
            ],
            [
              -105.07711538296155,
              30.840178058188073
            ],
            [
              -105.07693571990472,
              30.840178058188073
            ],
            [
              -105.0767560568479,
              30.8403577212449
            ],
            [
              -105.07657639379107,
              30.8403577212449
            ],
            [
              -105.07657639379107,
              30.840267889716486
            ],
            [
              -105.07666622531949,
              30.840178058188073
            ],
            [
              -105.0767560568479,
              30.840178058188073
            ],
            [
              -105.07684588837631,
              30.84008822665966
            ],
            [
              -105.07693571990472,
              30.84008822665966
            ],
            [
              -105.07711538296155,
              30.839908563602833
            ],
            [
              -105.07738487754679,
              30.839908563602833
            ],
            [
              -105.07738487754679,
              30.839998395131246
            ]
          ]
        ]
      }
    },
    {
      "type": "Feature",
      "properties": {
        "label": "dhf_low",
        "range": [
          0,
          0.35
        ],
        "group_id": 528,
        "area": 1626,
        "mean_ndmi": -0.06,
        "mean_ndvi": 0.11
      },
      "geometry": {
        "type": "Polygon",
        "coordinates": [
          [
            [
              -105.07738487754679,
              30.83263220980136
            ],
            [
              -105.07729504601838,
              30.83263220980136
            ],
            [
              -105.07720521448996,
              30.832722041329774
            ],
            [
              -105.07711538296155,
              30.832722041329774
            ],
            [
              -105.0767560568479,
              30.833081367443427
            ],
            [
              -105.0767560568479,
              30.83317119897184
            ],
            [
              -105.07666622531949,
              30.833261030500253
            ],
            [
              -105.07648656226266,
              30.833261030500253
            ],
            [
              -105.07648656226266,
              30.83317119897184
            ],
            [
              -105.0767560568479,
              30.8329017043866
            ],
            [
              -105.0767560568479,
              30.832811872858187
            ],
            [
              -105.07684588837631,
              30.832722041329774
            ],
            [
              -105.07693571990472,
              30.832722041329774
            ],
            [
              -105.07702555143314,
              30.83263220980136
            ],
            [
              -105.07720521448996,
              30.83263220980136
            ],
            [
              -105.07729504601838,
              30.832542378272947
            ],
            [
              -105.07738487754679,
              30.832542378272947
            ],
            [
              -105.07738487754679,
              30.83263220980136
            ]
          ]
        ]
      }
    },
    {
      "type": "Feature",
      "properties": {
        "label": "dhf_low",
        "range": [
          0,
          0.35
        ],
        "group_id": 530,
        "area": 1455,
        "mean_ndmi": -0.01,
        "mean_ndvi": 0.1
      },
      "geometry": {
        "type": "Polygon",
        "coordinates": [
          [
            [
              -105.07729504601838,
              30.836584797051543
            ],
            [
              -105.07720521448996,
              30.836674628579956
            ],
            [
              -105.07711538296155,
              30.836674628579956
            ],
            [
              -105.07702555143314,
              30.83676446010837
            ],
            [
              -105.07684588837631,
              30.83676446010837
            ],
            [
              -105.07666622531949,
              30.836944123165196
            ],
            [
              -105.07648656226266,
              30.836944123165196
            ],
            [
              -105.07648656226266,
              30.836854291636783
            ],
            [
              -105.07666622531949,
              30.836674628579956
            ],
            [
              -105.07684588837631,
              30.836674628579956
            ],
            [
              -105.07693571990472,
              30.836584797051543
            ],
            [
              -105.07702555143314,
              30.836584797051543
            ],
            [
              -105.07711538296155,
              30.83649496552313
            ],
            [
              -105.07729504601838,
              30.83649496552313
            ],
            [
              -105.07729504601838,
              30.836584797051543
            ]
          ]
        ]
      }
    },
    {
      "type": "Feature",
      "properties": {
        "label": "dhf_low",
        "range": [
          0,
          0.35
        ],
        "group_id": 531,
        "area": 599,
        "mean_ndmi": -0.1,
        "mean_ndvi": 0.12
      },
      "geometry": {
        "type": "Polygon",
        "coordinates": [
          [
            [
              -105.07729504601838,
              30.832183052159294
            ],
            [
              -105.07720521448996,
              30.832183052159294
            ],
            [
              -105.07711538296155,
              30.83209322063088
            ],
            [
              -105.0767560568479,
              30.83209322063088
            ],
            [
              -105.0767560568479,
              30.832003389102468
            ],
            [
              -105.07720521448996,
              30.832003389102468
            ],
            [
              -105.07729504601838,
              30.83209322063088
            ],
            [
              -105.07729504601838,
              30.832183052159294
            ]
          ]
        ]
      }
    },
    {
      "type": "Feature",
      "properties": {
        "label": "dhf_low",
        "range": [
          0,
          0.35
        ],
        "group_id": 532,
        "area": 1070,
        "mean_ndmi": -0.05,
        "mean_ndvi": 0.12
      },
      "geometry": {
        "type": "Polygon",
        "coordinates": [
          [
            [
              -105.07729504601838,
              30.82095411110764
            ],
            [
              -105.07720521448996,
              30.82095411110764
            ],
            [
              -105.07720521448996,
              30.820864279579226
            ],
            [
              -105.07684588837631,
              30.820504953465573
            ],
            [
              -105.07684588837631,
              30.82041512193716
            ],
            [
              -105.07693571990472,
              30.82041512193716
            ],
            [
              -105.07702555143314,
              30.820504953465573
            ],
            [
              -105.07711538296155,
              30.820504953465573
            ],
            [
              -105.07729504601838,
              30.8206846165224
            ],
            [
              -105.07729504601838,
              30.82095411110764
            ]
          ]
        ]
      }
    },
    {
      "type": "Feature",
      "properties": {
        "label": "dhf_low",
        "range": [
          0,
          0.35
        ],
        "group_id": 536,
        "area": 855,
        "mean_ndmi": -0.0,
        "mean_ndvi": 0.13
      },
      "geometry": {
        "type": "Polygon",
        "coordinates": [
          [
            [
              -105.07693571990472,
              30.839100079847114
            ],
            [
              -105.0767560568479,
              30.839100079847114
            ],
            [
              -105.07666622531949,
              30.8390102483187
            ],
            [
              -105.076127236149,
              30.8390102483187
            ],
            [
              -105.076127236149,
              30.838920416790288
            ],
            [
              -105.0767560568479,
              30.838920416790288
            ],
            [
              -105.07684588837631,
              30.8390102483187
            ],
            [
              -105.07693571990472,
              30.8390102483187
            ],
            [
              -105.07693571990472,
              30.839100079847114
            ]
          ]
        ]
      }
    },
    {
      "type": "Feature",
      "properties": {
        "label": "dhf_low",
        "range": [
          0,
          0.35
        ],
        "group_id": 537,
        "area": 3809,
        "mean_ndmi": -0.1,
        "mean_ndvi": 0.11
      },
      "geometry": {
        "type": "Polygon",
        "coordinates": [
          [
            [
              -105.07684588837631,
              30.81349809424934
            ],
            [
              -105.07603740462059,
              30.81349809424934
            ],
            [
              -105.07603740462059,
              30.81295910507886
            ],
            [
              -105.076127236149,
              30.812869273550447
            ],
            [
              -105.076127236149,
              30.812599778965208
            ],
            [
              -105.07603740462059,
              30.812509947436794
            ],
            [
              -105.07603740462059,
              30.812240452851555
            ],
            [
              -105.07594757309218,
              30.81215062132314
            ],
            [
              -105.07594757309218,
              30.81179129520949
            ],
            [
              -105.07603740462059,
              30.811701463681075
            ],
            [
              -105.07603740462059,
              30.81152180062425
            ],
            [
              -105.07621706767742,
              30.811342137567422
            ],
            [
              -105.07621706767742,
              30.811072642982182
            ],
            [
              -105.07630689920583,
              30.81098281145377
            ],
            [
              -105.07639673073425,
              30.81098281145377
            ],
            [
              -105.07639673073425,
              30.811072642982182
            ],
            [
              -105.07630689920583,
              30.811162474510596
            ],
            [
              -105.07630689920583,
              30.811431969095835
            ],
            [
              -105.07621706767742,
              30.81152180062425
            ],
            [
              -105.07621706767742,
              30.811611632152662
            ],
            [
              -105.076127236149,
              30.811701463681075
            ],
            [
              -105.076127236149,
              30.81179129520949
            ],
            [
              -105.07603740462059,
              30.8118811267379
            ],
            [
              -105.07603740462059,
              30.812060789794728
            ],
            [
              -105.076127236149,
              30.81215062132314
            ],
            [
              -105.076127236149,
              30.81242011590838
            ],
            [
              -105.07621706767742,
              30.812509947436794
            ],
            [
              -105.07621706767742,
              30.81295910507886
            ],
            [
              -105.076127236149,
              30.813048936607274
            ],
            [
              -105.076127236149,
              30.813318431192513
            ],
            [
              -105.07621706767742,
              30.813408262720927
            ],
            [
              -105.07684588837631,
              30.813408262720927
            ],
            [
              -105.07684588837631,
              30.81349809424934
            ]
          ]
        ]
      }
    },
    {
      "type": "Feature",
      "properties": {
        "label": "dhf_low",
        "range": [
          0,
          0.35
        ],
        "group_id": 538,
        "area": 770,
        "mean_ndmi": -0.08,
        "mean_ndvi": 0.12
      },
      "geometry": {
        "type": "Polygon",
        "coordinates": [
          [
            [
              -105.0767560568479,
              30.820235458880333
            ],
            [
              -105.07648656226266,
              30.820235458880333
            ],
            [
              -105.07630689920583,
              30.820055795823507
            ],
            [
              -105.07621706767742,
              30.820055795823507
            ],
            [
              -105.07621706767742,
              30.819965964295093
            ],
            [
              -105.07639673073425,
              30.819965964295093
            ],
            [
              -105.07648656226266,
              30.820055795823507
            ],
            [
              -105.07657639379107,
              30.820055795823507
            ],
            [
              -105.07666622531949,
              30.82014562735192
            ],
            [
              -105.0767560568479,
              30.82014562735192
            ],
            [
              -105.0767560568479,
              30.820235458880333
            ]
          ]
        ]
      }
    },
    {
      "type": "Feature",
      "properties": {
        "label": "dhf_low",
        "range": [
          0,
          0.35
        ],
        "group_id": 544,
        "area": 2610,
        "mean_ndmi": -0.07,
        "mean_ndvi": 0.11
      },
      "geometry": {
        "type": "Polygon",
        "coordinates": [
          [
            [
              -105.07630689920583,
              30.82706265503974
            ],
            [
              -105.07621706767742,
              30.827152486568153
            ],
            [
              -105.07621706767742,
              30.827242318096566
            ],
            [
              -105.07594757309218,
              30.827511812681806
            ],
            [
              -105.07594757309218,
              30.82760164421022
            ],
            [
              -105.07585774156377,
              30.827691475738632
            ],
            [
              -105.07567807850694,
              30.827691475738632
            ],
            [
              -105.07549841545011,
              30.82787113879546
            ],
            [
              -105.0754085839217,
              30.82787113879546
            ],
            [
              -105.07531875239329,
              30.827960970323872
            ],
            [
              -105.07522892086487,
              30.827960970323872
            ],
            [
              -105.07513908933646,
              30.828050801852285
            ],
            [
              -105.07495942627963,
              30.828050801852285
            ],
            [
              -105.07495942627963,
              30.827960970323872
            ],
            [
              -105.07504925780805,
              30.82787113879546
            ],
            [
              -105.07522892086487,
              30.82787113879546
            ],
            [
              -105.0754085839217,
              30.827691475738632
            ],
            [
              -105.07549841545011,
              30.827691475738632
            ],
            [
              -105.07567807850694,
              30.827511812681806
            ],
            [
              -105.07576791003535,
              30.827511812681806
            ],
            [
              -105.076127236149,
              30.827152486568153
            ],
            [
              -105.076127236149,
              30.82706265503974
            ],
            [
              -105.07621706767742,
              30.826972823511326
            ],
            [
              -105.07630689920583,
              30.826972823511326
            ],
            [
              -105.07630689920583,
              30.82706265503974
            ]
          ]
        ]
      }
    },
    {
      "type": "Feature",
      "properties": {
        "label": "dhf_low",
        "range": [
          0,
          0.35
        ],
        "group_id": 546,
        "area": 1070,
        "mean_ndmi": -0.1,
        "mean_ndvi": 0.1
      },
      "geometry": {
        "type": "Polygon",
        "coordinates": [
          [
            [
              -105.07594757309218,
              30.813857420362993
            ],
            [
              -105.07576791003535,
              30.81403708341982
            ],
            [
              -105.07576791003535,
              30.814126914948233
            ],
            [
              -105.07549841545011,
              30.814396409533472
            ],
            [
              -105.07549841545011,
              30.814486241061886
            ],
            [
              -105.0754085839217,
              30.814486241061886
            ],
            [
              -105.0754085839217,
              30.81430657800506
            ],
            [
              -105.07549841545011,
              30.814216746476646
            ],
            [
              -105.07549841545011,
              30.814126914948233
            ],
            [
              -105.07558824697853,
              30.814126914948233
            ],
            [
              -105.07576791003535,
              30.813947251891406
            ],
            [
              -105.07576791003535,
              30.813857420362993
            ],
            [
              -105.07585774156377,
              30.81376758883458
            ],
            [
              -105.07594757309218,
              30.81376758883458
            ],
            [
              -105.07594757309218,
              30.813857420362993
            ]
          ]
        ]
      }
    },
    {
      "type": "Feature",
      "properties": {
        "label": "dhf_low",
        "range": [
          0,
          0.35
        ],
        "group_id": 547,
        "area": 2097,
        "mean_ndmi": -0.09,
        "mean_ndvi": 0.11
      },
      "geometry": {
        "type": "Polygon",
        "coordinates": [
          [
            [
              -105.07585774156377,
              30.826433834340847
            ],
            [
              -105.07576791003535,
              30.82652366586926
            ],
            [
              -105.07558824697853,
              30.82652366586926
            ],
            [
              -105.07549841545011,
              30.826613497397673
            ],
            [
              -105.0754085839217,
              30.826613497397673
            ],
            [
              -105.07531875239329,
              30.826703328926087
            ],
            [
              -105.07522892086487,
              30.826703328926087
            ],
            [
              -105.07486959475122,
              30.82706265503974
            ],
            [
              -105.07486959475122,
              30.827152486568153
            ],
            [
              -105.0747797632228,
              30.827242318096566
            ],
            [
              -105.0747797632228,
              30.82733214962498
            ],
            [
              -105.0746899316944,
              30.82733214962498
            ],
            [
              -105.0746899316944,
              30.82706265503974
            ],
            [
              -105.07486959475122,
              30.826882991982913
            ],
            [
              -105.07486959475122,
              30.8267931604545
            ],
            [
              -105.07495942627963,
              30.826703328926087
            ],
            [
              -105.07504925780805,
              30.826703328926087
            ],
            [
              -105.07513908933646,
              30.826613497397673
            ],
            [
              -105.07522892086487,
              30.826613497397673
            ],
            [
              -105.07531875239329,
              30.82652366586926
            ],
            [
              -105.07549841545011,
              30.82652366586926
            ],
            [
              -105.07558824697853,
              30.826433834340847
            ],
            [
              -105.07567807850694,
              30.826433834340847
            ],
            [
              -105.07576791003535,
              30.826344002812434
            ],
            [
              -105.07585774156377,
              30.826344002812434
            ],
            [
              -105.07585774156377,
              30.826433834340847
            ]
          ]
        ]
      }
    },
    {
      "type": "Feature",
      "properties": {
        "label": "dhf_low",
        "range": [
          0,
          0.35
        ],
        "group_id": 548,
        "area": 1155,
        "mean_ndmi": -0.1,
        "mean_ndvi": 0.11
      },
      "geometry": {
        "type": "Polygon",
        "coordinates": [
          [
            [
              -105.07576791003535,
              30.833800019670733
            ],
            [
              -105.07567807850694,
              30.833800019670733
            ],
            [
              -105.07549841545011,
              30.83397968272756
            ],
            [
              -105.07522892086487,
              30.83397968272756
            ],
            [
              -105.07513908933646,
              30.834069514255972
            ],
            [
              -105.07513908933646,
              30.834159345784386
            ],
            [
              -105.07486959475122,
              30.834159345784386
            ],
            [
              -105.07486959475122,
              30.834069514255972
            ],
            [
              -105.07495942627963,
              30.834069514255972
            ],
            [
              -105.07513908933646,
              30.833889851199146
            ],
            [
              -105.0754085839217,
              30.833889851199146
            ],
            [
              -105.07549841545011,
              30.833800019670733
            ],
            [
              -105.07558824697853,
              30.833800019670733
            ],
            [
              -105.07567807850694,
              30.83371018814232
            ],
            [
              -105.07576791003535,
              30.83371018814232
            ],
            [
              -105.07576791003535,
              30.833800019670733
            ]
          ]
        ]
      }
    },
    {
      "type": "Feature",
      "properties": {
        "label": "dhf_low",
        "range": [
          0,
          0.35
        ],
        "group_id": 551,
        "area": 1198,
        "mean_ndmi": -0.1,
        "mean_ndvi": 0.1
      },
      "geometry": {
        "type": "Polygon",
        "coordinates": [
          [
            [
              -105.0754085839217,
              30.814935398703952
            ],
            [
              -105.07531875239329,
              30.815025230232365
            ],
            [
              -105.07531875239329,
              30.81511506176078
            ],
            [
              -105.07522892086487,
              30.81520489328919
            ],
            [
              -105.07522892086487,
              30.815384556346018
            ],
            [
              -105.07513908933646,
              30.81547438787443
            ],
            [
              -105.07513908933646,
              30.815564219402845
            ],
            [
              -105.07504925780805,
              30.815564219402845
            ],
            [
              -105.07504925780805,
              30.815294724817605
            ],
            [
              -105.07513908933646,
              30.81520489328919
            ],
            [
              -105.07513908933646,
              30.81511506176078
            ],
            [
              -105.07522892086487,
              30.815025230232365
            ],
            [
              -105.07522892086487,
              30.81484556717554
            ],
            [
              -105.07531875239329,
              30.814755735647125
            ],
            [
              -105.0754085839217,
              30.814755735647125
            ],
            [
              -105.0754085839217,
              30.814935398703952
            ]
          ]
        ]
      }
    },
    {
      "type": "Feature",
      "properties": {
        "label": "dhf_low",
        "range": [
          0,
          0.35
        ],
        "group_id": 553,
        "area": 856,
        "mean_ndmi": -0.08,
        "mean_ndvi": 0.1
      },
      "geometry": {
        "type": "Polygon",
        "coordinates": [
          [
            [
              -105.0747797632228,
              30.817181186914283
            ],
            [
              -105.0746899316944,
              30.817271018442696
            ],
            [
              -105.0746899316944,
              30.81736084997111
            ],
            [
              -105.07460010016598,
              30.817450681499523
            ],
            [
              -105.07451026863757,
              30.817450681499523
            ],
            [
              -105.07451026863757,
              30.817271018442696
            ],
            [
              -105.0746899316944,
              30.81709135538587
            ],
            [
              -105.0746899316944,
              30.81682186080063
            ],
            [
              -105.0747797632228,
              30.81682186080063
            ],
            [
              -105.0747797632228,
              30.817181186914283
            ]
          ]
        ]
      }
    },
    {
      "type": "Feature",
      "properties": {
        "label": "dhf_low",
        "range": [
          0,
          0.35
        ],
        "group_id": 554,
        "area": 16306,
        "mean_ndmi": -0.11,
        "mean_ndvi": 0.12
      },
      "geometry": {
        "type": "Polygon",
        "coordinates": [
          [
            [
              -105.07451026863757,
              30.832811872858187
            ],
            [
              -105.07433060558074,
              30.832811872858187
            ],
            [
              -105.07424077405233,
              30.832722041329774
            ],
            [
              -105.07424077405233,
              30.83263220980136
            ],
            [
              -105.0740611109955,
              30.832452546744534
            ],
            [
              -105.07397127946709,
              30.832452546744534
            ],
            [
              -105.07379161641026,
              30.832272883687708
            ],
            [
              -105.07370178488185,
              30.832272883687708
            ],
            [
              -105.07343229029661,
              30.832003389102468
            ],
            [
              -105.07343229029661,
              30.831374568403575
            ],
            [
              -105.07352212182502,
              30.831284736875162
            ],
            [
              -105.07352212182502,
              30.831105073818335
            ],
            [
              -105.07343229029661,
              30.831015242289922
            ],
            [
              -105.07343229029661,
              30.830835579233096
            ],
            [
              -105.0733424587682,
              30.830745747704682
            ],
            [
              -105.0733424587682,
              30.830566084647856
            ],
            [
              -105.07325262723978,
              30.830476253119443
            ],
            [
              -105.07325262723978,
              30.83038642159103
            ],
            [
              -105.07307296418296,
              30.830206758534203
            ],
            [
              -105.07307296418296,
              30.830027095477377
            ],
            [
              -105.07298313265454,
              30.829937263948963
            ],
            [
              -105.07298313265454,
              30.829757600892137
            ],
            [
              -105.07289330112613,
              30.829667769363724
            ],
            [
              -105.07289330112613,
              30.82957793783531
            ],
            [
              -105.07280346959772,
              30.829488106306897
            ],
            [
              -105.0727136380693,
              30.829488106306897
            ],
            [
              -105.07262380654089,
              30.829398274778484
            ],
            [
              -105.07253397501248,
              30.829398274778484
            ],
            [
              -105.07244414348406,
              30.82930844325007
            ],
            [
              -105.07235431195565,
              30.82930844325007
            ],
            [
              -105.07226448042724,
              30.829218611721657
            ],
            [
              -105.07217464889882,
              30.829218611721657
            ],
            [
              -105.07208481737041,
              30.829128780193244
            ],
            [
              -105.071994985842,
              30.829128780193244
            ],
            [
              -105.07181532278517,
              30.828949117136418
            ],
            [
              -105.07181532278517,
              30.828859285608004
            ],
            [
              -105.07172549125676,
              30.82876945407959
            ],
            [
              -105.07172549125676,
              30.8281406333807
            ],
            [
              -105.07154582819993,
              30.827960970323872
            ],
            [
              -105.07145599667152,
              30.827960970323872
            ],
            [
              -105.07118650208628,
              30.827691475738632
            ],
            [
              -105.07118650208628,
              30.82706265503974
            ],
            [
              -105.07109667055786,
              30.826972823511326
            ],
            [
              -105.07109667055786,
              30.826882991982913
            ],
            [
              -105.07091700750104,
              30.826703328926087
            ],
            [
              -105.07082717597262,
              30.826703328926087
            ],
            [
              -105.0706475129158,
              30.82652366586926
            ],
            [
              -105.07055768138738,
              30.82652366586926
            ],
            [
              -105.07046784985897,
              30.826433834340847
            ],
            [
              -105.07046784985897,
              30.826344002812434
            ],
            [
              -105.07037801833056,
              30.82625417128402
            ],
            [
              -105.07037801833056,
              30.826164339755607
            ],
            [
              -105.07028818680214,
              30.826074508227194
            ],
            [
              -105.07028818680214,
              30.8254456875283
            ],
            [
              -105.07100683902945,
              30.8254456875283
            ],
            [
              -105.07118650208628,
              30.825266024471475
            ],
            [
              -105.07118650208628,
              30.824637203772582
            ],
            [
              -105.07127633361469,
              30.82454737224417
            ],
            [
              -105.0713661651431,
              30.82454737224417
            ],
            [
              -105.07145599667152,
              30.824457540715755
            ],
            [
              -105.07154582819993,
              30.824457540715755
            ],
            [
              -105.07172549125676,
              30.82427787765893
            ],
            [
              -105.07172549125676,
              30.823918551545276
            ],
            [
              -105.07181532278517,
              30.823918551545276
            ],
            [
              -105.07181532278517,
              30.824457540715755
            ],
            [
              -105.07172549125676,
              30.82454737224417
            ],
            [
              -105.07154582819993,
              30.82454737224417
            ],
            [
              -105.07145599667152,
              30.824637203772582
            ],
            [
              -105.0713661651431,
              30.824637203772582
            ],
            [
              -105.07127633361469,
              30.824727035300995
            ],
            [
              -105.07127633361469,
              30.8254456875283
            ],
            [
              -105.07118650208628,
              30.825535519056714
            ],
            [
              -105.07046784985897,
              30.825535519056714
            ],
            [
              -105.07037801833056,
              30.825625350585128
            ],
            [
              -105.07037801833056,
              30.82598467669878
            ],
            [
              -105.07046784985897,
              30.826074508227194
            ],
            [
              -105.07046784985897,
              30.82625417128402
            ],
            [
              -105.07055768138738,
              30.826344002812434
            ],
            [
              -105.0706475129158,
              30.826344002812434
            ],
            [
              -105.07073734444421,
              30.826433834340847
            ],
            [
              -105.07082717597262,
              30.826433834340847
            ],
            [
              -105.07127633361469,
              30.826882991982913
            ],
            [
              -105.07127633361469,
              30.826972823511326
            ],
            [
              -105.0713661651431,
              30.82706265503974
            ],
            [
              -105.0713661651431,
              30.827242318096566
            ],
            [
              -105.07127633361469,
              30.82733214962498
            ],
            [
              -105.07127633361469,
              30.82760164421022
            ],
            [
              -105.07145599667152,
              30.827781307267045
            ],
            [
              -105.07154582819993,
              30.827781307267045
            ],
            [
              -105.07163565972834,
              30.82787113879546
            ],
            [
              -105.07172549125676,
              30.82787113879546
            ],
            [
              -105.07172549125676,
              30.827960970323872
            ],
            [
              -105.07190515431358,
              30.8281406333807
            ],
            [
              -105.07190515431358,
              30.82823046490911
            ],
            [
              -105.07181532278517,
              30.828320296437525
            ],
            [
              -105.07181532278517,
              30.828589791022765
            ],
            [
              -105.07190515431358,
              30.828679622551178
            ],
            [
              -105.07190515431358,
              30.82876945407959
            ],
            [
              -105.07217464889882,
              30.82903894866483
            ],
            [
              -105.07226448042724,
              30.82903894866483
            ],
            [
              -105.07235431195565,
              30.829128780193244
            ],
            [
              -105.07244414348406,
              30.829128780193244
            ],
            [
              -105.07253397501248,
              30.829218611721657
            ],
            [
              -105.07262380654089,
              30.829218611721657
            ],
            [
              -105.0727136380693,
              30.82930844325007
            ],
            [
              -105.07280346959772,
              30.82930844325007
            ],
            [
              -105.07289330112613,
              30.829398274778484
            ],
            [
              -105.07298313265454,
              30.829398274778484
            ],
            [
              -105.07298313265454,
              30.829488106306897
            ],
            [
              -105.07307296418296,
              30.82957793783531
            ],
            [
              -105.07307296418296,
              30.829937263948963
            ],
            [
              -105.07325262723978,
              30.83011692700579
            ],
            [
              -105.07325262723978,
              30.830206758534203
            ],
            [
              -105.07343229029661,
              30.83038642159103
            ],
            [
              -105.07343229029661,
              30.83065591617627
            ],
            [
              -105.07352212182502,
              30.830745747704682
            ],
            [
              -105.07352212182502,
              30.83092541076151
            ],
            [
              -105.07361195335343,
              30.831015242289922
            ],
            [
              -105.07361195335343,
              30.831374568403575
            ],
            [
              -105.07352212182502,
              30.83146439993199
            ],
            [
              -105.07352212182502,
              30.831913557574055
            ],
            [
              -105.07361195335343,
              30.832003389102468
            ],
            [
              -105.07370178488185,
              30.832003389102468
            ],
            [
              -105.07397127946709,
              30.832272883687708
            ],
            [
              -105.0740611109955,
              30.832272883687708
            ],
            [
              -105.07451026863757,
              30.832722041329774
            ],
            [
              -105.07451026863757,
              30.832811872858187
            ]
          ]
        ]
      }
    },
    {
      "type": "Feature",
      "properties": {
        "label": "dhf_low",
        "range": [
          0,
          0.35
        ],
        "group_id": 557,
        "area": 2738,
        "mean_ndmi": -0.1,
        "mean_ndvi": 0.1
      },
      "geometry": {
        "type": "Polygon",
        "coordinates": [
          [
            [
              -105.07424077405233,
              30.833081367443427
            ],
            [
              -105.0740611109955,
              30.833261030500253
            ],
            [
              -105.07361195335343,
              30.833261030500253
            ],
            [
              -105.07343229029661,
              30.833081367443427
            ],
            [
              -105.0733424587682,
              30.833081367443427
            ],
            [
              -105.07280346959772,
              30.833620356613906
            ],
            [
              -105.07280346959772,
              30.83371018814232
            ],
            [
              -105.0727136380693,
              30.83371018814232
            ],
            [
              -105.0727136380693,
              30.83344069355708
            ],
            [
              -105.07280346959772,
              30.833350862028666
            ],
            [
              -105.07289330112613,
              30.833350862028666
            ],
            [
              -105.07298313265454,
              30.833261030500253
            ],
            [
              -105.07298313265454,
              30.83317119897184
            ],
            [
              -105.07307296418296,
              30.833081367443427
            ],
            [
              -105.07316279571137,
              30.833081367443427
            ],
            [
              -105.07325262723978,
              30.832991535915014
            ],
            [
              -105.07343229029661,
              30.832991535915014
            ],
            [
              -105.07352212182502,
              30.833081367443427
            ],
            [
              -105.07361195335343,
              30.833081367443427
            ],
            [
              -105.07370178488185,
              30.83317119897184
            ],
            [
              -105.07388144793867,
              30.83317119897184
            ],
            [
              -105.0740611109955,
              30.832991535915014
            ],
            [
              -105.07424077405233,
              30.832991535915014
            ],
            [
              -105.07424077405233,
              30.833081367443427
            ]
          ]
        ]
      }
    },
    {
      "type": "Feature",
      "properties": {
        "label": "dhf_low",
        "range": [
          0,
          0.35
        ],
        "group_id": 559,
        "area": 1412,
        "mean_ndmi": -0.1,
        "mean_ndvi": 0.1
      },
      "geometry": {
        "type": "Polygon",
        "coordinates": [
          [
            [
              -105.07397127946709,
              30.81574388245967
            ],
            [
              -105.07379161641026,
              30.81574388245967
            ],
            [
              -105.07361195335343,
              30.815923545516497
            ],
            [
              -105.07361195335343,
              30.81601337704491
            ],
            [
              -105.07352212182502,
              30.816103208573324
            ],
            [
              -105.07352212182502,
              30.81655236621539
            ],
            [
              -105.07343229029661,
              30.81655236621539
            ],
            [
              -105.07343229029661,
              30.815923545516497
            ],
            [
              -105.07352212182502,
              30.815833713988084
            ],
            [
              -105.07352212182502,
              30.81574388245967
            ],
            [
              -105.07361195335343,
              30.81574388245967
            ],
            [
              -105.07370178488185,
              30.815654050931258
            ],
            [
              -105.07397127946709,
              30.815654050931258
            ],
            [
              -105.07397127946709,
              30.81574388245967
            ]
          ]
        ]
      }
    },
    {
      "type": "Feature",
      "properties": {
        "label": "dhf_low",
        "range": [
          0,
          0.35
        ],
        "group_id": 561,
        "area": 641,
        "mean_ndmi": -0.12,
        "mean_ndvi": 0.1
      },
      "geometry": {
        "type": "Polygon",
        "coordinates": [
          [
            [
              -105.07379161641026,
              30.834339008841212
            ],
            [
              -105.07370178488185,
              30.834428840369625
            ],
            [
              -105.07352212182502,
              30.834428840369625
            ],
            [
              -105.07352212182502,
              30.834339008841212
            ],
            [
              -105.07370178488185,
              30.834159345784386
            ],
            [
              -105.07370178488185,
              30.834069514255972
            ],
            [
              -105.07379161641026,
              30.834069514255972
            ],
            [
              -105.07379161641026,
              30.834339008841212
            ]
          ]
        ]
      }
    },
    {
      "type": "Feature",
      "properties": {
        "label": "dhf_low",
        "range": [
          0,
          0.35
        ],
        "group_id": 563,
        "area": 1112,
        "mean_ndmi": -0.1,
        "mean_ndvi": 0.11
      },
      "geometry": {
        "type": "Polygon",
        "coordinates": [
          [
            [
              -105.07361195335343,
              30.82176259486336
            ],
            [
              -105.07325262723978,
              30.82176259486336
            ],
            [
              -105.07316279571137,
              30.82185242639177
            ],
            [
              -105.07289330112613,
              30.82185242639177
            ],
            [
              -105.07280346959772,
              30.821942257920185
            ],
            [
              -105.07262380654089,
              30.821942257920185
            ],
            [
              -105.07262380654089,
              30.82185242639177
            ],
            [
              -105.0727136380693,
              30.82185242639177
            ],
            [
              -105.07280346959772,
              30.82176259486336
            ],
            [
              -105.07307296418296,
              30.82176259486336
            ],
            [
              -105.07316279571137,
              30.821672763334945
            ],
            [
              -105.07361195335343,
              30.821672763334945
            ],
            [
              -105.07361195335343,
              30.82176259486336
            ]
          ]
        ]
      }
    },
    {
      "type": "Feature",
      "properties": {
        "label": "dhf_low",
        "range": [
          0,
          0.35
        ],
        "group_id": 564,
        "area": 1583,
        "mean_ndmi": -0.11,
        "mean_ndvi": 0.1
      },
      "geometry": {
        "type": "Polygon",
        "coordinates": [
          [
            [
              -105.0733424587682,
              30.834428840369625
            ],
            [
              -105.07325262723978,
              30.834428840369625
            ],
            [
              -105.07316279571137,
              30.83451867189804
            ],
            [
              -105.07298313265454,
              30.83451867189804
            ],
            [
              -105.07289330112613,
              30.834608503426452
            ],
            [
              -105.07289330112613,
              30.834698334954865
            ],
            [
              -105.0727136380693,
              30.83487799801169
            ],
            [
              -105.0727136380693,
              30.835237324125345
            ],
            [
              -105.07262380654089,
              30.835237324125345
            ],
            [
              -105.07262380654089,
              30.834967829540105
            ],
            [
              -105.07253397501248,
              30.83487799801169
            ],
            [
              -105.07253397501248,
              30.83478816648328
            ],
            [
              -105.07262380654089,
              30.83478816648328
            ],
            [
              -105.0727136380693,
              30.834698334954865
            ],
            [
              -105.0727136380693,
              30.834608503426452
            ],
            [
              -105.07280346959772,
              30.834608503426452
            ],
            [
              -105.07289330112613,
              30.83451867189804
            ],
            [
              -105.07289330112613,
              30.834339008841212
            ],
            [
              -105.07298313265454,
              30.834339008841212
            ],
            [
              -105.07307296418296,
              30.834428840369625
            ],
            [
              -105.07316279571137,
              30.834428840369625
            ],
            [
              -105.07325262723978,
              30.834339008841212
            ],
            [
              -105.0733424587682,
              30.834339008841212
            ],
            [
              -105.0733424587682,
              30.834428840369625
            ]
          ]
        ]
      }
    },
    {
      "type": "Feature",
      "properties": {
        "label": "dhf_low",
        "range": [
          0,
          0.35
        ],
        "group_id": 567,
        "area": 4109,
        "mean_ndmi": -0.1,
        "mean_ndvi": 0.11
      },
      "geometry": {
        "type": "Polygon",
        "coordinates": [
          [
            [
              -105.07325262723978,
              30.810084496169637
            ],
            [
              -105.07298313265454,
              30.810353990754876
            ],
            [
              -105.07298313265454,
              30.81044382228329
            ],
            [
              -105.07280346959772,
              30.810623485340116
            ],
            [
              -105.07253397501248,
              30.810623485340116
            ],
            [
              -105.07244414348406,
              30.81071331686853
            ],
            [
              -105.07244414348406,
              30.810803148396943
            ],
            [
              -105.07208481737041,
              30.811162474510596
            ],
            [
              -105.07154582819993,
              30.811162474510596
            ],
            [
              -105.0713661651431,
              30.81098281145377
            ],
            [
              -105.07118650208628,
              30.81098281145377
            ],
            [
              -105.07118650208628,
              30.810892979925356
            ],
            [
              -105.07127633361469,
              30.810803148396943
            ],
            [
              -105.0713661651431,
              30.810803148396943
            ],
            [
              -105.07154582819993,
              30.81098281145377
            ],
            [
              -105.07172549125676,
              30.81098281145377
            ],
            [
              -105.07181532278517,
              30.811072642982182
            ],
            [
              -105.07190515431358,
              30.811072642982182
            ],
            [
              -105.07235431195565,
              30.810623485340116
            ],
            [
              -105.07244414348406,
              30.810623485340116
            ],
            [
              -105.07253397501248,
              30.810533653811703
            ],
            [
              -105.07262380654089,
              30.810533653811703
            ],
            [
              -105.07316279571137,
              30.809994664641223
            ],
            [
              -105.07316279571137,
              30.80990483311281
            ],
            [
              -105.07325262723978,
              30.80990483311281
            ],
            [
              -105.07325262723978,
              30.810084496169637
            ]
          ]
        ]
      }
    },
    {
      "type": "Feature",
      "properties": {
        "label": "dhf_low",
        "range": [
          0,
          0.35
        ],
        "group_id": 572,
        "area": 898,
        "mean_ndmi": -0.1,
        "mean_ndvi": 0.1
      },
      "geometry": {
        "type": "Polygon",
        "coordinates": [
          [
            [
              -105.07280346959772,
              30.81709135538587
            ],
            [
              -105.07253397501248,
              30.81709135538587
            ],
            [
              -105.07235431195565,
              30.816911692329043
            ],
            [
              -105.07235431195565,
              30.816732029272217
            ],
            [
              -105.07244414348406,
              30.816732029272217
            ],
            [
              -105.0727136380693,
              30.817001523857456
            ],
            [
              -105.07280346959772,
              30.817001523857456
            ],
            [
              -105.07280346959772,
              30.81709135538587
            ]
          ]
        ]
      }
    },
    {
      "type": "Feature",
      "properties": {
        "label": "dhf_low",
        "range": [
          0,
          0.35
        ],
        "group_id": 574,
        "area": 5221,
        "mean_ndmi": -0.11,
        "mean_ndvi": 0.11
      },
      "geometry": {
        "type": "Polygon",
        "coordinates": [
          [
            [
              -105.07253397501248,
              30.83397968272756
            ],
            [
              -105.07235431195565,
              30.834159345784386
            ],
            [
              -105.07235431195565,
              30.8342491773128
            ],
            [
              -105.07226448042724,
              30.834339008841212
            ],
            [
              -105.07217464889882,
              30.834339008841212
            ],
            [
              -105.07208481737041,
              30.834428840369625
            ],
            [
              -105.07181532278517,
              30.834428840369625
            ],
            [
              -105.07163565972834,
              30.8342491773128
            ],
            [
              -105.07154582819993,
              30.8342491773128
            ],
            [
              -105.07145599667152,
              30.834159345784386
            ],
            [
              -105.0713661651431,
              30.834159345784386
            ],
            [
              -105.07127633361469,
              30.8342491773128
            ],
            [
              -105.07109667055786,
              30.8342491773128
            ],
            [
              -105.07100683902945,
              30.834339008841212
            ],
            [
              -105.07091700750104,
              30.834339008841212
            ],
            [
              -105.0706475129158,
              30.834608503426452
            ],
            [
              -105.07055768138738,
              30.834608503426452
            ],
            [
              -105.07046784985897,
              30.834698334954865
            ],
            [
              -105.07037801833056,
              30.834698334954865
            ],
            [
              -105.07019835527373,
              30.83487799801169
            ],
            [
              -105.07019835527373,
              30.834967829540105
            ],
            [
              -105.06992886068849,
              30.835237324125345
            ],
            [
              -105.06983902916008,
              30.835237324125345
            ],
            [
              -105.06974919763167,
              30.835327155653758
            ],
            [
              -105.06965936610325,
              30.835327155653758
            ],
            [
              -105.06965936610325,
              30.83514749259693
            ],
            [
              -105.06974919763167,
              30.83514749259693
            ],
            [
              -105.07028818680214,
              30.834608503426452
            ],
            [
              -105.07037801833056,
              30.834608503426452
            ],
            [
              -105.07073734444421,
              30.8342491773128
            ],
            [
              -105.07082717597262,
              30.8342491773128
            ],
            [
              -105.07091700750104,
              30.834159345784386
            ],
            [
              -105.07118650208628,
              30.834159345784386
            ],
            [
              -105.07127633361469,
              30.834069514255972
            ],
            [
              -105.07154582819993,
              30.834069514255972
            ],
            [
              -105.07163565972834,
              30.834159345784386
            ],
            [
              -105.07172549125676,
              30.834159345784386
            ],
            [
              -105.07181532278517,
              30.8342491773128
            ],
            [
              -105.07190515431358,
              30.8342491773128
            ],
            [
              -105.071994985842,
              30.834339008841212
            ],
            [
              -105.07208481737041,
              30.8342491773128
            ],
            [
              -105.07217464889882,
              30.8342491773128
            ],
            [
              -105.07235431195565,
              30.834069514255972
            ],
            [
              -105.07235431195565,
              30.83397968272756
            ],
            [
              -105.07244414348406,
              30.833889851199146
            ],
            [
              -105.07253397501248,
              30.833889851199146
            ],
            [
              -105.07253397501248,
              30.83397968272756
            ]
          ]
        ]
      }
    },
    {
      "type": "Feature",
      "properties": {
        "label": "dhf_low",
        "range": [
          0,
          0.35
        ],
        "group_id": 576,
        "area": 770,
        "mean_ndmi": -0.1,
        "mean_ndvi": 0.11
      },
      "geometry": {
        "type": "Polygon",
        "coordinates": [
          [
            [
              -105.07244414348406,
              30.822032089448598
            ],
            [
              -105.07190515431358,
              30.822032089448598
            ],
            [
              -105.07181532278517,
              30.82212192097701
            ],
            [
              -105.07172549125676,
              30.82212192097701
            ],
            [
              -105.07172549125676,
              30.822032089448598
            ],
            [
              -105.07181532278517,
              30.821942257920185
            ],
            [
              -105.07244414348406,
              30.821942257920185
            ],
            [
              -105.07244414348406,
              30.822032089448598
            ]
          ]
        ]
      }
    },
    {
      "type": "Feature",
      "properties": {
        "label": "dhf_low",
        "range": [
          0,
          0.35
        ],
        "group_id": 577,
        "area": 2353,
        "mean_ndmi": -0.09,
        "mean_ndvi": 0.12
      },
      "geometry": {
        "type": "Polygon",
        "coordinates": [
          [
            [
              -105.07208481737041,
              30.834967829540105
            ],
            [
              -105.071994985842,
              30.834967829540105
            ],
            [
              -105.07181532278517,
              30.83514749259693
            ],
            [
              -105.07145599667152,
              30.83514749259693
            ],
            [
              -105.0713661651431,
              30.835237324125345
            ],
            [
              -105.07127633361469,
              30.835237324125345
            ],
            [
              -105.07109667055786,
              30.83541698718217
            ],
            [
              -105.07109667055786,
              30.835506818710584
            ],
            [
              -105.07100683902945,
              30.835596650238998
            ],
            [
              -105.07100683902945,
              30.83622547093789
            ],
            [
              -105.07091700750104,
              30.83622547093789
            ],
            [
              -105.07091700750104,
              30.835596650238998
            ],
            [
              -105.07100683902945,
              30.835506818710584
            ],
            [
              -105.07100683902945,
              30.835327155653758
            ],
            [
              -105.07109667055786,
              30.835237324125345
            ],
            [
              -105.07118650208628,
              30.835237324125345
            ],
            [
              -105.07127633361469,
              30.83514749259693
            ],
            [
              -105.0713661651431,
              30.83514749259693
            ],
            [
              -105.07145599667152,
              30.835057661068518
            ],
            [
              -105.07163565972834,
              30.835057661068518
            ],
            [
              -105.07172549125676,
              30.834967829540105
            ],
            [
              -105.07181532278517,
              30.834967829540105
            ],
            [
              -105.071994985842,
              30.83478816648328
            ],
            [
              -105.071994985842,
              30.834698334954865
            ],
            [
              -105.07208481737041,
              30.834698334954865
            ],
            [
              -105.07208481737041,
              30.834967829540105
            ]
          ]
        ]
      }
    },
    {
      "type": "Feature",
      "properties": {
        "label": "dhf_low",
        "range": [
          0,
          0.35
        ],
        "group_id": 582,
        "area": 813,
        "mean_ndmi": -0.1,
        "mean_ndvi": 0.12
      },
      "geometry": {
        "type": "Polygon",
        "coordinates": [
          [
            [
              -105.07145599667152,
              30.82149310027812
            ],
            [
              -105.07127633361469,
              30.82149310027812
            ],
            [
              -105.07109667055786,
              30.821313437221292
            ],
            [
              -105.07109667055786,
              30.821133774164466
            ],
            [
              -105.07118650208628,
              30.821133774164466
            ],
            [
              -105.07145599667152,
              30.821403268749705
            ],
            [
              -105.07145599667152,
              30.82149310027812
            ]
          ]
        ]
      }
    },
    {
      "type": "Feature",
      "properties": {
        "label": "dhf_low",
        "range": [
          0,
          0.35
        ],
        "group_id": 585,
        "area": 684,
        "mean_ndmi": -0.1,
        "mean_ndvi": 0.11
      },
      "geometry": {
        "type": "Polygon",
        "coordinates": [
          [
            [
              -105.07118650208628,
              30.822481247090664
            ],
            [
              -105.07082717597262,
              30.822481247090664
            ],
            [
              -105.07073734444421,
              30.822571078619077
            ],
            [
              -105.07055768138738,
              30.822571078619077
            ],
            [
              -105.07055768138738,
              30.822481247090664
            ],
            [
              -105.0706475129158,
              30.822481247090664
            ],
            [
              -105.07073734444421,
              30.82239141556225
            ],
            [
              -105.07118650208628,
              30.82239141556225
            ],
            [
              -105.07118650208628,
              30.822481247090664
            ]
          ]
        ]
      }
    },
    {
      "type": "Feature",
      "properties": {
        "label": "dhf_low",
        "range": [
          0,
          0.35
        ],
        "group_id": 587,
        "area": 2525,
        "mean_ndmi": -0.06,
        "mean_ndvi": 0.14
      },
      "geometry": {
        "type": "Polygon",
        "coordinates": [
          [
            [
              -105.07109667055786,
              30.810353990754876
            ],
            [
              -105.07100683902945,
              30.810353990754876
            ],
            [
              -105.07091700750104,
              30.81044382228329
            ],
            [
              -105.07091700750104,
              30.810533653811703
            ],
            [
              -105.07073734444421,
              30.81071331686853
            ],
            [
              -105.07055768138738,
              30.81071331686853
            ],
            [
              -105.07046784985897,
              30.810803148396943
            ],
            [
              -105.07028818680214,
              30.810803148396943
            ],
            [
              -105.06992886068849,
              30.811162474510596
            ],
            [
              -105.06983902916008,
              30.811162474510596
            ],
            [
              -105.06974919763167,
              30.81125230603901
            ],
            [
              -105.06965936610325,
              30.81125230603901
            ],
            [
              -105.06965936610325,
              30.811072642982182
            ],
            [
              -105.06974919763167,
              30.811072642982182
            ],
            [
              -105.0700186922169,
              30.810803148396943
            ],
            [
              -105.07010852374532,
              30.810803148396943
            ],
            [
              -105.07019835527373,
              30.81071331686853
            ],
            [
              -105.07028818680214,
              30.81071331686853
            ],
            [
              -105.07037801833056,
              30.810623485340116
            ],
            [
              -105.07055768138738,
              30.810623485340116
            ],
            [
              -105.07073734444421,
              30.81044382228329
            ],
            [
              -105.07091700750104,
              30.81044382228329
            ],
            [
              -105.07100683902945,
              30.810353990754876
            ],
            [
              -105.07100683902945,
              30.810264159226463
            ],
            [
              -105.07109667055786,
              30.810264159226463
            ],
            [
              -105.07109667055786,
              30.810353990754876
            ]
          ]
        ]
      }
    },
    {
      "type": "Feature",
      "properties": {
        "label": "dhf_low",
        "range": [
          0,
          0.35
        ],
        "group_id": 589,
        "area": 1069,
        "mean_ndmi": -0.12,
        "mean_ndvi": 0.1
      },
      "geometry": {
        "type": "Polygon",
        "coordinates": [
          [
            [
              -105.07100683902945,
              30.831105073818335
            ],
            [
              -105.07091700750104,
              30.83119490534675
            ],
            [
              -105.07091700750104,
              30.83146439993199
            ],
            [
              -105.07082717597262,
              30.8315542314604
            ],
            [
              -105.07082717597262,
              30.831644062988815
            ],
            [
              -105.07073734444421,
              30.831733894517228
            ],
            [
              -105.07055768138738,
              30.831733894517228
            ],
            [
              -105.07055768138738,
              30.831644062988815
            ],
            [
              -105.07082717597262,
              30.831374568403575
            ],
            [
              -105.07082717597262,
              30.83119490534675
            ],
            [
              -105.07091700750104,
              30.831105073818335
            ],
            [
              -105.07091700750104,
              30.831015242289922
            ],
            [
              -105.07100683902945,
              30.831015242289922
            ],
            [
              -105.07100683902945,
              30.831105073818335
            ]
          ]
        ]
      }
    },
    {
      "type": "Feature",
      "properties": {
        "label": "dhf_low",
        "range": [
          0,
          0.35
        ],
        "group_id": 590,
        "area": 1369,
        "mean_ndmi": -0.09,
        "mean_ndvi": 0.11
      },
      "geometry": {
        "type": "Polygon",
        "coordinates": [
          [
            [
              -105.07073734444421,
              30.81484556717554
            ],
            [
              -105.0706475129158,
              30.81484556717554
            ],
            [
              -105.07055768138738,
              30.814755735647125
            ],
            [
              -105.07055768138738,
              30.81376758883458
            ],
            [
              -105.07046784985897,
              30.813677757306166
            ],
            [
              -105.07046784985897,
              30.81349809424934
            ],
            [
              -105.07055768138738,
              30.81349809424934
            ],
            [
              -105.07055768138738,
              30.813677757306166
            ],
            [
              -105.0706475129158,
              30.81376758883458
            ],
            [
              -105.0706475129158,
              30.814665904118712
            ],
            [
              -105.07073734444421,
              30.814755735647125
            ],
            [
              -105.07073734444421,
              30.81484556717554
            ]
          ]
        ]
      }
    },
    {
      "type": "Feature",
      "properties": {
        "label": "dhf_low",
        "range": [
          0,
          0.35
        ],
        "group_id": 593,
        "area": 1027,
        "mean_ndmi": -0.2,
        "mean_ndvi": 0.1
      },
      "geometry": {
        "type": "Polygon",
        "coordinates": [
          [
            [
              -105.07028818680214,
              30.829757600892137
            ],
            [
              -105.07010852374532,
              30.829757600892137
            ],
            [
              -105.0700186922169,
              30.829667769363724
            ],
            [
              -105.06992886068849,
              30.829667769363724
            ],
            [
              -105.06983902916008,
              30.82957793783531
            ],
            [
              -105.06974919763167,
              30.82957793783531
            ],
            [
              -105.06974919763167,
              30.829488106306897
            ],
            [
              -105.06965936610325,
              30.829398274778484
            ],
            [
              -105.06965936610325,
              30.829218611721657
            ],
            [
              -105.06974919763167,
              30.829218611721657
            ],
            [
              -105.06974919763167,
              30.829398274778484
            ],
            [
              -105.06983902916008,
              30.829488106306897
            ],
            [
              -105.0700186922169,
              30.829488106306897
            ],
            [
              -105.07019835527373,
              30.829667769363724
            ],
            [
              -105.07028818680214,
              30.829667769363724
            ],
            [
              -105.07028818680214,
              30.829757600892137
            ]
          ]
        ]
      }
    },
    {
      "type": "Feature",
      "properties": {
        "label": "dhf_low",
        "range": [
          0,
          0.35
        ],
        "group_id": 599,
        "area": 856,
        "mean_ndmi": -0.09,
        "mean_ndvi": 0.12
      },
      "geometry": {
        "type": "Polygon",
        "coordinates": [
          [
            [
              -105.06983902916008,
              30.814486241061886
            ],
            [
              -105.06974919763167,
              30.8145760725903
            ],
            [
              -105.06965936610325,
              30.8145760725903
            ],
            [
              -105.06965936610325,
              30.814396409533472
            ],
            [
              -105.06974919763167,
              30.81430657800506
            ],
            [
              -105.06974919763167,
              30.814126914948233
            ],
            [
              -105.06965936610325,
              30.81403708341982
            ],
            [
              -105.06965936610325,
              30.813947251891406
            ],
            [
              -105.06974919763167,
              30.813947251891406
            ],
            [
              -105.06983902916008,
              30.81403708341982
            ],
            [
              -105.06983902916008,
              30.814486241061886
            ]
          ]
        ]
      }
    }
  ]
}